Locality,Property_Type,Area_sqft,Bedrooms,Bathrooms,Balconies,Floor,Total_Floors,Property_Age,Furnished,Parking,Lift,Power_Backup,Security,Gym,Swimming_Pool,Distance_Metro_km,Distance_School_km,Distance_Hospital_km,Facing,Water_Supply,Latitude,Longitude,Price_Lakhs
Maheshwaram,Apartment,964,2,2,2,4,4,2,Fully Furnished,1,Yes,Yes,Yes,Yes,Yes,7.83,0.5,2.39,South-East,24x7,17.475143,78.533099,33.35
Rajendra Nagar,Independent House,631,1,2,1,2,9,6,Semi-Furnished,0,Yes,No,Yes,No,No,9.25,6.51,7.43,West,12 Hours,17.316204,78.417899,31.54
Karmanghat,Independent House,1570,3,3,0,2,2,7,Semi-Furnished,0,Yes,Yes,No,No,No,9.72,3.11,4.02,South,Limited,17.458235,78.506923,72.08
Patancheru,Apartment,1223,2,2,0,12,15,8,Fully Furnished,2,Yes,No,Yes,Yes,Yes,12.17,3.39,1.13,North-West,24x7,17.289117,78.580682,43.36
Ramanthapur,Villa,1346,3,3,1,8,8,17,Semi-Furnished,2,No,No,No,Yes,Yes,7.89,1.0,0.95,West,24x7,17.327468,78.423065,76.28
Kothaguda,Apartment,1594,3,4,3,8,17,17,Unfurnished,2,Yes,No,No,Yes,No,6.8,3.79,9.56,North-East,Limited,17.345848,78.491651,114.76
LB Nagar,Villa,1177,2,2,0,12,12,5,Fully Furnished,2,Yes,No,No,Yes,Yes,13.97,7.07,8.4,North-East,24x7,17.343246,78.509071,66.12
Alwal,Builder Floor,1098,2,1,2,1,5,21,Semi-Furnished,2,Yes,No,No,Yes,Yes,10.84,3.37,6.88,North-West,12 Hours,17.343429,78.459972,53.23
Safilguda,Apartment,560,1,1,0,0,1,22,Fully Furnished,0,Yes,Yes,Yes,No,Yes,7.96,2.44,5.11,North,Limited,17.442035,78.426635,22.0
Badangpet,Apartment,1058,2,2,0,3,4,11,Semi-Furnished,1,No,Yes,Yes,Yes,No,11.06,6.46,1.54,South,24x7,17.403483,78.39599,45.1
Safilguda,Apartment,977,2,1,1,3,18,1,Fully Furnished,2,Yes,Yes,Yes,Yes,No,7.54,1.95,4.31,East,24x7,17.319105,78.39971,48.31
Banjara Hills,Apartment,1665,3,3,3,15,18,4,Unfurnished,1,Yes,Yes,Yes,No,Yes,1.23,3.97,9.23,North,24x7,17.478126,78.548379,228.72
Madinaguda,Apartment,1440,3,4,0,7,19,18,Fully Furnished,0,Yes,No,No,No,Yes,10.21,2.72,3.02,North,Limited,17.304534,78.523547,67.92
Begumpet,Apartment,1274,3,2,3,18,20,3,Unfurnished,2,Yes,No,Yes,No,Yes,13.25,3.15,2.0,North-East,Limited,17.309408,78.485735,108.25
Vanasthalipuram,Apartment,1879,3,2,1,1,9,3,Fully Furnished,2,Yes,No,No,Yes,No,3.45,5.18,3.01,South-West,12 Hours,17.466864,78.438456,77.19
Manikonda,Apartment,851,2,2,0,2,9,23,Semi-Furnished,2,No,Yes,Yes,Yes,Yes,8.41,6.73,6.03,North,12 Hours,17.347342,78.490714,51.34
Ameerpet,Villa,1240,3,3,1,1,8,11,Fully Furnished,1,Yes,Yes,Yes,Yes,No,0.86,5.97,3.66,South-East,Limited,17.321971,78.580617,93.94
Kothaguda,Independent House,869,2,3,0,7,7,11,Semi-Furnished,0,Yes,Yes,Yes,No,No,4.54,0.83,7.85,North-West,Limited,17.4729,78.565665,75.97
Uppal,Builder Floor,1228,3,2,2,4,6,8,Unfurnished,0,No,No,No,No,Yes,6.09,4.74,2.92,South-East,24x7,17.469375,78.404399,70.73
Hayathnagar,Apartment,719,1,1,0,8,10,9,Fully Furnished,1,No,No,No,Yes,Yes,6.6,7.54,6.93,North,Limited,17.294045,78.451766,25.18
Begumpet,Apartment,696,1,1,1,19,19,20,Semi-Furnished,1,No,No,Yes,No,Yes,10.05,2.49,6.81,North-West,24x7,17.33927,78.552448,53.52
Isnapur,Apartment,862,2,1,0,2,16,14,Semi-Furnished,2,Yes,No,No,No,Yes,2.64,5.59,8.98,West,12 Hours,17.341187,78.495239,29.23
Chandanagar,Apartment,677,1,1,1,3,5,21,Fully Furnished,2,No,No,No,No,Yes,11.28,3.95,2.96,South,Limited,17.445439,78.40161,35.82
Kothapet,Apartment,889,2,2,0,5,9,10,Fully Furnished,0,Yes,Yes,Yes,No,Yes,10.74,0.79,4.37,South-West,12 Hours,17.439449,78.426443,54.17
Bachupally,Apartment,1220,3,4,3,1,1,9,Semi-Furnished,1,Yes,No,Yes,No,No,7.54,3.29,6.85,South-East,Limited,17.448092,78.528071,54.35
Tellapur,Apartment,2306,4,3,0,2,14,14,Unfurnished,0,No,No,No,Yes,No,5.24,6.16,4.1,South-East,12 Hours,17.439254,78.401509,136.92
Boduppal,Independent House,729,1,1,0,0,2,7,Unfurnished,0,Yes,Yes,Yes,No,Yes,8.68,1.98,7.14,North-West,24x7,17.308174,78.559321,28.21
Kismatpur,Apartment,1518,3,2,0,9,10,21,Semi-Furnished,1,Yes,Yes,Yes,Yes,No,12.83,4.92,1.65,East,12 Hours,17.35118,78.399412,80.36
Nacharam,Apartment,1549,3,2,3,3,16,13,Semi-Furnished,2,No,Yes,No,Yes,No,9.43,7.38,7.86,South-West,12 Hours,17.350037,78.532621,79.62
Kapra,Villa,1288,3,3,3,7,8,18,Fully Furnished,2,No,No,Yes,No,No,3.14,1.93,8.08,North-West,12 Hours,17.462443,78.481143,67.52
Malkajgiri,Apartment,1787,4,4,3,7,16,22,Semi-Furnished,2,No,No,Yes,Yes,No,3.71,5.63,3.41,North-West,12 Hours,17.427649,78.538857,81.37
Vanasthalipuram,Apartment,1538,3,3,3,4,9,8,Unfurnished,0,Yes,No,Yes,Yes,Yes,3.64,4.03,7.38,North-East,24x7,17.439193,78.485459,75.02
Quthbullapur,Apartment,1212,2,2,1,0,2,17,Semi-Furnished,2,Yes,No,Yes,Yes,No,7.31,3.69,2.25,East,12 Hours,17.370508,78.391784,50.37
Khajaguda,Apartment,1790,3,2,1,4,5,9,Unfurnished,0,Yes,No,Yes,No,No,13.67,2.59,6.09,South-East,12 Hours,17.291286,78.513982,127.51
Adibatla,Apartment,1412,3,3,2,1,3,7,Unfurnished,2,Yes,Yes,Yes,No,No,10.5,3.92,0.81,North-East,Limited,17.386714,78.568213,43.11
Nagole,Apartment,2506,4,4,3,4,4,7,Fully Furnished,0,No,Yes,Yes,Yes,Yes,11.99,4.88,8.33,North-East,12 Hours,17.367077,78.53781,121.17
Pocharam,Apartment,989,2,3,1,0,3,13,Fully Furnished,1,No,Yes,Yes,Yes,Yes,14.99,5.48,3.06,East,24x7,17.300396,78.44465,50.01
Kothapet,Apartment,1149,2,3,2,2,16,15,Semi-Furnished,1,No,No,Yes,Yes,No,6.47,4.12,6.79,South-East,Limited,17.47094,78.548324,60.08
Nagole,Apartment,1245,2,3,2,1,1,13,Unfurnished,0,No,No,No,Yes,Yes,4.37,1.31,3.24,South-West,24x7,17.459292,78.547434,57.2
Tukkuguda,Independent House,1518,3,2,3,1,3,3,Semi-Furnished,0,Yes,No,No,No,No,12.6,7.85,2.82,North,12 Hours,17.463512,78.494568,68.21
Bandlaguda Jagir,Independent House,885,2,2,1,8,11,8,Unfurnished,1,No,No,Yes,No,No,5.5,4.55,5.66,South-West,12 Hours,17.464218,78.450301,48.22
Alwal,Apartment,1620,3,2,2,12,16,12,Fully Furnished,2,Yes,No,Yes,Yes,No,13.11,7.03,4.68,South-West,24x7,17.330587,78.472122,84.08
Habsiguda,Builder Floor,685,1,1,1,2,3,21,Fully Furnished,1,No,No,Yes,Yes,Yes,9.65,7.39,9.98,West,12 Hours,17.457146,78.38809,41.0
Maheshwaram,Apartment,1229,3,2,2,1,2,11,Semi-Furnished,1,Yes,Yes,No,Yes,Yes,3.04,4.99,4.13,South,12 Hours,17.368482,78.431122,37.38
Kollur,Apartment,980,2,1,1,10,10,17,Unfurnished,0,No,No,No,No,No,7.12,2.63,9.99,South-West,24x7,17.352523,78.575282,38.64
Tolichowki,Apartment,1208,2,2,0,4,13,0,Fully Furnished,2,Yes,No,No,Yes,No,3.68,1.76,2.88,North,Limited,17.388758,78.527304,71.32
Tukkuguda,Apartment,1234,3,3,1,2,3,10,Fully Furnished,1,Yes,Yes,Yes,No,No,12.54,2.28,8.33,South-West,12 Hours,17.479356,78.579189,54.04
Khajaguda,Builder Floor,965,2,3,2,1,12,25,Semi-Furnished,0,No,Yes,No,No,No,8.98,6.63,9.43,West,Limited,17.38445,78.446876,57.29
Boduppal,Apartment,2035,4,4,0,9,15,20,Semi-Furnished,0,Yes,Yes,Yes,No,No,2.18,2.11,5.61,South-East,12 Hours,17.292377,78.508613,66.7
Bollaram,Builder Floor,1230,2,2,1,3,4,19,Semi-Furnished,1,Yes,No,Yes,No,No,14.28,6.89,1.44,North-West,Limited,17.295296,78.442429,51.16
Nampally,Apartment,912,2,3,0,0,7,1,Semi-Furnished,0,Yes,Yes,Yes,Yes,Yes,12.29,2.09,7.86,East,12 Hours,17.332912,78.415679,47.71
Tellapur,Apartment,1188,2,1,0,1,1,25,Unfurnished,2,No,Yes,Yes,No,Yes,2.34,3.54,1.58,West,12 Hours,17.48213,78.435111,67.34
Masab Tank,Apartment,963,2,1,2,9,17,14,Fully Furnished,0,Yes,No,No,No,Yes,7.61,7.3,1.2,West,12 Hours,17.437324,78.434228,64.22
Kollur,Apartment,1799,3,3,3,16,20,9,Semi-Furnished,2,No,Yes,Yes,Yes,No,7.05,2.06,3.72,South-West,12 Hours,17.358557,78.513161,77.14
Narsingi,Apartment,1583,3,3,3,0,3,2,Unfurnished,1,Yes,No,Yes,Yes,No,10.22,3.46,8.8,South-East,Limited,17.392155,78.404758,98.23
Bandlaguda Jagir,Apartment,1417,3,3,3,1,8,11,Fully Furnished,1,Yes,No,Yes,No,Yes,9.33,5.37,7.09,East,24x7,17.349156,78.424004,72.13
Ameerpet,Apartment,623,1,2,0,5,5,20,Unfurnished,0,Yes,No,No,No,No,2.78,2.7,3.58,West,24x7,17.403179,78.522213,40.6
Kothaguda,Apartment,1478,3,4,3,14,16,13,Semi-Furnished,0,Yes,No,No,Yes,No,10.33,4.87,5.51,North-East,24x7,17.387419,78.431999,111.83
Lakdikapul,Apartment,958,2,2,1,5,10,3,Unfurnished,1,No,Yes,Yes,No,Yes,7.75,6.72,8.16,West,12 Hours,17.319873,78.524888,67.47
Mallapur,Apartment,710,1,2,1,4,14,3,Semi-Furnished,0,No,Yes,No,No,Yes,6.83,1.12,4.64,South-East,Limited,17.472346,78.414204,28.37
Lakdikapul,Apartment,1020,2,2,0,3,17,16,Fully Furnished,0,No,No,Yes,Yes,Yes,2.62,1.82,6.22,West,24x7,17.307695,78.571639,75.11
Ramanthapur,Independent House,1659,3,3,2,3,5,2,Semi-Furnished,1,No,No,Yes,No,Yes,5.0,3.78,1.04,North-East,24x7,17.336588,78.518697,100.42
Manikonda,Apartment,1147,2,1,1,6,19,10,Fully Furnished,1,Yes,Yes,No,Yes,No,14.74,0.95,6.64,East,24x7,17.39604,78.49263,79.94
Vanasthalipuram,Apartment,994,2,3,1,10,11,19,Unfurnished,2,No,Yes,No,Yes,No,4.62,5.87,6.74,North,12 Hours,17.303621,78.566143,45.26
Balapur,Villa,1185,2,3,0,2,20,9,Fully Furnished,1,No,Yes,Yes,No,No,0.76,2.68,9.54,North-West,12 Hours,17.41162,78.454506,50.09
Osman Nagar,Apartment,1303,3,2,2,4,20,19,Semi-Furnished,0,Yes,Yes,Yes,No,Yes,6.46,5.51,2.76,South-West,Limited,17.430191,78.566122,56.95
Safilguda,Apartment,1264,2,3,0,10,12,18,Semi-Furnished,1,No,No,No,Yes,Yes,12.12,1.37,2.88,South-West,12 Hours,17.440975,78.515106,55.67
Puppalaguda,Independent House,1491,3,2,1,7,9,16,Unfurnished,1,Yes,Yes,No,No,Yes,6.52,3.35,4.05,South-East,24x7,17.317326,78.566411,104.03
Kompally,Apartment,1215,2,2,0,0,5,9,Semi-Furnished,2,Yes,No,No,Yes,Yes,0.78,1.96,1.92,South-East,24x7,17.286839,78.406994,61.99
Begumpet,Apartment,1256,2,3,0,3,4,19,Fully Furnished,0,Yes,Yes,No,No,Yes,9.41,2.15,4.46,West,Limited,17.286012,78.418862,83.89
Kokapet,Apartment,1719,3,2,3,1,16,20,Semi-Furnished,1,No,Yes,No,Yes,No,4.0,5.36,1.48,North-West,24x7,17.423379,78.517092,142.42
Saroornagar,Independent House,1248,2,3,2,5,16,25,Unfurnished,0,No,Yes,No,Yes,Yes,11.97,7.12,3.5,North-East,Limited,17.427436,78.43415,55.57
Saroornagar,Apartment,1395,3,3,2,2,2,10,Semi-Furnished,0,No,No,No,No,No,5.42,1.74,7.07,North-West,Limited,17.434298,78.516627,65.89
Kondapur,Apartment,1384,3,3,2,0,4,10,Fully Furnished,1,No,No,No,Yes,No,5.6,0.63,8.77,North-West,Limited,17.416523,78.500362,117.54
Maheshwaram,Apartment,1572,3,3,0,4,5,21,Semi-Furnished,0,Yes,Yes,Yes,No,No,6.05,4.67,6.25,South-West,12 Hours,17.358543,78.43974,40.41
Neredmet,Apartment,1607,3,3,2,1,8,0,Fully Furnished,0,No,No,Yes,No,No,10.71,1.95,6.31,South-West,24x7,17.479602,78.46532,70.41
Osman Nagar,Apartment,2155,4,3,2,11,12,2,Fully Furnished,2,No,No,Yes,Yes,No,7.88,1.23,2.41,North,24x7,17.411228,78.545662,114.68
Hitech City,Apartment,1261,2,2,2,0,3,9,Semi-Furnished,2,No,No,No,Yes,Yes,14.6,5.25,4.77,North-West,24x7,17.400381,78.485204,130.16
Rajendra Nagar,Independent House,1107,2,1,0,4,17,9,Unfurnished,0,No,Yes,No,No,Yes,4.13,5.19,5.73,North,Limited,17.42949,78.442854,47.91
Shamshabad,Apartment,1806,3,3,1,19,20,10,Fully Furnished,0,Yes,Yes,Yes,No,Yes,11.62,3.51,6.57,South-West,Limited,17.414094,78.422122,79.47
Quthbullapur,Builder Floor,1615,3,3,3,0,3,5,Semi-Furnished,1,No,No,Yes,No,Yes,5.03,5.83,7.47,North-West,12 Hours,17.475786,78.569673,91.43
Mehdipatnam,Apartment,1088,2,1,1,7,15,4,Unfurnished,0,No,No,No,Yes,Yes,12.3,7.49,7.35,South,24x7,17.288091,78.572364,66.68
Dilsukhnagar,Apartment,861,2,1,1,14,17,7,Unfurnished,2,No,Yes,Yes,No,No,9.16,6.79,6.89,North-East,Limited,17.478331,78.579424,45.55
Puppalaguda,Apartment,1037,2,3,1,1,2,1,Fully Furnished,2,Yes,No,No,Yes,No,7.81,6.19,3.16,West,24x7,17.34389,78.46372,75.9
Lakdikapul,Independent House,1037,2,2,0,16,20,12,Fully Furnished,0,Yes,Yes,Yes,No,No,8.03,1.45,8.98,North,12 Hours,17.348384,78.420599,72.9
Punjagutta,Apartment,1506,3,3,3,9,19,15,Unfurnished,1,No,Yes,No,No,Yes,9.16,2.34,6.73,South,Limited,17.472231,78.525906,99.67
Balapur,Apartment,1834,3,4,1,0,8,18,Fully Furnished,0,Yes,Yes,No,No,No,2.7,5.62,4.4,South-West,Limited,17.304435,78.509701,69.54
Osman Nagar,Apartment,1189,2,3,2,5,13,5,Semi-Furnished,2,No,No,No,No,Yes,14.38,2.45,3.34,North-East,12 Hours,17.313017,78.490366,72.12
Ghatkesar,Apartment,1480,3,3,0,17,19,12,Semi-Furnished,1,Yes,No,Yes,No,Yes,5.52,3.71,2.94,South-West,24x7,17.433154,78.526103,56.86
Hayathnagar,Builder Floor,1340,3,2,1,0,8,21,Fully Furnished,0,Yes,Yes,Yes,No,No,10.9,1.07,7.82,East,Limited,17.356898,78.445418,48.98
Habsiguda,Builder Floor,2188,4,4,2,4,11,20,Unfurnished,0,Yes,Yes,Yes,No,Yes,14.04,0.58,8.44,South-West,24x7,17.447023,78.560114,130.48
Madhapur,Apartment,1543,3,3,3,16,18,15,Unfurnished,2,No,No,Yes,Yes,No,2.86,3.83,2.94,North,24x7,17.387268,78.487003,127.21
Meerpet,Apartment,1615,3,4,2,3,3,21,Unfurnished,0,Yes,No,No,Yes,Yes,4.28,2.11,7.66,North-West,12 Hours,17.414993,78.527093,58.91
Badangpet,Apartment,970,2,1,2,3,4,9,Unfurnished,1,No,Yes,No,No,Yes,3.68,1.33,1.96,North-West,12 Hours,17.463001,78.454299,32.0
Boduppal,Independent House,1453,3,2,3,11,17,2,Fully Furnished,0,Yes,Yes,Yes,Yes,No,12.89,3.7,6.96,South-West,24x7,17.303796,78.502356,78.49
Safilguda,Apartment,1667,3,2,3,0,10,12,Semi-Furnished,0,Yes,Yes,Yes,No,No,10.66,4.47,1.07,West,12 Hours,17.37812,78.495229,64.4
Old Alwal,Apartment,1178,2,3,1,7,13,12,Semi-Furnished,0,Yes,No,Yes,Yes,No,8.17,5.9,2.62,East,24x7,17.403167,78.3928,53.71
Pocharam,Independent House,1044,2,2,0,11,15,4,Semi-Furnished,0,Yes,Yes,No,Yes,Yes,3.49,1.08,0.82,East,24x7,17.44952,78.458738,57.11
Uppal,Apartment,1292,2,1,0,9,17,7,Fully Furnished,2,No,No,Yes,No,Yes,14.79,4.31,4.43,North-East,24x7,17.389449,78.540699,69.05
Rajendra Nagar,Apartment,1103,2,1,1,12,13,16,Semi-Furnished,2,No,No,Yes,No,No,3.17,4.44,2.79,South,12 Hours,17.409578,78.403769,44.36
Pocharam,Apartment,2270,4,4,3,4,8,6,Semi-Furnished,2,Yes,No,No,Yes,Yes,1.25,3.2,6.25,East,24x7,17.391271,78.494827,86.02
Rajendra Nagar,Apartment,956,2,2,1,0,1,6,Fully Furnished,0,No,Yes,Yes,No,Yes,8.51,6.27,4.12,North-West,12 Hours,17.430218,78.58187,55.96
Masab Tank,Villa,1261,2,3,1,5,7,10,Semi-Furnished,0,Yes,Yes,Yes,No,No,4.78,1.81,2.69,South,12 Hours,17.349591,78.545737,93.98
Beeramguda,Apartment,1700,3,4,3,5,6,25,Semi-Furnished,0,Yes,No,Yes,Yes,Yes,12.67,0.87,8.27,East,24x7,17.372794,78.402391,70.01
Osman Nagar,Apartment,1209,3,3,3,0,12,19,Fully Furnished,2,No,No,Yes,Yes,No,0.67,4.38,3.11,North-East,24x7,17.47753,78.553896,69.83
Isnapur,Independent House,1809,4,3,1,3,8,19,Fully Furnished,1,No,No,No,Yes,No,14.41,3.83,2.81,South,12 Hours,17.366791,78.421359,69.59
Kondapur,Apartment,1132,2,3,0,0,1,2,Semi-Furnished,1,No,Yes,Yes,Yes,Yes,13.57,5.63,5.88,North-East,24x7,17.335049,78.496545,79.85
Malkajgiri,Apartment,711,1,1,0,4,19,24,Fully Furnished,1,Yes,No,Yes,Yes,No,10.32,4.46,4.15,North,Limited,17.417039,78.442687,33.68
LB Nagar,Apartment,1279,2,1,1,19,20,19,Semi-Furnished,1,Yes,No,No,No,Yes,5.66,7.55,4.6,South-East,24x7,17.432579,78.497571,62.95
Quthbullapur,Independent House,928,2,3,2,5,5,12,Semi-Furnished,1,Yes,Yes,Yes,No,No,5.72,2.38,1.76,North,12 Hours,17.36892,78.436246,43.39
Champapet,Apartment,895,2,2,2,2,3,12,Unfurnished,1,No,No,Yes,Yes,Yes,10.44,1.61,3.05,North-East,12 Hours,17.436569,78.389579,42.89
Kokapet,Apartment,1097,2,1,1,3,9,23,Fully Furnished,1,Yes,No,Yes,Yes,No,0.6,3.35,8.5,South-East,12 Hours,17.294201,78.394846,74.94
Beeramguda,Apartment,1205,2,2,1,2,11,12,Semi-Furnished,1,No,Yes,No,No,No,12.34,3.33,1.58,South,Limited,17.425732,78.481535,49.78
Madinaguda,Independent House,786,1,1,1,1,10,25,Semi-Furnished,2,No,Yes,No,Yes,No,10.05,5.81,8.0,West,12 Hours,17.383323,78.481394,47.01
Peerzadiguda,Apartment,1628,3,2,2,2,18,3,Unfurnished,2,No,Yes,Yes,No,No,14.5,3.61,0.6,North-East,24x7,17.37177,78.466401,78.56
Kothapet,Apartment,1656,3,3,3,4,15,11,Unfurnished,1,Yes,No,No,Yes,Yes,12.55,5.92,3.81,North-West,12 Hours,17.412019,78.395761,92.77
Kothapet,Apartment,1219,2,3,1,2,3,1,Fully Furnished,0,Yes,No,Yes,Yes,Yes,7.98,4.55,3.64,South-East,12 Hours,17.410172,78.487327,72.47
Uppal,Apartment,1642,3,4,0,6,20,14,Fully Furnished,1,No,Yes,Yes,Yes,No,11.41,6.53,1.09,West,Limited,17.416739,78.419287,91.53
Masab Tank,Apartment,1193,2,3,2,9,11,12,Fully Furnished,1,Yes,No,No,No,Yes,12.3,5.74,3.33,West,Limited,17.413484,78.392002,69.25
Punjagutta,Apartment,1041,2,2,2,6,13,19,Unfurnished,2,No,No,Yes,No,Yes,8.55,4.07,1.83,North-West,12 Hours,17.473046,78.501795,68.93
Financial District,Builder Floor,1399,3,4,3,10,14,15,Semi-Furnished,2,No,No,Yes,Yes,Yes,12.04,2.0,0.81,South,Limited,17.413658,78.478351,123.35
Hafeezpet,Apartment,1707,3,2,0,8,9,11,Fully Furnished,0,No,Yes,No,Yes,Yes,4.82,7.99,4.77,North-West,24x7,17.473293,78.463921,117.76
Neknampur,Apartment,1559,3,4,1,4,20,25,Unfurnished,0,Yes,No,No,Yes,No,14.7,2.55,5.94,West,24x7,17.46607,78.425858,79.12
Nanakramguda,Villa,1293,2,2,0,5,5,10,Unfurnished,2,No,No,Yes,No,No,5.94,0.88,8.05,West,12 Hours,17.305156,78.390344,114.34
Malkajgiri,Builder Floor,1099,2,2,2,0,1,23,Semi-Furnished,2,No,Yes,No,Yes,No,12.46,4.11,3.57,North-East,12 Hours,17.421601,78.400938,54.41
Badangpet,Apartment,1551,3,2,0,3,4,0,Unfurnished,0,No,No,Yes,No,Yes,14.94,7.3,8.88,North-East,24x7,17.453975,78.391354,56.04
Manikonda,Apartment,1190,2,2,0,10,13,9,Fully Furnished,2,Yes,No,Yes,Yes,Yes,3.59,0.9,6.14,South-West,24x7,17.341371,78.410333,86.2
Himayat Nagar,Apartment,2410,4,4,3,1,3,12,Unfurnished,2,Yes,Yes,No,No,No,2.49,6.26,7.65,North,Limited,17.410789,78.562194,191.88
Kollur,Apartment,634,1,2,1,2,7,13,Fully Furnished,2,No,Yes,Yes,Yes,Yes,11.41,4.84,4.15,South-East,12 Hours,17.445696,78.443107,27.88
Bowenpally,Apartment,1157,2,2,2,1,1,6,Fully Furnished,2,Yes,No,No,Yes,Yes,7.68,1.17,5.25,West,Limited,17.435123,78.548067,59.12
Masab Tank,Apartment,1279,2,3,1,5,18,24,Semi-Furnished,0,Yes,Yes,Yes,No,Yes,1.08,0.77,8.0,North-East,Limited,17.367524,78.461104,93.01
Tarnaka,Independent House,1124,2,2,1,2,3,2,Fully Furnished,0,Yes,No,No,Yes,No,10.63,5.92,8.54,East,24x7,17.353161,78.572851,79.79
Mallapur,Apartment,1516,3,3,0,0,1,22,Unfurnished,0,No,No,No,Yes,No,2.34,6.31,3.05,West,24x7,17.370799,78.536874,60.69
Nacharam,Apartment,1145,2,1,1,11,15,1,Semi-Furnished,2,Yes,No,Yes,No,Yes,13.47,5.49,1.6,East,24x7,17.305625,78.567211,59.91
Bowenpally,Apartment,926,2,2,0,13,18,7,Semi-Furnished,0,No,No,No,Yes,No,2.23,5.48,1.0,South,Limited,17.450291,78.45071,41.98
Uppal,Villa,2492,4,4,2,3,3,0,Semi-Furnished,0,No,No,Yes,No,No,9.08,4.1,7.84,South,Limited,17.36284,78.388868,129.23
Bowenpally,Apartment,969,2,2,2,1,1,0,Fully Furnished,1,No,Yes,Yes,Yes,No,7.63,0.76,9.97,North-East,24x7,17.303257,78.450563,55.66
Suchitra,Apartment,2169,4,3,0,4,17,20,Semi-Furnished,0,Yes,No,Yes,Yes,No,4.28,2.73,8.11,North-West,12 Hours,17.475121,78.501388,106.15
Kapra,Apartment,1249,2,1,0,1,4,14,Semi-Furnished,1,No,Yes,No,Yes,No,4.97,2.34,1.64,North,Limited,17.374689,78.445342,53.44
Kismatpur,Apartment,1351,3,2,1,6,12,16,Unfurnished,2,No,No,Yes,Yes,No,12.89,4.58,5.73,West,12 Hours,17.419504,78.537175,50.98
Osman Nagar,Apartment,1427,3,3,1,5,13,21,Fully Furnished,2,Yes,No,Yes,Yes,Yes,3.37,5.27,8.19,West,12 Hours,17.442924,78.404941,68.59
Gachibowli,Apartment,2143,4,5,3,1,1,21,Semi-Furnished,0,No,Yes,Yes,No,No,6.97,1.44,6.33,South,Limited,17.296512,78.496606,177.37
Habsiguda,Apartment,1046,2,2,1,3,7,20,Fully Furnished,0,No,No,No,No,No,13.73,4.17,4.19,North,24x7,17.462541,78.456883,55.15
Bandlaguda Jagir,Apartment,1487,3,2,3,11,17,24,Fully Furnished,0,Yes,Yes,Yes,Yes,No,8.24,6.39,7.5,South,Limited,17.313598,78.539002,57.71
Nampally,Independent House,1380,3,3,2,9,12,0,Fully Furnished,2,No,Yes,Yes,No,No,3.05,0.59,1.03,South,24x7,17.305225,78.403521,111.06
Peerzadiguda,Apartment,1333,3,3,1,0,11,0,Unfurnished,2,Yes,Yes,No,Yes,No,10.72,5.4,6.07,North-West,12 Hours,17.299553,78.551072,50.03
Osman Nagar,Independent House,1177,2,3,2,2,11,22,Fully Furnished,2,No,Yes,Yes,No,No,11.14,2.57,2.19,East,Limited,17.30127,78.403668,58.12
Lakdikapul,Builder Floor,1733,4,4,2,7,20,20,Fully Furnished,0,No,Yes,No,Yes,Yes,5.53,2.76,6.54,West,Limited,17.359854,78.460828,126.42
Maheshwaram,Apartment,977,2,1,1,1,9,23,Unfurnished,0,No,No,No,Yes,No,7.65,3.22,5.69,West,12 Hours,17.47445,78.5839,30.59
Beeramguda,Apartment,1259,2,1,1,1,1,8,Unfurnished,0,No,Yes,No,Yes,Yes,8.43,7.22,1.38,South-West,Limited,17.360252,78.4034,55.21
Mallapur,Apartment,1860,4,3,0,3,11,6,Semi-Furnished,2,No,No,No,Yes,Yes,1.22,4.7,8.48,North,24x7,17.396681,78.471544,109.69
Nacharam,Apartment,1814,3,4,1,0,4,6,Unfurnished,2,No,Yes,No,Yes,No,11.88,3.93,9.0,North-East,24x7,17.307239,78.485225,81.52
Saroornagar,Apartment,2078,4,4,3,1,2,14,Semi-Furnished,1,Yes,No,Yes,Yes,Yes,1.74,2.95,5.64,South,Limited,17.378732,78.397961,96.83
Attapur,Apartment,1686,3,3,3,1,10,12,Fully Furnished,0,Yes,Yes,No,Yes,Yes,14.6,6.53,1.7,South-East,24x7,17.308505,78.516542,95.29
Mallapur,Builder Floor,1809,3,3,2,0,3,12,Fully Furnished,1,No,No,No,Yes,No,2.13,1.45,5.88,West,24x7,17.401674,78.579135,87.13
Narsingi,Apartment,1552,3,4,2,10,13,15,Fully Furnished,2,No,Yes,Yes,No,No,2.59,4.99,7.09,East,12 Hours,17.342142,78.56042,111.59
Alwal,Independent House,2081,4,3,2,4,10,8,Semi-Furnished,2,Yes,Yes,Yes,No,No,11.72,2.77,7.42,West,24x7,17.477645,78.389131,93.26
Nizampet,Independent House,1582,3,2,1,2,3,22,Fully Furnished,1,Yes,Yes,Yes,Yes,Yes,12.64,2.22,4.84,North-West,Limited,17.293632,78.564929,90.41
Malkajgiri,Independent House,1850,3,2,0,5,8,15,Fully Furnished,1,Yes,No,No,No,Yes,12.65,2.29,8.39,West,12 Hours,17.483593,78.401459,94.7
Attapur,Apartment,1419,3,3,1,4,7,20,Semi-Furnished,2,Yes,Yes,No,Yes,Yes,9.22,0.37,2.9,North-East,Limited,17.478861,78.49132,63.11
Malkajgiri,Villa,1670,3,3,1,9,15,21,Fully Furnished,2,No,Yes,Yes,No,No,4.83,1.13,1.11,North-East,Limited,17.42415,78.477608,89.46
Malkajgiri,Apartment,2367,4,4,1,4,5,24,Unfurnished,0,No,No,Yes,Yes,No,14.96,2.3,4.48,South-East,Limited,17.401863,78.566932,92.06
Balapur,Independent House,1215,2,2,2,15,18,21,Semi-Furnished,2,No,Yes,Yes,No,Yes,7.33,6.01,7.39,North,Limited,17.341193,78.576782,47.95
Beeramguda,Apartment,1296,2,2,1,5,11,8,Fully Furnished,1,No,Yes,No,Yes,Yes,7.35,1.8,1.64,South-East,Limited,17.376131,78.510727,44.1
Habsiguda,Villa,952,2,2,1,14,19,4,Semi-Furnished,2,Yes,Yes,No,No,Yes,5.04,0.75,4.79,South,24x7,17.322624,78.47944,54.24
Kothaguda,Independent House,1332,3,4,3,6,13,15,Semi-Furnished,0,Yes,Yes,No,Yes,No,11.47,4.39,0.67,East,Limited,17.401731,78.402247,100.63
Kompally,Villa,902,2,3,2,9,19,5,Unfurnished,0,No,No,No,No,No,13.38,7.97,3.76,South-West,12 Hours,17.482242,78.526332,62.39
Hafeezpet,Villa,1219,3,3,1,1,5,23,Unfurnished,2,Yes,Yes,No,Yes,No,13.21,2.27,5.58,East,Limited,17.346906,78.549459,86.67
Ameenpur,Apartment,609,1,2,1,1,13,17,Semi-Furnished,1,Yes,Yes,Yes,No,No,10.09,5.4,3.06,North,12 Hours,17.317523,78.568885,22.0
Dilsukhnagar,Apartment,1251,2,1,1,3,7,24,Semi-Furnished,2,Yes,No,No,No,Yes,1.07,4.12,2.47,South-West,12 Hours,17.47496,78.531844,72.17
Jubilee Hills,Apartment,1143,2,3,0,0,3,23,Fully Furnished,0,No,Yes,No,No,No,7.23,1.07,2.16,East,12 Hours,17.368649,78.573246,165.45
Isnapur,Apartment,1285,2,1,0,5,5,20,Unfurnished,1,No,No,No,Yes,No,12.32,1.71,4.31,South-West,12 Hours,17.294044,78.391973,41.13
Peerzadiguda,Apartment,1315,3,3,0,0,6,13,Fully Furnished,1,No,Yes,No,No,Yes,13.01,7.08,7.41,North,12 Hours,17.447111,78.584155,57.08
Khajaguda,Apartment,683,1,1,0,7,17,21,Semi-Furnished,2,Yes,No,Yes,No,No,10.12,5.24,1.91,East,24x7,17.403826,78.462878,49.73
Kothaguda,Independent House,1369,3,2,3,3,11,10,Semi-Furnished,0,Yes,No,No,Yes,Yes,7.16,6.47,4.76,South-West,12 Hours,17.453424,78.554366,116.37
Neknampur,Independent House,756,1,2,0,17,18,0,Unfurnished,2,No,Yes,No,No,No,12.47,6.59,8.52,North-West,Limited,17.367964,78.441381,48.95
Bandlaguda Jagir,Independent House,1081,2,1,0,0,8,10,Semi-Furnished,2,No,No,Yes,Yes,Yes,7.64,6.63,7.55,South-East,24x7,17.457944,78.54928,57.53
Shamshabad,Apartment,2102,4,4,3,5,7,3,Semi-Furnished,0,Yes,No,No,Yes,No,0.56,5.97,5.76,South-East,Limited,17.484327,78.497786,89.6
Dilsukhnagar,Apartment,1267,2,2,0,10,13,19,Fully Furnished,1,No,No,Yes,No,No,14.47,7.77,4.8,North,24x7,17.473953,78.556629,61.23
Kismatpur,Villa,1760,3,3,1,3,7,19,Fully Furnished,1,No,Yes,Yes,No,Yes,11.53,4.63,6.04,South-East,Limited,17.375109,78.412532,101.65
Old Alwal,Independent House,1225,3,4,1,2,2,1,Unfurnished,1,Yes,No,No,Yes,Yes,10.51,2.57,7.66,East,12 Hours,17.406235,78.432429,68.07
Puppalaguda,Villa,1429,3,4,1,9,17,22,Fully Furnished,0,No,No,No,No,Yes,0.69,2.24,6.4,South-West,24x7,17.408626,78.458333,112.52
Patancheru,Independent House,1817,3,3,1,7,10,5,Fully Furnished,0,Yes,Yes,Yes,No,Yes,6.71,4.59,1.74,North-East,24x7,17.419315,78.490762,78.85
Pocharam,Builder Floor,715,1,1,1,11,16,2,Fully Furnished,1,Yes,Yes,Yes,Yes,No,8.37,3.41,3.82,South,Limited,17.389033,78.557136,39.63
Khairatabad,Apartment,2333,4,5,0,2,4,14,Unfurnished,2,Yes,Yes,No,No,Yes,6.1,4.46,3.19,North-West,Limited,17.397188,78.562031,149.01
Safilguda,Apartment,1897,4,4,0,1,4,24,Fully Furnished,2,Yes,Yes,Yes,Yes,No,12.62,1.88,8.37,South-East,Limited,17.311803,78.392457,86.86
Nallagandla,Apartment,894,2,1,0,6,6,8,Fully Furnished,0,Yes,No,No,No,No,9.64,3.63,0.66,West,Limited,17.409062,78.527516,54.84
Patancheru,Apartment,1799,3,2,0,8,12,3,Semi-Furnished,2,No,Yes,No,No,No,6.23,5.39,5.0,South,24x7,17.312274,78.389609,82.3
Saroornagar,Builder Floor,1196,2,2,0,17,18,4,Unfurnished,0,Yes,No,Yes,No,Yes,11.35,7.26,3.77,South-East,Limited,17.402984,78.465149,57.42
Kollur,Apartment,1458,3,3,0,5,6,25,Fully Furnished,0,No,Yes,No,Yes,No,1.92,5.89,5.13,North-West,12 Hours,17.465832,78.456351,58.25
Beeramguda,Apartment,1398,3,3,3,10,15,19,Fully Furnished,1,Yes,No,No,No,Yes,0.57,2.2,2.6,South-East,12 Hours,17.441731,78.466009,49.52
Isnapur,Villa,1033,2,2,1,3,18,5,Fully Furnished,2,Yes,No,Yes,Yes,No,11.14,5.12,7.41,East,Limited,17.457473,78.576604,43.87
Hitech City,Apartment,1152,2,2,0,8,18,17,Fully Furnished,1,Yes,No,No,Yes,No,2.44,4.16,1.36,North-West,Limited,17.470318,78.485123,127.61
Alwal,Apartment,1343,3,4,1,4,6,18,Fully Furnished,0,No,No,Yes,Yes,No,3.86,2.34,2.72,South,Limited,17.376827,78.582707,63.85
Attapur,Villa,1740,4,4,0,8,17,23,Semi-Furnished,2,Yes,No,No,No,Yes,7.99,3.2,9.12,South-East,12 Hours,17.35075,78.51338,100.89
Ghatkesar,Villa,621,1,2,0,1,8,16,Fully Furnished,1,Yes,Yes,Yes,Yes,No,9.23,6.59,6.78,South-East,12 Hours,17.300173,78.412476,27.67
Peerzadiguda,Apartment,932,2,3,0,0,8,4,Fully Furnished,2,Yes,Yes,Yes,Yes,Yes,2.91,7.4,5.41,South-East,Limited,17.315381,78.414465,48.09
Maheshwaram,Villa,1490,3,2,1,15,15,15,Unfurnished,0,No,Yes,Yes,No,Yes,11.0,2.94,4.81,West,24x7,17.321376,78.455833,47.63
Attapur,Apartment,1290,2,3,0,3,20,5,Semi-Furnished,2,Yes,Yes,Yes,No,Yes,13.58,4.45,0.51,South-East,Limited,17.379792,78.520212,66.47
Mehdipatnam,Apartment,1434,3,4,3,9,12,25,Fully Furnished,2,Yes,No,Yes,No,No,11.6,7.31,1.3,South-East,12 Hours,17.323458,78.394874,88.35
Banjara Hills,Apartment,853,2,3,2,5,7,13,Semi-Furnished,0,Yes,No,No,No,No,8.69,5.01,9.92,South-East,24x7,17.340718,78.422102,72.38
Karmanghat,Apartment,1134,2,3,1,9,10,11,Fully Furnished,1,Yes,Yes,Yes,No,Yes,1.95,4.21,7.97,East,24x7,17.309127,78.478856,61.15
Banjara Hills,Independent House,1157,2,3,0,2,3,7,Semi-Furnished,0,Yes,No,No,No,Yes,14.21,6.62,6.58,South-West,24x7,17.357854,78.487383,121.37
Ameenpur,Apartment,811,1,1,0,1,2,7,Fully Furnished,0,Yes,Yes,No,No,No,10.21,3.42,2.4,East,Limited,17.292862,78.546582,37.89
Manikonda,Apartment,1796,3,3,2,3,9,19,Unfurnished,1,No,Yes,No,Yes,No,7.84,4.6,5.28,North-West,24x7,17.301352,78.561416,103.74
Hayathnagar,Apartment,1043,2,3,0,7,11,21,Semi-Furnished,2,Yes,No,Yes,No,Yes,6.05,6.37,2.59,South,12 Hours,17.297216,78.442076,45.01
Nampally,Apartment,1469,3,3,2,3,3,21,Fully Furnished,1,Yes,Yes,No,No,No,3.67,4.72,2.24,South,12 Hours,17.434652,78.423604,79.55
Alwal,Villa,953,2,2,2,2,12,24,Unfurnished,0,Yes,No,Yes,Yes,No,5.88,2.73,9.03,North-East,12 Hours,17.359094,78.483605,42.61
Dilsukhnagar,Apartment,1331,3,2,3,1,16,16,Semi-Furnished,1,Yes,No,Yes,No,No,10.49,0.39,2.5,West,12 Hours,17.358783,78.479207,66.2
Shamshabad,Apartment,987,2,3,2,5,11,5,Semi-Furnished,1,Yes,No,No,No,No,4.55,1.69,1.75,South,24x7,17.292337,78.437187,42.39
Alwal,Apartment,924,2,2,1,0,1,13,Semi-Furnished,0,No,No,No,No,Yes,6.28,5.62,1.07,North-East,12 Hours,17.464041,78.489035,47.44
Narsingi,Independent House,1034,2,2,1,1,1,3,Semi-Furnished,2,Yes,Yes,No,No,No,10.26,4.05,7.5,West,12 Hours,17.306434,78.476182,74.97
Pocharam,Builder Floor,2355,4,4,3,18,20,12,Unfurnished,0,Yes,No,Yes,No,No,9.97,5.77,6.25,South-East,12 Hours,17.333494,78.440549,110.42
Masab Tank,Apartment,2123,4,4,1,0,1,23,Unfurnished,2,No,Yes,Yes,Yes,No,1.99,0.79,8.85,East,24x7,17.289014,78.451116,143.15
Kondapur,Apartment,1185,2,3,1,3,8,23,Semi-Furnished,1,Yes,Yes,Yes,Yes,Yes,10.12,6.92,3.59,South-West,12 Hours,17.350499,78.410652,75.12
Karmanghat,Apartment,2252,4,4,3,13,19,16,Fully Furnished,2,No,No,No,Yes,Yes,6.91,3.12,2.97,North-East,24x7,17.403718,78.52252,118.08
Kothapet,Apartment,854,2,3,1,0,10,24,Semi-Furnished,1,Yes,Yes,No,Yes,No,13.29,3.67,2.87,South-East,12 Hours,17.384688,78.404084,38.15
ECIL,Apartment,1241,2,2,1,8,18,13,Unfurnished,0,Yes,Yes,No,Yes,No,9.46,2.4,6.42,South,12 Hours,17.402368,78.535788,49.25
Nallagandla,Builder Floor,602,1,1,1,5,5,14,Fully Furnished,0,Yes,Yes,Yes,Yes,No,3.65,3.54,7.96,South-West,12 Hours,17.310516,78.443455,37.6
Madhapur,Apartment,1349,3,2,2,1,13,17,Semi-Furnished,0,Yes,No,No,Yes,Yes,14.63,5.8,4.16,South-West,24x7,17.414183,78.500856,120.96
Nagole,Apartment,3168,5,5,2,2,11,20,Fully Furnished,0,Yes,No,No,No,Yes,5.73,0.7,6.83,West,24x7,17.482303,78.507855,145.09
Mallapur,Apartment,1798,3,2,3,0,8,1,Fully Furnished,2,No,Yes,No,Yes,Yes,2.79,1.0,6.38,East,24x7,17.305356,78.417272,95.04
Patancheru,Independent House,1328,3,4,1,8,11,25,Fully Furnished,1,No,Yes,Yes,No,No,11.0,2.23,0.88,South-West,Limited,17.317136,78.424013,41.74
Saroornagar,Apartment,1028,2,2,2,8,15,19,Fully Furnished,0,Yes,Yes,No,No,No,8.35,3.8,7.87,South-East,Limited,17.319675,78.566053,48.18
Film Nagar,Independent House,1219,2,1,2,12,18,6,Fully Furnished,2,No,Yes,No,No,No,9.79,1.15,5.47,West,24x7,17.389902,78.468779,160.74
Chandanagar,Apartment,1301,3,2,3,16,16,19,Fully Furnished,2,No,Yes,No,Yes,Yes,0.69,7.39,6.73,West,12 Hours,17.307408,78.466271,64.53
Masab Tank,Independent House,2541,4,4,0,8,20,16,Unfurnished,2,Yes,No,Yes,Yes,Yes,1.97,2.08,4.16,South,Limited,17.458101,78.550114,182.96
Meerpet,Builder Floor,1771,3,4,0,11,19,21,Semi-Furnished,2,No,Yes,Yes,Yes,No,7.82,5.36,5.57,South-West,12 Hours,17.319178,78.520429,79.71
Karmanghat,Independent House,1174,2,3,2,9,11,7,Fully Furnished,2,Yes,No,No,No,No,6.99,3.36,7.4,North-East,Limited,17.396353,78.501023,62.61
Kothapet,Builder Floor,1003,2,2,0,0,11,24,Fully Furnished,1,Yes,Yes,Yes,No,No,2.76,2.34,8.95,South,24x7,17.438899,78.424109,46.96
Begumpet,Apartment,1422,3,2,2,5,16,15,Fully Furnished,2,Yes,No,Yes,No,Yes,11.81,7.4,3.68,South-East,12 Hours,17.370087,78.488222,97.41
Suchitra,Independent House,2349,4,5,0,8,10,1,Semi-Furnished,2,Yes,No,Yes,Yes,Yes,10.27,7.98,9.72,West,24x7,17.307967,78.508824,146.2
Quthbullapur,Apartment,1093,2,1,2,4,13,2,Semi-Furnished,2,No,Yes,Yes,No,Yes,7.57,5.32,2.36,South,24x7,17.401248,78.417573,53.77
Kapra,Apartment,1791,4,3,3,5,14,11,Unfurnished,1,No,Yes,No,Yes,No,9.44,7.92,4.7,North,12 Hours,17.391518,78.397065,83.95
Suchitra,Apartment,1222,2,1,0,0,2,19,Unfurnished,1,Yes,No,Yes,No,No,7.33,2.86,7.53,South,24x7,17.311883,78.399375,49.34
Kothapet,Apartment,1344,3,2,3,16,19,1,Semi-Furnished,0,Yes,No,Yes,No,Yes,7.24,7.58,1.13,North-East,Limited,17.349471,78.548675,74.01
Masab Tank,Apartment,1182,2,3,0,8,13,22,Unfurnished,1,No,Yes,Yes,Yes,No,8.63,5.79,0.88,North-East,12 Hours,17.421301,78.538746,77.23
Lakdikapul,Apartment,1030,2,2,2,3,10,16,Semi-Furnished,0,No,No,Yes,No,Yes,2.7,7.21,6.74,West,Limited,17.379315,78.469068,68.65
Kothapet,Apartment,1432,3,4,1,4,19,13,Semi-Furnished,2,No,No,Yes,Yes,Yes,8.92,5.57,2.42,North,12 Hours,17.470906,78.552824,82.88
Osman Nagar,Builder Floor,2497,5,5,2,0,3,5,Semi-Furnished,0,Yes,No,No,No,No,6.92,7.49,8.99,North-East,24x7,17.309859,78.532873,149.07
Puppalaguda,Apartment,1826,3,3,1,7,20,7,Fully Furnished,0,No,Yes,No,Yes,No,10.82,3.18,8.6,South-West,12 Hours,17.321247,78.399999,112.83
Kothaguda,Apartment,857,2,2,1,3,8,24,Unfurnished,0,Yes,No,No,No,No,13.37,3.59,7.87,South-East,Limited,17.399895,78.555066,50.75
Lakdikapul,Builder Floor,1749,3,2,0,14,15,1,Unfurnished,2,No,Yes,No,Yes,Yes,4.72,3.36,3.39,North-East,12 Hours,17.444053,78.427025,124.93
Nacharam,Apartment,814,1,1,1,2,15,23,Fully Furnished,0,Yes,Yes,No,No,No,7.04,1.68,6.11,South,12 Hours,17.317853,78.549615,33.42
Sainikpuri,Apartment,2515,4,4,0,0,3,22,Semi-Furnished,2,No,Yes,No,Yes,No,8.48,0.64,2.12,North-West,Limited,17.389613,78.458466,131.96
Nallagandla,Villa,1214,2,1,1,4,10,23,Semi-Furnished,1,Yes,Yes,Yes,Yes,Yes,9.53,2.25,4.86,South-West,Limited,17.363489,78.55002,83.87
Kismatpur,Apartment,1687,3,4,3,2,15,19,Fully Furnished,0,Yes,No,Yes,Yes,Yes,2.65,5.33,0.85,East,Limited,17.360389,78.479236,82.89
Kismatpur,Apartment,905,2,3,0,5,6,9,Fully Furnished,2,Yes,No,No,Yes,Yes,11.64,2.79,9.03,West,12 Hours,17.434522,78.487244,43.12
Kokapet,Apartment,1290,2,2,1,13,17,16,Unfurnished,2,Yes,Yes,Yes,Yes,No,11.0,4.96,7.99,North-East,12 Hours,17.464915,78.463478,93.67
ECIL,Apartment,1332,3,4,3,5,16,19,Unfurnished,2,No,Yes,Yes,Yes,Yes,7.24,6.43,7.51,South,Limited,17.466294,78.511548,62.56
Habsiguda,Apartment,1852,3,3,0,4,7,8,Unfurnished,1,No,No,Yes,Yes,No,5.45,5.88,6.35,East,24x7,17.472966,78.512242,82.66
Khairatabad,Apartment,1685,3,2,1,4,16,20,Semi-Furnished,2,No,No,No,Yes,No,8.69,5.52,5.77,East,24x7,17.312854,78.545505,121.67
Khairatabad,Villa,1267,3,3,2,1,1,12,Fully Furnished,2,Yes,No,Yes,Yes,No,10.73,2.72,0.8,South-East,24x7,17.391692,78.565479,118.8
Alwal,Apartment,1921,4,4,1,2,4,25,Unfurnished,0,Yes,No,Yes,No,Yes,3.26,7.41,7.46,North-East,12 Hours,17.315335,78.449044,84.06
Narsingi,Builder Floor,1335,3,3,0,12,15,22,Fully Furnished,0,Yes,No,Yes,Yes,No,7.27,0.66,5.45,North-East,24x7,17.433789,78.393406,95.01
Ameerpet,Villa,948,2,2,1,10,18,24,Semi-Furnished,2,Yes,No,Yes,Yes,No,2.16,7.68,5.82,West,24x7,17.437492,78.562053,71.35
Abids,Apartment,1210,2,2,2,2,8,2,Semi-Furnished,2,No,No,Yes,Yes,Yes,7.33,5.5,1.51,East,24x7,17.449251,78.408826,87.8
Lakdikapul,Independent House,2344,4,5,2,5,10,6,Fully Furnished,2,Yes,No,Yes,Yes,No,1.91,2.69,6.62,South-West,12 Hours,17.310498,78.466157,166.7
Kompally,Villa,1572,3,4,1,5,11,14,Semi-Furnished,0,Yes,No,Yes,No,No,7.19,1.62,7.8,North,Limited,17.314983,78.43255,82.51
Uppal,Apartment,1509,3,4,3,13,19,7,Fully Furnished,0,Yes,No,No,Yes,No,3.52,5.64,4.6,South-East,Limited,17.429007,78.51493,67.85
Saroornagar,Apartment,1787,3,4,0,19,19,14,Semi-Furnished,2,Yes,No,Yes,No,No,1.51,1.14,8.23,South-East,12 Hours,17.393545,78.43706,84.59
Ameenpur,Apartment,1794,3,2,1,3,5,17,Semi-Furnished,1,No,Yes,Yes,No,No,8.77,7.33,3.39,South-East,Limited,17.32132,78.56839,58.61
Manikonda,Apartment,3027,5,5,2,1,2,17,Unfurnished,0,No,Yes,No,Yes,Yes,6.76,4.84,6.44,South-East,12 Hours,17.36517,78.479101,176.62
Saroornagar,Apartment,946,2,3,1,2,14,9,Fully Furnished,0,Yes,Yes,Yes,Yes,Yes,10.96,4.05,4.65,North,24x7,17.31567,78.503946,49.23
Patancheru,Villa,2412,4,5,1,13,15,17,Semi-Furnished,1,No,Yes,Yes,No,Yes,8.88,6.82,2.75,North-East,12 Hours,17.407291,78.390322,103.91
Badangpet,Apartment,797,1,1,0,15,19,22,Unfurnished,0,No,No,Yes,Yes,Yes,7.35,6.01,9.62,West,Limited,17.471424,78.499727,28.61
Saroornagar,Apartment,725,1,1,1,15,15,18,Fully Furnished,1,No,No,No,No,Yes,1.01,7.41,7.62,North-East,24x7,17.4695,78.528148,40.38
Balapur,Apartment,1498,3,2,2,2,16,4,Fully Furnished,0,No,No,Yes,No,No,12.94,0.41,1.56,North,Limited,17.400258,78.508043,50.04
Ameenpur,Apartment,1250,2,2,1,6,6,16,Unfurnished,1,Yes,Yes,Yes,No,No,11.67,2.13,4.68,North,24x7,17.432289,78.573573,52.54
Abids,Apartment,1318,3,2,1,12,15,15,Semi-Furnished,1,Yes,No,No,No,No,2.6,7.0,0.61,South-West,12 Hours,17.375168,78.409348,75.21
Punjagutta,Apartment,822,1,1,1,20,20,8,Semi-Furnished,1,No,Yes,No,No,No,11.71,6.07,7.48,South,Limited,17.45278,78.411633,71.8
Isnapur,Apartment,554,1,1,0,1,14,16,Unfurnished,2,No,No,Yes,No,No,3.3,0.48,1.37,South,Limited,17.458979,78.490468,17.02
Neknampur,Builder Floor,1159,2,2,1,5,19,3,Fully Furnished,0,No,No,No,Yes,No,13.88,2.43,4.56,North-West,12 Hours,17.364801,78.397652,80.92
Raidurg,Independent House,1020,2,1,1,2,9,14,Unfurnished,1,Yes,No,Yes,No,Yes,2.59,6.22,2.57,West,12 Hours,17.445571,78.387626,91.86
Puppalaguda,Apartment,1456,3,4,0,4,16,20,Fully Furnished,0,Yes,No,No,Yes,No,13.62,4.72,5.4,South-West,12 Hours,17.364634,78.494179,75.18
Uppal,Apartment,796,1,1,1,10,11,9,Semi-Furnished,0,Yes,No,No,Yes,No,11.53,2.53,2.43,East,12 Hours,17.354269,78.456091,35.81
Miyapur,Apartment,2345,4,4,3,3,3,23,Unfurnished,0,Yes,Yes,Yes,Yes,No,6.14,6.4,6.61,South-West,Limited,17.375444,78.431621,106.78
Madhapur,Apartment,1243,3,4,0,7,7,21,Fully Furnished,0,Yes,Yes,Yes,Yes,No,9.98,3.93,9.22,East,24x7,17.313171,78.421977,114.27
Jubilee Hills,Apartment,2540,4,3,3,5,20,18,Unfurnished,0,Yes,No,Yes,Yes,Yes,6.68,6.55,9.83,South-East,12 Hours,17.368785,78.569669,271.65
Badangpet,Apartment,1418,3,2,1,1,11,3,Semi-Furnished,0,No,Yes,No,Yes,No,4.03,4.78,1.77,South-East,24x7,17.401118,78.513153,63.55
Ghatkesar,Apartment,895,2,2,1,4,16,6,Unfurnished,2,No,No,No,Yes,Yes,9.35,0.59,2.21,South-West,Limited,17.417707,78.422307,27.01
Tukkuguda,Apartment,670,1,1,0,3,17,19,Semi-Furnished,2,Yes,No,Yes,No,Yes,3.31,6.43,7.01,South-West,12 Hours,17.314733,78.469625,24.31
Kothaguda,Villa,736,1,1,0,4,14,10,Fully Furnished,1,Yes,Yes,Yes,Yes,Yes,11.89,4.03,1.6,South,Limited,17.484375,78.487139,66.2
Rajendra Nagar,Apartment,1196,2,2,0,2,4,7,Unfurnished,0,No,Yes,No,Yes,Yes,7.33,4.03,8.96,North,24x7,17.298415,78.536692,63.68
Nagole,Apartment,1218,2,2,2,4,12,6,Semi-Furnished,0,Yes,Yes,No,Yes,Yes,12.85,3.83,2.13,North-West,24x7,17.464611,78.427728,60.63
Kismatpur,Independent House,1826,3,3,1,3,3,16,Semi-Furnished,0,No,No,No,Yes,No,11.17,2.2,3.61,South,Limited,17.29231,78.481113,74.6
Badangpet,Apartment,790,1,1,1,12,17,15,Fully Furnished,0,No,No,Yes,Yes,Yes,10.55,3.43,2.57,North-West,12 Hours,17.298142,78.541806,25.38
Patancheru,Apartment,1365,3,4,0,14,15,24,Unfurnished,2,No,Yes,No,No,Yes,12.98,0.84,8.99,North-West,Limited,17.389878,78.474853,38.51
Quthbullapur,Independent House,1827,3,3,0,10,20,23,Unfurnished,2,No,Yes,Yes,No,No,7.25,0.61,3.98,West,Limited,17.396928,78.417748,80.99
Osman Nagar,Apartment,1094,2,2,2,5,8,11,Semi-Furnished,2,No,No,Yes,Yes,No,5.51,4.04,5.5,West,12 Hours,17.457357,78.575923,54.44
Isnapur,Villa,1038,2,1,0,2,15,2,Semi-Furnished,0,No,Yes,Yes,Yes,No,2.12,1.44,1.93,South,Limited,17.339149,78.5155,47.58
Film Nagar,Apartment,1335,3,4,2,7,14,23,Fully Furnished,0,No,Yes,Yes,Yes,Yes,12.61,4.3,3.69,North-West,Limited,17.290077,78.417931,139.15
Somajiguda,Apartment,1761,3,4,3,9,10,4,Semi-Furnished,0,No,Yes,No,No,No,11.66,0.66,3.85,South-West,24x7,17.416785,78.392119,169.21
Kothaguda,Apartment,939,2,2,0,1,8,1,Semi-Furnished,2,Yes,No,No,No,Yes,3.47,5.74,6.82,North-West,24x7,17.331215,78.521079,78.94
Safilguda,Builder Floor,1324,3,2,3,4,16,14,Semi-Furnished,0,Yes,No,No,No,No,14.56,6.11,9.94,North,Limited,17.305822,78.546683,60.66
Himayat Nagar,Apartment,870,2,2,2,3,18,9,Unfurnished,1,Yes,No,No,Yes,No,1.3,5.24,6.04,South,12 Hours,17.415549,78.434337,66.22
Kondapur,Independent House,1289,3,4,1,10,16,19,Fully Furnished,2,Yes,No,No,Yes,No,5.86,3.17,3.2,North-West,12 Hours,17.333634,78.531153,112.6
Manikonda,Independent House,1062,2,3,1,6,6,23,Semi-Furnished,2,No,Yes,Yes,Yes,Yes,4.9,7.91,5.49,North-West,24x7,17.451044,78.466137,62.13
Tolichowki,Apartment,1479,3,4,1,14,18,22,Fully Furnished,0,Yes,Yes,No,No,No,1.11,6.66,8.43,North-East,12 Hours,17.325997,78.44533,67.42
Pocharam,Apartment,684,1,1,1,2,4,13,Unfurnished,1,Yes,Yes,Yes,No,No,14.92,0.81,7.58,South-West,Limited,17.2876,78.403802,26.72
ECIL,Apartment,2444,5,5,0,2,9,18,Unfurnished,0,No,No,Yes,No,Yes,1.27,3.08,6.54,North-West,24x7,17.290306,78.422987,119.91
Vanasthalipuram,Builder Floor,1843,3,3,0,5,20,17,Semi-Furnished,1,No,No,No,Yes,No,12.44,0.4,5.42,North-West,12 Hours,17.369285,78.565234,96.83
Himayat Nagar,Villa,929,2,2,0,16,18,17,Fully Furnished,2,Yes,No,No,Yes,Yes,12.37,7.41,5.06,North-East,Limited,17.353363,78.438585,90.62
Osman Nagar,Villa,1550,3,3,2,0,1,7,Unfurnished,2,Yes,Yes,No,Yes,Yes,2.39,0.91,7.06,West,24x7,17.403059,78.440313,103.73
Peerzadiguda,Apartment,1256,2,1,1,2,4,1,Unfurnished,1,Yes,Yes,Yes,Yes,Yes,3.18,3.01,1.36,North-East,Limited,17.366882,78.497109,58.77
Nampally,Villa,1827,3,3,0,4,4,24,Unfurnished,2,Yes,Yes,No,Yes,Yes,14.62,1.06,2.53,South-West,12 Hours,17.343893,78.576391,92.48
Madinaguda,Apartment,1277,2,2,1,3,14,16,Unfurnished,1,Yes,No,Yes,No,Yes,8.04,4.12,3.93,North-East,Limited,17.313023,78.560394,71.97
Kondapur,Apartment,1083,2,2,2,7,15,17,Semi-Furnished,1,No,Yes,Yes,No,No,3.1,7.99,5.17,West,12 Hours,17.46391,78.546671,80.06
Ameenpur,Apartment,1055,2,1,2,0,6,11,Unfurnished,1,Yes,No,Yes,Yes,No,11.02,2.44,7.28,North-East,Limited,17.289494,78.440435,48.71
Nampally,Apartment,2196,4,4,1,3,15,3,Semi-Furnished,1,No,Yes,Yes,Yes,Yes,11.2,6.69,5.23,East,24x7,17.411696,78.438278,132.21
Kismatpur,Apartment,1169,2,1,0,15,17,25,Semi-Furnished,0,No,No,No,No,No,12.24,4.46,0.67,East,12 Hours,17.451986,78.58358,53.73
Attapur,Apartment,1085,2,1,0,4,6,21,Semi-Furnished,2,Yes,No,No,Yes,No,10.88,4.05,1.54,South-West,Limited,17.319336,78.441161,53.59
Saroornagar,Apartment,1360,3,2,3,7,9,18,Semi-Furnished,2,No,No,No,Yes,Yes,9.06,1.29,3.98,East,Limited,17.46786,78.41025,65.12
Tolichowki,Apartment,3043,5,5,0,3,8,7,Fully Furnished,1,Yes,Yes,No,Yes,No,2.96,4.45,0.86,South-East,Limited,17.339811,78.497536,150.71
Tarnaka,Apartment,861,2,2,1,12,19,10,Fully Furnished,0,No,Yes,Yes,No,No,7.79,6.19,3.73,North-East,12 Hours,17.450948,78.427984,49.29
Pragathi Nagar,Apartment,2354,5,5,2,0,9,9,Fully Furnished,1,Yes,Yes,Yes,No,No,1.48,6.47,5.02,South,12 Hours,17.312377,78.566704,130.23
Begumpet,Independent House,1126,2,2,0,6,14,8,Fully Furnished,2,No,Yes,Yes,Yes,No,3.59,7.71,7.55,South-West,12 Hours,17.404483,78.506803,113.53
Hayathnagar,Villa,2279,4,3,1,7,12,4,Unfurnished,0,No,No,No,No,Yes,9.69,6.81,3.04,North-East,Limited,17.320074,78.569582,115.83
Sainikpuri,Apartment,908,2,2,0,0,1,25,Semi-Furnished,1,No,No,No,Yes,Yes,2.81,1.35,2.95,North-East,Limited,17.361628,78.490484,52.01
Chandanagar,Villa,2197,4,3,0,2,3,19,Semi-Furnished,0,No,No,Yes,No,Yes,3.92,4.7,5.25,West,Limited,17.318257,78.534307,126.76
Balapur,Apartment,1943,4,3,2,9,11,23,Semi-Furnished,2,Yes,No,Yes,Yes,Yes,3.04,7.77,4.68,North-East,Limited,17.40563,78.43577,70.06
Ghatkesar,Apartment,2024,4,5,3,4,8,25,Unfurnished,1,No,No,No,Yes,Yes,12.7,5.4,9.44,South,12 Hours,17.342739,78.457835,72.44
Attapur,Apartment,1324,3,3,3,0,13,12,Semi-Furnished,1,Yes,Yes,No,Yes,Yes,13.78,5.16,8.85,South-East,24x7,17.344424,78.499981,71.17
Kondapur,Apartment,1280,2,2,2,14,14,3,Unfurnished,2,No,Yes,No,No,No,7.07,0.51,0.99,North,Limited,17.417734,78.574066,109.89
Osman Nagar,Apartment,1521,3,2,0,1,6,16,Fully Furnished,2,Yes,No,No,No,No,13.17,1.33,2.15,North-West,12 Hours,17.327988,78.392937,68.58
Kondapur,Apartment,1043,2,2,0,0,1,2,Semi-Furnished,0,No,Yes,Yes,No,No,9.21,1.45,9.6,North,Limited,17.404016,78.396985,83.23
Vanasthalipuram,Independent House,2547,4,5,0,3,8,6,Semi-Furnished,1,No,No,Yes,No,Yes,9.2,7.96,3.19,South,12 Hours,17.404369,78.453549,137.6
Habsiguda,Apartment,2682,5,5,1,9,12,21,Fully Furnished,1,Yes,Yes,No,Yes,No,14.63,3.36,2.52,South-East,Limited,17.30632,78.401728,122.43
Bandlaguda Jagir,Apartment,1253,3,3,1,11,16,19,Fully Furnished,2,Yes,Yes,No,No,No,14.67,5.47,1.76,East,Limited,17.384098,78.52438,55.53
ECIL,Apartment,2598,4,5,1,2,3,22,Fully Furnished,1,Yes,No,Yes,No,Yes,14.69,4.14,9.75,North-East,Limited,17.33428,78.55052,105.28
Mallapur,Villa,1274,2,2,2,6,11,5,Semi-Furnished,2,No,Yes,No,Yes,Yes,2.66,2.07,0.84,North-East,24x7,17.423939,78.441129,77.0
Mallapur,Builder Floor,1741,4,5,2,15,18,14,Semi-Furnished,0,Yes,Yes,No,Yes,Yes,13.09,1.69,2.1,North-East,Limited,17.357195,78.405016,73.75
Balapur,Apartment,3277,5,5,3,1,3,24,Semi-Furnished,2,Yes,No,Yes,No,Yes,6.22,4.85,9.54,North-West,24x7,17.312364,78.576747,110.8
Kondapur,Independent House,1664,3,3,0,0,11,20,Fully Furnished,1,No,Yes,Yes,Yes,No,5.19,0.73,1.17,South-East,24x7,17.322027,78.49508,151.43
Chandanagar,Builder Floor,1791,4,3,1,3,6,24,Semi-Furnished,1,Yes,Yes,No,No,No,11.17,7.4,9.09,North,12 Hours,17.431445,78.548012,85.91
Narsingi,Apartment,1078,2,3,1,9,9,19,Semi-Furnished,0,No,No,Yes,No,No,1.85,4.25,9.75,South,Limited,17.423455,78.556539,71.25
Tukkuguda,Apartment,1073,2,1,1,2,10,4,Fully Furnished,1,Yes,No,No,Yes,Yes,13.8,4.25,5.35,South-East,24x7,17.382885,78.430942,49.7
Ameenpur,Apartment,980,2,1,2,0,1,23,Fully Furnished,1,Yes,Yes,No,Yes,Yes,6.54,5.72,3.48,South-West,Limited,17.473812,78.394585,47.65
Adibatla,Apartment,2529,4,4,1,0,6,23,Fully Furnished,1,Yes,No,Yes,Yes,No,2.19,1.62,5.03,South-East,Limited,17.47005,78.422815,85.19
Ghatkesar,Apartment,2938,5,5,2,1,3,4,Unfurnished,0,Yes,Yes,Yes,Yes,Yes,7.48,1.42,2.8,South,24x7,17.468098,78.393489,113.15
Pocharam,Apartment,635,1,1,1,15,16,0,Semi-Furnished,2,Yes,Yes,No,No,Yes,5.34,1.09,8.55,South-East,12 Hours,17.34447,78.571579,26.66
Balapur,Independent House,2275,5,5,3,16,16,18,Fully Furnished,2,No,Yes,Yes,Yes,No,8.86,4.56,3.04,South-East,12 Hours,17.473853,78.481543,106.86
Ramanthapur,Builder Floor,1207,2,3,0,2,6,23,Unfurnished,1,No,No,Yes,Yes,No,13.87,6.87,7.29,South-West,24x7,17.45391,78.45052,61.56
Attapur,Independent House,1568,3,4,1,6,20,9,Fully Furnished,2,Yes,No,Yes,Yes,Yes,2.77,4.09,8.04,South-West,12 Hours,17.292402,78.505954,101.69
Bachupally,Apartment,683,1,1,0,6,6,16,Unfurnished,0,No,No,Yes,Yes,Yes,8.65,4.05,9.94,North-West,24x7,17.309113,78.402091,32.77
Nallagandla,Apartment,1885,3,2,0,14,15,24,Unfurnished,0,Yes,Yes,Yes,Yes,Yes,13.13,7.31,1.99,North-East,Limited,17.352975,78.531653,133.86
LB Nagar,Independent House,1181,2,2,1,0,5,6,Semi-Furnished,1,Yes,Yes,No,No,No,7.82,0.96,4.04,South-East,12 Hours,17.348058,78.494598,65.81
Bollaram,Apartment,1631,3,3,1,6,14,13,Semi-Furnished,2,No,Yes,No,Yes,Yes,10.91,4.28,1.16,North-West,12 Hours,17.348751,78.511878,59.25
Hafeezpet,Apartment,1876,3,3,0,9,17,13,Semi-Furnished,2,No,No,No,Yes,No,13.55,5.0,1.9,South-East,12 Hours,17.408173,78.433292,112.26
Bachupally,Apartment,1652,3,3,3,4,7,2,Unfurnished,2,No,No,Yes,No,Yes,1.85,4.55,5.45,North,24x7,17.45902,78.390954,86.91
ECIL,Independent House,1066,2,1,2,1,2,8,Fully Furnished,2,No,Yes,Yes,Yes,No,4.82,5.97,4.8,South,Limited,17.390787,78.574514,54.7
Meerpet,Apartment,1439,3,3,2,10,10,25,Fully Furnished,2,Yes,No,Yes,Yes,No,7.99,1.78,7.9,South-West,24x7,17.484587,78.456842,67.84
Nacharam,Apartment,616,1,2,0,2,15,11,Fully Furnished,2,No,No,No,No,No,14.95,5.61,9.5,South-East,24x7,17.365386,78.482675,31.25
LB Nagar,Apartment,1210,2,1,2,7,7,15,Unfurnished,2,Yes,No,Yes,No,Yes,2.25,4.7,0.88,North,24x7,17.459735,78.583517,55.47
Ameerpet,Apartment,1346,3,3,3,1,2,9,Unfurnished,0,No,Yes,Yes,No,Yes,13.12,3.52,5.94,South-West,12 Hours,17.368553,78.470971,85.24
Boduppal,Independent House,920,2,3,1,4,15,23,Semi-Furnished,0,No,No,Yes,No,No,8.34,7.68,8.96,North-East,Limited,17.332755,78.408795,44.02
Hafeezpet,Apartment,1516,3,2,0,0,7,18,Fully Furnished,0,No,Yes,Yes,Yes,Yes,4.49,1.88,8.38,South-West,24x7,17.342448,78.445962,96.71
Kismatpur,Apartment,561,1,1,1,3,6,0,Fully Furnished,1,No,No,Yes,Yes,Yes,8.36,2.5,2.24,West,24x7,17.293419,78.390275,28.62
Habsiguda,Apartment,1533,3,3,0,1,2,12,Unfurnished,1,Yes,No,No,No,No,14.15,7.23,0.99,South,Limited,17.370555,78.463565,87.81
Alwal,Apartment,1317,3,3,0,7,11,17,Semi-Furnished,0,No,Yes,No,Yes,Yes,4.4,7.72,6.91,South,Limited,17.328651,78.576692,62.08
Tellapur,Apartment,1283,2,2,0,8,12,5,Unfurnished,2,No,No,Yes,Yes,No,14.44,5.08,6.7,North,24x7,17.302882,78.470216,76.4
Peerzadiguda,Apartment,1589,3,3,1,16,19,9,Unfurnished,0,Yes,No,Yes,No,Yes,12.54,5.88,9.99,South-East,24x7,17.473946,78.48018,67.21
LB Nagar,Villa,2350,4,4,3,3,9,21,Semi-Furnished,1,Yes,No,No,Yes,Yes,9.87,0.32,5.03,East,Limited,17.318407,78.584934,124.13
Habsiguda,Villa,1602,3,2,0,0,18,21,Semi-Furnished,2,Yes,No,No,No,No,3.07,6.21,7.12,East,24x7,17.473546,78.516629,95.64
Mehdipatnam,Apartment,560,1,1,1,1,7,19,Fully Furnished,1,Yes,Yes,No,No,Yes,4.57,7.26,7.22,South,24x7,17.387538,78.432834,39.04
Maheshwaram,Apartment,1106,2,3,0,6,18,21,Fully Furnished,2,Yes,Yes,Yes,Yes,Yes,4.26,4.69,2.67,North-East,24x7,17.329097,78.423988,39.56
Film Nagar,Apartment,1664,3,2,3,1,2,13,Semi-Furnished,1,Yes,No,No,No,Yes,13.32,2.03,3.14,South-East,Limited,17.355025,78.398269,216.99
Punjagutta,Apartment,1300,2,1,2,6,8,2,Unfurnished,0,Yes,No,No,Yes,Yes,0.9,3.63,0.73,North-West,12 Hours,17.461757,78.57225,96.76
Boduppal,Builder Floor,1541,3,3,0,19,20,14,Unfurnished,2,No,Yes,Yes,Yes,Yes,5.97,7.15,7.09,North,24x7,17.319779,78.465948,66.53
Nanakramguda,Apartment,902,2,1,2,1,2,12,Semi-Furnished,0,No,Yes,Yes,No,No,7.23,3.6,6.39,West,12 Hours,17.424204,78.417479,73.57
Isnapur,Apartment,948,2,1,0,0,1,18,Unfurnished,2,Yes,No,No,No,No,11.01,3.72,2.81,East,24x7,17.329888,78.431464,26.41
Ameerpet,Apartment,2472,4,4,2,17,19,24,Unfurnished,0,No,No,No,No,No,14.57,4.29,6.75,North,24x7,17.403588,78.502717,145.08
LB Nagar,Villa,950,2,2,2,1,7,10,Unfurnished,2,No,No,No,No,No,6.57,1.55,4.82,East,12 Hours,17.460492,78.43982,54.24
Banjara Hills,Apartment,959,2,2,1,11,11,12,Unfurnished,1,Yes,Yes,No,Yes,Yes,5.69,4.57,1.85,South-West,24x7,17.46275,78.57783,101.46
Balapur,Apartment,651,1,1,0,4,8,23,Unfurnished,1,Yes,Yes,Yes,Yes,Yes,12.72,7.31,0.7,North,12 Hours,17.446903,78.517748,23.53
Khajaguda,Builder Floor,972,2,2,1,4,6,25,Fully Furnished,1,Yes,Yes,Yes,Yes,Yes,3.28,3.21,4.06,South-East,Limited,17.302397,78.468391,62.5
Gachibowli,Apartment,1501,3,3,2,0,8,20,Semi-Furnished,0,No,Yes,Yes,No,Yes,2.93,3.29,8.88,North-West,12 Hours,17.336951,78.531384,141.49
Chandanagar,Independent House,1694,3,4,3,9,9,12,Fully Furnished,2,Yes,Yes,Yes,Yes,No,13.02,3.35,3.41,South-East,Limited,17.301209,78.430737,94.65
Mehdipatnam,Apartment,893,2,2,1,11,17,7,Fully Furnished,0,No,No,No,No,No,6.77,3.13,5.23,North-East,12 Hours,17.300226,78.556941,51.01
Chandanagar,Apartment,1567,3,2,2,16,17,17,Fully Furnished,0,No,Yes,Yes,Yes,Yes,5.72,4.5,3.67,North-West,12 Hours,17.381117,78.505182,83.87
Malkajgiri,Independent House,3312,5,5,0,4,10,11,Semi-Furnished,1,Yes,No,Yes,No,Yes,3.79,6.07,5.01,South-West,Limited,17.354562,78.522303,157.45
Himayat Nagar,Apartment,1639,3,4,1,14,15,17,Unfurnished,1,Yes,Yes,No,Yes,No,12.25,6.72,3.73,South-East,12 Hours,17.338406,78.562426,125.2
Hayathnagar,Apartment,566,1,1,0,9,11,20,Fully Furnished,2,No,No,Yes,No,Yes,8.25,1.75,1.53,South-West,Limited,17.41669,78.556816,21.14
Manikonda,Apartment,1232,3,4,0,1,6,2,Semi-Furnished,1,Yes,Yes,No,Yes,No,1.33,4.29,2.13,South-East,12 Hours,17.426673,78.554103,73.11
Hayathnagar,Apartment,655,1,1,0,6,10,22,Fully Furnished,1,Yes,No,Yes,No,No,3.42,7.93,4.73,South-East,Limited,17.421028,78.510422,24.68
Vanasthalipuram,Villa,2171,4,5,0,2,3,20,Semi-Furnished,1,No,No,Yes,No,Yes,3.1,5.06,4.6,South-East,Limited,17.316721,78.562874,108.37
Meerpet,Apartment,1945,4,4,2,9,18,21,Unfurnished,2,Yes,No,No,Yes,No,1.61,1.11,7.78,North-West,12 Hours,17.290849,78.551863,69.14
Sainikpuri,Apartment,887,2,3,1,11,11,12,Unfurnished,1,Yes,Yes,No,Yes,Yes,5.24,6.06,5.11,West,24x7,17.352024,78.535402,46.54
Ameenpur,Independent House,1091,2,2,0,6,6,0,Fully Furnished,0,Yes,No,Yes,No,Yes,1.62,6.18,6.94,North,12 Hours,17.448593,78.553127,50.69
Nizampet,Apartment,1421,3,4,0,3,17,12,Fully Furnished,1,No,Yes,Yes,Yes,No,11.62,7.45,4.06,South,24x7,17.286277,78.444108,87.7
Film Nagar,Apartment,648,1,1,0,1,4,23,Unfurnished,0,No,Yes,No,No,Yes,9.56,7.49,4.25,South-East,24x7,17.481237,78.513063,73.95
Nizampet,Apartment,1055,2,2,0,3,13,14,Unfurnished,0,No,No,Yes,Yes,Yes,6.46,6.21,5.25,West,Limited,17.411801,78.494697,44.89
Meerpet,Apartment,1016,2,3,2,2,5,5,Fully Furnished,2,No,No,Yes,No,Yes,9.32,4.8,4.13,South,Limited,17.306396,78.538906,41.75
Jubilee Hills,Apartment,1327,3,3,1,12,14,7,Fully Furnished,0,Yes,Yes,No,No,No,3.43,3.19,6.6,South,Limited,17.477598,78.455074,157.89
Neredmet,Apartment,1252,2,1,2,10,14,9,Unfurnished,0,No,No,Yes,Yes,Yes,13.65,5.42,2.86,South,Limited,17.471406,78.407202,56.6
Kothapet,Apartment,1266,3,4,0,0,7,20,Unfurnished,0,Yes,Yes,Yes,Yes,Yes,7.86,3.58,4.94,North,Limited,17.422577,78.400267,61.75
Bowenpally,Apartment,996,2,3,2,4,7,25,Semi-Furnished,0,No,No,No,Yes,No,6.9,4.19,7.48,North,12 Hours,17.426634,78.40017,45.89
Tolichowki,Villa,1507,3,3,1,6,9,14,Semi-Furnished,1,No,No,No,Yes,No,2.48,3.91,1.97,South,24x7,17.354177,78.510883,94.06
LB Nagar,Apartment,2104,4,4,3,9,16,20,Fully Furnished,0,No,Yes,Yes,No,Yes,3.32,3.66,2.92,North-West,Limited,17.459307,78.581398,93.01
Maheshwaram,Apartment,1634,3,3,1,1,16,11,Fully Furnished,2,Yes,Yes,No,No,Yes,4.19,4.94,9.54,North,24x7,17.43493,78.412717,64.54
Manikonda,Independent House,1211,2,1,2,6,7,5,Semi-Furnished,1,No,No,No,No,Yes,2.08,4.71,8.08,North,12 Hours,17.289917,78.391125,88.14
Lakdikapul,Apartment,3207,5,4,0,3,3,16,Semi-Furnished,2,No,No,Yes,Yes,No,3.2,1.33,5.12,West,12 Hours,17.382729,78.540781,209.5
Nizampet,Apartment,1396,3,3,3,3,15,20,Unfurnished,0,No,Yes,No,Yes,No,1.43,0.53,2.73,South-West,Limited,17.374181,78.441425,62.85
Nanakramguda,Independent House,848,1,1,0,0,7,12,Fully Furnished,2,No,No,No,No,No,5.38,5.55,3.76,North-West,24x7,17.370236,78.476977,78.84
Bollaram,Apartment,732,1,1,0,1,1,22,Semi-Furnished,2,Yes,Yes,Yes,No,Yes,5.84,5.06,6.76,South-West,Limited,17.443962,78.525436,24.85
Ameenpur,Apartment,1529,3,2,2,2,2,10,Fully Furnished,1,Yes,No,No,Yes,No,6.7,7.47,9.34,West,Limited,17.301476,78.5228,56.94
Quthbullapur,Apartment,1116,2,1,0,2,16,9,Fully Furnished,2,No,Yes,No,Yes,No,10.11,2.15,2.51,West,24x7,17.339652,78.576873,60.25
Hitech City,Villa,1046,2,2,0,7,9,21,Unfurnished,2,Yes,No,Yes,No,Yes,14.01,6.2,6.21,North-West,12 Hours,17.371467,78.575423,98.6
Patancheru,Builder Floor,969,2,2,1,2,4,2,Unfurnished,0,No,Yes,Yes,No,Yes,12.87,7.65,5.98,East,12 Hours,17.412705,78.466219,42.66
Rajendra Nagar,Apartment,1066,2,2,1,4,5,21,Fully Furnished,2,Yes,Yes,No,Yes,No,5.08,6.58,3.32,South,12 Hours,17.481796,78.468567,51.21
Nagole,Apartment,1190,2,1,2,4,11,16,Fully Furnished,0,No,No,Yes,No,No,10.71,3.2,9.82,North-West,24x7,17.330991,78.429321,58.07
Kompally,Independent House,2494,4,4,3,4,13,21,Unfurnished,0,No,No,No,No,No,11.49,3.31,5.51,North-East,12 Hours,17.415333,78.460405,134.48
Karmanghat,Apartment,1255,2,1,2,7,10,20,Unfurnished,2,Yes,No,No,No,Yes,3.54,6.49,2.36,East,12 Hours,17.379642,78.580339,58.38
Puppalaguda,Independent House,1585,3,4,1,0,2,11,Semi-Furnished,0,Yes,Yes,No,No,Yes,9.59,3.41,0.82,South,12 Hours,17.458725,78.542019,114.35
Begumpet,Builder Floor,1584,3,2,3,4,13,20,Fully Furnished,1,No,Yes,Yes,Yes,Yes,2.27,5.24,9.13,South,24x7,17.453957,78.538905,152.88
Badangpet,Apartment,1296,3,3,3,13,16,9,Fully Furnished,0,Yes,No,Yes,Yes,No,12.29,0.45,5.78,South-West,24x7,17.311249,78.393205,61.09
Balapur,Independent House,1327,3,3,0,6,6,19,Fully Furnished,0,Yes,No,No,Yes,Yes,2.37,1.89,2.03,North-East,24x7,17.40833,78.546007,62.33
Neknampur,Apartment,1875,4,5,0,4,8,1,Fully Furnished,1,No,Yes,No,No,No,9.29,4.23,7.04,East,24x7,17.308462,78.411737,123.9
Miyapur,Apartment,1337,3,3,2,2,9,23,Fully Furnished,1,Yes,No,No,No,Yes,6.3,0.94,2.91,South-East,Limited,17.371061,78.426805,60.78
Bachupally,Apartment,1174,2,2,2,9,12,21,Fully Furnished,2,Yes,No,Yes,No,No,5.99,7.72,2.85,North-East,24x7,17.297842,78.503094,47.82
Karmanghat,Apartment,1571,3,3,2,1,5,8,Unfurnished,0,No,Yes,No,Yes,Yes,3.05,5.91,3.41,South-West,24x7,17.444512,78.448772,74.94
Abids,Apartment,988,2,1,0,2,6,24,Semi-Furnished,0,No,No,No,Yes,No,0.64,4.25,1.98,North,24x7,17.287324,78.401189,65.06
Kapra,Villa,1579,3,3,3,5,15,14,Semi-Furnished,1,No,No,No,Yes,No,9.72,0.97,3.4,North-West,24x7,17.380988,78.506704,73.17
Kondapur,Independent House,1869,4,3,0,8,10,15,Unfurnished,1,Yes,No,No,Yes,No,0.7,1.76,8.4,East,Limited,17.423996,78.558724,129.89
Abids,Builder Floor,1740,3,2,3,5,6,24,Fully Furnished,0,Yes,Yes,No,Yes,No,14.31,3.55,4.1,North-West,24x7,17.292924,78.482801,104.41
Isnapur,Independent House,1320,3,3,2,9,16,8,Unfurnished,0,No,Yes,No,Yes,No,13.44,6.83,1.05,East,Limited,17.333409,78.584033,43.57
Khairatabad,Apartment,645,1,2,1,0,1,13,Semi-Furnished,0,Yes,Yes,No,Yes,No,0.6,6.22,2.88,South-West,12 Hours,17.384778,78.510331,41.83
Masab Tank,Villa,1475,3,2,3,5,15,4,Semi-Furnished,2,No,Yes,No,Yes,Yes,3.25,0.61,4.25,North-West,24x7,17.39693,78.388654,121.31
Bollaram,Builder Floor,1972,4,3,3,15,16,25,Fully Furnished,2,Yes,No,No,No,Yes,2.09,1.13,0.7,North,12 Hours,17.388542,78.404273,65.7
Jubilee Hills,Apartment,1550,3,4,0,7,14,9,Semi-Furnished,1,Yes,No,Yes,Yes,Yes,4.12,6.2,8.71,South,Limited,17.291641,78.402416,236.72
Pragathi Nagar,Independent House,1714,3,3,1,4,19,7,Unfurnished,0,No,Yes,No,Yes,Yes,6.68,5.05,1.36,East,12 Hours,17.311543,78.500208,101.9
Vanasthalipuram,Independent House,2654,5,5,3,1,16,16,Semi-Furnished,2,Yes,No,Yes,No,No,4.57,3.0,4.47,North-West,24x7,17.445117,78.42673,132.25
Gachibowli,Apartment,1417,3,3,3,9,9,3,Semi-Furnished,0,No,No,No,No,No,2.12,5.45,6.99,North,12 Hours,17.305914,78.513986,105.0
Masab Tank,Independent House,1580,3,3,2,6,7,2,Unfurnished,0,Yes,Yes,Yes,Yes,No,13.92,0.88,5.69,North-West,12 Hours,17.291317,78.573942,128.23
Pragathi Nagar,Independent House,648,1,2,1,11,18,11,Semi-Furnished,2,Yes,No,Yes,No,No,8.09,7.63,8.01,North,Limited,17.393259,78.528512,35.94
Tellapur,Apartment,1394,3,4,3,16,18,2,Unfurnished,1,No,No,No,No,Yes,3.17,1.53,2.57,East,Limited,17.427817,78.547046,80.63
LB Nagar,Apartment,1503,3,3,0,1,6,1,Fully Furnished,0,No,Yes,Yes,No,Yes,4.42,6.39,6.6,South,24x7,17.447965,78.402723,86.41
Khajaguda,Apartment,1577,3,3,0,8,18,23,Unfurnished,1,No,No,Yes,Yes,No,3.68,7.73,2.18,East,Limited,17.394518,78.55016,85.61
Balapur,Independent House,1869,3,3,1,7,15,10,Semi-Furnished,0,No,Yes,No,Yes,No,5.85,7.25,1.39,North,12 Hours,17.413716,78.491981,63.84
Chandanagar,Apartment,1884,4,4,0,2,10,5,Semi-Furnished,2,Yes,Yes,Yes,Yes,No,4.06,7.3,9.72,West,Limited,17.301326,78.39877,95.94
Osman Nagar,Independent House,601,1,2,1,0,1,0,Fully Furnished,0,Yes,Yes,Yes,No,Yes,14.11,4.92,8.03,East,24x7,17.316909,78.561057,43.07
Himayat Nagar,Independent House,1095,2,3,0,5,10,15,Unfurnished,0,Yes,No,Yes,Yes,Yes,1.99,2.58,5.36,South-East,24x7,17.480173,78.454079,94.3
Kompally,Apartment,1030,2,2,0,10,13,22,Unfurnished,1,Yes,Yes,Yes,Yes,No,5.68,5.04,1.62,West,24x7,17.44294,78.518442,42.64
Nallagandla,Apartment,942,2,3,0,9,10,9,Semi-Furnished,0,No,No,No,No,Yes,11.94,6.94,9.79,North,12 Hours,17.396073,78.53054,58.99
Attapur,Independent House,1689,3,2,0,13,19,23,Semi-Furnished,0,Yes,No,Yes,Yes,No,5.61,4.11,5.07,South-East,Limited,17.484267,78.581659,84.42
Khairatabad,Independent House,1451,3,4,3,15,18,17,Fully Furnished,1,Yes,No,Yes,No,Yes,10.69,2.11,0.53,East,12 Hours,17.324908,78.522746,101.02
Boduppal,Villa,728,1,1,0,7,10,4,Fully Furnished,1,Yes,Yes,Yes,Yes,Yes,2.2,5.66,1.86,East,Limited,17.291131,78.438237,33.53
Mehdipatnam,Independent House,1275,3,4,1,0,1,11,Unfurnished,0,Yes,Yes,Yes,No,Yes,11.6,3.92,1.83,North-East,12 Hours,17.458655,78.532134,70.19
Himayat Nagar,Independent House,1493,3,2,1,2,2,1,Fully Furnished,0,Yes,Yes,No,No,No,8.54,6.69,9.23,North-East,Limited,17.370099,78.455887,127.63
Nacharam,Apartment,1043,2,2,2,6,7,19,Unfurnished,0,No,Yes,Yes,No,No,5.04,5.24,8.36,North,24x7,17.48253,78.394722,41.01
Patancheru,Apartment,889,2,2,2,0,11,7,Semi-Furnished,0,Yes,Yes,Yes,Yes,No,3.22,1.85,9.33,South,12 Hours,17.400735,78.474423,36.25
Meerpet,Apartment,3190,5,4,0,1,11,9,Unfurnished,1,No,No,Yes,No,No,11.02,7.8,7.18,West,12 Hours,17.382334,78.561385,146.56
LB Nagar,Apartment,1224,3,4,3,1,19,9,Unfurnished,0,No,Yes,Yes,Yes,Yes,12.21,5.34,7.8,North,Limited,17.369344,78.442066,54.09
Kismatpur,Apartment,1658,3,3,2,5,10,19,Semi-Furnished,0,No,Yes,Yes,Yes,Yes,8.72,7.96,1.43,East,24x7,17.467473,78.428832,88.2
Karmanghat,Apartment,936,2,2,0,2,3,18,Semi-Furnished,1,Yes,Yes,Yes,No,No,14.8,7.83,7.75,South-West,Limited,17.411312,78.533323,36.36
Neknampur,Apartment,996,2,3,1,4,20,14,Semi-Furnished,2,No,No,Yes,No,No,4.31,7.04,6.98,East,Limited,17.428165,78.568507,55.76
Champapet,Apartment,1042,2,2,2,13,13,2,Unfurnished,1,No,Yes,No,No,No,9.82,7.23,4.92,West,24x7,17.332509,78.580979,39.57
Lakdikapul,Apartment,883,2,2,1,15,20,6,Fully Furnished,2,No,Yes,No,No,Yes,8.4,7.6,1.88,South,12 Hours,17.455877,78.485156,64.95
Madhapur,Independent House,735,1,2,1,0,7,6,Unfurnished,2,No,No,No,Yes,Yes,2.56,2.41,1.28,South-West,12 Hours,17.45915,78.475761,84.47
Bollaram,Apartment,769,1,1,1,1,6,11,Semi-Furnished,1,No,Yes,No,No,No,12.43,4.62,8.99,South,24x7,17.356847,78.50529,26.96
Balapur,Apartment,1524,3,2,1,4,15,15,Semi-Furnished,0,No,No,Yes,No,Yes,9.7,5.22,5.99,East,24x7,17.363216,78.580582,61.83
Tarnaka,Apartment,1043,2,2,1,3,7,21,Fully Furnished,0,No,No,Yes,No,No,7.78,6.98,7.14,South-West,12 Hours,17.416347,78.451738,60.62
Nampally,Independent House,1241,2,2,0,3,6,13,Semi-Furnished,0,Yes,No,No,No,No,9.69,5.71,9.41,West,24x7,17.311175,78.580664,69.65
Manikonda,Apartment,1806,4,5,0,1,15,21,Semi-Furnished,1,Yes,Yes,No,No,Yes,3.34,3.92,1.68,South-West,12 Hours,17.33221,78.401399,107.67
Lakdikapul,Builder Floor,1719,3,3,2,4,9,25,Semi-Furnished,2,Yes,Yes,No,Yes,Yes,0.88,6.39,8.49,North-West,12 Hours,17.388955,78.454101,92.14
Mallapur,Apartment,1165,2,3,0,13,19,4,Fully Furnished,1,Yes,No,No,Yes,No,3.85,5.77,1.7,West,Limited,17.371178,78.436443,55.95
Lakdikapul,Independent House,2557,4,4,2,1,7,2,Unfurnished,1,Yes,Yes,Yes,Yes,No,0.87,5.95,9.84,North-West,24x7,17.426355,78.420108,224.52
Kompally,Apartment,1587,3,3,0,1,9,4,Fully Furnished,0,Yes,Yes,No,Yes,Yes,2.56,2.32,2.22,West,12 Hours,17.292334,78.53398,86.09
Bachupally,Apartment,1623,3,2,3,1,3,21,Semi-Furnished,1,No,No,Yes,Yes,No,0.65,1.68,5.89,East,24x7,17.379926,78.555534,78.67
Shamshabad,Apartment,1229,2,2,0,0,7,17,Unfurnished,2,Yes,Yes,No,Yes,Yes,0.93,1.37,1.29,North,12 Hours,17.402071,78.560354,61.13
Pragathi Nagar,Apartment,1501,3,4,3,8,14,12,Unfurnished,1,Yes,Yes,No,No,Yes,8.96,6.2,3.46,South,Limited,17.307384,78.44065,64.61
Mallapur,Apartment,1526,3,2,3,3,14,18,Semi-Furnished,1,Yes,No,Yes,Yes,No,9.01,2.56,8.35,North-West,12 Hours,17.391234,78.574021,67.84
Khajaguda,Independent House,945,2,2,0,1,3,21,Semi-Furnished,1,Yes,No,Yes,Yes,No,10.48,5.82,2.53,North-West,24x7,17.309422,78.47714,58.66
Kokapet,Apartment,961,2,1,2,9,9,25,Fully Furnished,0,No,No,No,No,Yes,3.36,6.48,5.24,North-East,12 Hours,17.348231,78.488147,74.48
Safilguda,Apartment,1442,3,2,2,0,1,14,Semi-Furnished,0,No,Yes,Yes,No,Yes,1.51,1.03,8.12,North-East,12 Hours,17.314669,78.584026,59.94
Abids,Apartment,1705,3,2,3,7,10,15,Fully Furnished,0,No,Yes,Yes,Yes,Yes,12.47,1.37,9.94,South-East,24x7,17.285988,78.577062,115.48
Manikonda,Independent House,1750,3,2,0,0,9,3,Unfurnished,1,Yes,No,No,No,No,10.63,7.42,6.04,West,24x7,17.458584,78.477648,105.56
Balapur,Apartment,1734,3,3,3,8,16,10,Fully Furnished,1,Yes,Yes,No,No,Yes,5.62,6.73,2.8,South,Limited,17.382769,78.520073,67.2
Raidurg,Apartment,660,1,2,1,7,7,3,Semi-Furnished,0,No,No,No,Yes,Yes,13.75,1.98,3.95,South-West,Limited,17.290995,78.448286,60.66
Pragathi Nagar,Apartment,934,2,2,2,1,4,14,Unfurnished,2,Yes,Yes,Yes,No,Yes,4.37,3.97,5.54,North-West,12 Hours,17.325371,78.521386,49.78
Karmanghat,Apartment,1053,2,3,2,0,11,14,Semi-Furnished,1,Yes,Yes,No,No,Yes,4.76,3.4,6.14,South-West,Limited,17.30378,78.52122,43.81
Puppalaguda,Apartment,906,2,2,0,0,2,18,Semi-Furnished,0,Yes,Yes,No,Yes,No,6.18,1.08,7.47,North-East,12 Hours,17.458628,78.42213,58.81
Hafeezpet,Apartment,1810,3,3,0,1,4,16,Fully Furnished,2,No,No,Yes,Yes,No,10.38,1.58,3.66,South-West,24x7,17.452623,78.575623,122.83
Bollaram,Apartment,685,1,1,0,1,1,15,Fully Furnished,0,No,Yes,No,Yes,Yes,12.37,4.67,9.91,South,Limited,17.384435,78.510269,26.71
Hafeezpet,Apartment,1005,2,2,1,11,16,17,Semi-Furnished,2,No,No,No,No,Yes,12.5,2.62,3.67,South-West,24x7,17.399122,78.392777,66.31
Kothapet,Apartment,1060,2,2,2,2,5,15,Unfurnished,0,No,No,Yes,Yes,Yes,13.85,3.21,1.53,North-East,Limited,17.422905,78.522003,62.06
Saroornagar,Builder Floor,1879,4,4,2,6,11,18,Semi-Furnished,1,No,Yes,Yes,No,Yes,6.79,3.8,9.7,North-West,12 Hours,17.416777,78.465473,92.05
Jubilee Hills,Villa,1198,2,2,2,9,10,17,Fully Furnished,0,No,No,No,Yes,No,0.73,0.62,3.19,West,24x7,17.306319,78.518269,204.96
Banjara Hills,Apartment,1251,3,3,1,4,12,25,Fully Furnished,2,Yes,Yes,No,Yes,Yes,6.76,7.37,3.26,East,12 Hours,17.294642,78.582135,158.96
Bowenpally,Apartment,900,2,2,1,9,20,5,Fully Furnished,1,No,Yes,Yes,No,Yes,6.54,1.84,3.4,North-East,Limited,17.459151,78.543177,55.06
Pocharam,Apartment,1647,3,2,1,14,17,22,Semi-Furnished,2,No,No,No,No,No,6.6,3.46,0.76,East,12 Hours,17.43269,78.562403,70.52
Osman Nagar,Villa,1794,3,3,1,17,20,18,Semi-Furnished,0,No,Yes,No,Yes,No,12.21,7.04,4.87,East,24x7,17.350407,78.520219,112.52
Kapra,Apartment,1497,3,4,2,0,2,23,Fully Furnished,2,Yes,Yes,Yes,No,Yes,3.74,5.5,8.6,North-East,Limited,17.437457,78.546263,78.18
Banjara Hills,Apartment,884,2,1,0,3,20,16,Unfurnished,0,Yes,Yes,No,Yes,No,6.17,7.43,3.35,South-West,24x7,17.448567,78.410742,108.24
Saroornagar,Independent House,1873,3,2,3,5,5,0,Unfurnished,0,Yes,Yes,Yes,No,No,4.71,5.44,9.61,South-West,12 Hours,17.286152,78.451617,99.08
Malkajgiri,Apartment,1675,3,4,3,0,5,9,Semi-Furnished,0,No,Yes,No,Yes,No,1.12,7.28,9.65,South-West,Limited,17.364235,78.525793,77.27
Jubilee Hills,Apartment,1715,3,3,2,12,17,16,Unfurnished,0,Yes,No,No,No,Yes,4.54,6.17,3.38,South-East,24x7,17.374739,78.434209,181.98
Peerzadiguda,Builder Floor,1384,3,3,1,9,11,18,Semi-Furnished,2,No,Yes,Yes,Yes,Yes,3.86,5.42,5.24,South-West,12 Hours,17.330454,78.401339,58.63
Alwal,Villa,1046,2,3,0,2,2,8,Unfurnished,0,Yes,No,No,Yes,Yes,5.16,5.68,4.09,South,24x7,17.418643,78.510598,51.76
Ghatkesar,Apartment,1229,2,2,1,6,17,2,Fully Furnished,0,Yes,Yes,Yes,Yes,Yes,5.71,3.44,5.69,West,12 Hours,17.360957,78.559367,52.53
Patancheru,Apartment,1784,3,4,2,9,12,17,Unfurnished,0,No,No,No,Yes,Yes,2.34,4.28,1.46,South-West,24x7,17.380836,78.391828,70.91
Bandlaguda Jagir,Apartment,998,2,2,1,1,12,5,Semi-Furnished,0,Yes,No,No,Yes,Yes,8.95,7.51,9.86,East,24x7,17.361039,78.466465,53.2
Tarnaka,Apartment,1760,4,4,1,10,18,24,Fully Furnished,0,Yes,No,Yes,Yes,No,14.73,7.61,6.18,West,Limited,17.391721,78.508281,88.19
Tellapur,Independent House,1104,2,2,2,6,12,15,Semi-Furnished,0,Yes,Yes,Yes,Yes,No,10.39,5.98,5.75,East,12 Hours,17.447597,78.530325,66.31
Tellapur,Independent House,1318,3,4,0,11,20,11,Unfurnished,1,No,Yes,Yes,Yes,Yes,9.03,2.05,7.6,East,24x7,17.288647,78.425856,89.38
Nanakramguda,Apartment,994,2,1,1,9,12,20,Unfurnished,1,Yes,No,No,Yes,Yes,1.61,7.53,2.46,North-West,24x7,17.414495,78.566306,66.5
Begumpet,Independent House,1184,2,2,2,5,9,22,Fully Furnished,2,Yes,Yes,No,No,No,4.56,1.87,1.8,South,12 Hours,17.470407,78.398753,95.49
Bachupally,Apartment,1345,3,2,1,14,15,3,Unfurnished,1,Yes,No,No,No,No,12.49,0.95,3.15,South-East,12 Hours,17.355325,78.406984,60.96
Attapur,Apartment,944,2,3,2,2,2,9,Unfurnished,2,No,Yes,No,No,Yes,11.48,2.93,8.38,South-East,12 Hours,17.336355,78.443675,50.69
Puppalaguda,Apartment,1894,3,3,3,9,14,23,Fully Furnished,2,No,Yes,No,No,Yes,2.41,0.42,8.1,North-East,24x7,17.445605,78.494532,125.6
Saroornagar,Apartment,1165,2,2,1,4,9,25,Fully Furnished,2,Yes,Yes,No,No,No,12.79,3.72,0.66,East,12 Hours,17.407067,78.52993,52.03
Nampally,Apartment,1618,3,2,0,9,9,17,Semi-Furnished,0,No,Yes,No,No,No,13.1,1.28,6.49,North,Limited,17.36771,78.411077,77.8
Financial District,Apartment,809,1,2,1,2,2,22,Unfurnished,0,No,No,Yes,No,Yes,9.21,2.99,1.24,South-West,24x7,17.421224,78.422988,60.99
Raidurg,Apartment,1897,3,4,0,14,14,9,Unfurnished,0,No,No,No,No,No,7.32,7.8,6.41,North,12 Hours,17.426809,78.408075,152.38
Quthbullapur,Villa,658,1,1,1,6,7,18,Unfurnished,2,Yes,No,Yes,Yes,Yes,8.7,7.98,6.49,South-East,Limited,17.336313,78.579285,29.02
Vanasthalipuram,Apartment,1732,3,4,2,3,9,18,Semi-Furnished,0,No,Yes,No,Yes,No,5.06,7.79,7.08,South-West,Limited,17.446199,78.496745,63.9
Masab Tank,Apartment,1570,3,4,1,13,15,7,Fully Furnished,0,Yes,No,Yes,No,No,5.45,1.21,4.38,North,Limited,17.41163,78.576981,84.45
Tukkuguda,Villa,1715,4,4,0,4,14,24,Fully Furnished,2,No,Yes,Yes,Yes,No,0.85,1.59,1.19,South-East,12 Hours,17.448838,78.563541,67.95
Uppal,Apartment,1022,2,2,2,19,20,3,Fully Furnished,0,Yes,No,No,No,No,11.24,3.65,7.7,North,Limited,17.327409,78.508896,53.63
Rajendra Nagar,Apartment,2307,4,4,3,5,13,14,Unfurnished,2,No,Yes,Yes,No,No,5.45,4.64,9.02,South-East,12 Hours,17.452972,78.566705,109.9
Attapur,Independent House,1742,4,4,3,8,17,18,Fully Furnished,1,Yes,No,No,Yes,Yes,4.67,4.05,2.62,North,12 Hours,17.332374,78.542805,94.01
Kismatpur,Villa,1344,3,2,1,16,18,24,Unfurnished,0,Yes,Yes,Yes,No,Yes,5.86,2.47,9.5,South-East,Limited,17.449523,78.471448,55.59
Kothapet,Independent House,906,2,1,1,7,14,8,Unfurnished,0,No,Yes,No,Yes,Yes,11.05,2.82,5.32,North-East,12 Hours,17.304107,78.511472,47.36
Dilsukhnagar,Independent House,1522,3,2,3,4,4,10,Unfurnished,2,Yes,Yes,Yes,Yes,No,13.15,2.0,2.36,South-West,24x7,17.402322,78.420303,97.82
Madinaguda,Apartment,1298,2,1,2,0,7,13,Unfurnished,1,Yes,Yes,Yes,No,No,9.39,5.16,2.73,North-West,12 Hours,17.457559,78.430048,76.71
Ameenpur,Villa,1499,3,4,3,9,13,11,Fully Furnished,1,No,Yes,Yes,Yes,No,6.58,3.74,2.85,South-East,24x7,17.289728,78.515094,66.6
Pocharam,Apartment,1053,2,2,1,13,16,21,Unfurnished,0,No,No,Yes,No,Yes,8.65,2.79,6.91,South-East,12 Hours,17.394339,78.433089,39.8
Nacharam,Apartment,798,1,1,1,1,2,14,Semi-Furnished,0,Yes,Yes,Yes,No,Yes,9.27,0.45,7.36,South-East,24x7,17.403895,78.486053,38.83
Nampally,Independent House,575,1,1,1,6,18,5,Fully Furnished,1,Yes,No,Yes,No,No,6.49,4.56,2.86,East,24x7,17.312288,78.525729,42.74
Vanasthalipuram,Apartment,1243,3,3,2,0,10,7,Fully Furnished,2,Yes,Yes,No,Yes,No,10.0,1.31,7.53,North-East,24x7,17.37064,78.53022,56.43
Raidurg,Independent House,1625,3,2,0,4,18,3,Fully Furnished,2,No,Yes,No,No,No,7.93,0.48,3.1,South,24x7,17.483251,78.412379,189.11
Beeramguda,Apartment,897,2,2,1,8,18,15,Semi-Furnished,2,Yes,No,Yes,No,No,14.3,6.17,7.29,South-West,24x7,17.429868,78.502377,35.47
Hitech City,Independent House,1094,2,1,2,5,10,4,Fully Furnished,0,Yes,Yes,Yes,No,Yes,1.72,3.4,8.46,South,24x7,17.300884,78.403832,131.04
Ameerpet,Apartment,1014,2,3,0,3,9,24,Fully Furnished,1,No,No,Yes,No,No,10.78,4.26,8.66,West,24x7,17.323373,78.451374,69.16
Raidurg,Apartment,816,1,1,0,7,7,3,Unfurnished,1,No,Yes,No,Yes,No,6.29,2.58,4.64,North-East,Limited,17.355999,78.400585,71.1
Kapra,Apartment,2277,4,4,1,8,10,21,Unfurnished,2,No,No,No,No,Yes,14.07,7.44,7.34,North,24x7,17.298523,78.546771,107.28
Boduppal,Apartment,1090,2,1,0,3,10,6,Fully Furnished,0,No,No,Yes,Yes,No,9.12,0.81,6.55,South,12 Hours,17.393002,78.562716,39.33
Jubilee Hills,Apartment,1636,3,3,2,12,20,8,Fully Furnished,2,Yes,Yes,Yes,Yes,Yes,4.56,2.32,1.47,South-East,12 Hours,17.391592,78.451567,210.16
Rajendra Nagar,Apartment,1830,3,4,1,0,6,25,Unfurnished,0,Yes,Yes,Yes,Yes,No,13.18,2.79,9.01,East,24x7,17.418897,78.585528,85.89
Neredmet,Apartment,1106,2,1,0,12,18,12,Semi-Furnished,2,No,No,No,No,Yes,13.31,6.78,9.58,North-East,Limited,17.396557,78.53283,52.82
Mallapur,Apartment,1456,3,2,3,2,12,0,Semi-Furnished,1,No,No,Yes,Yes,No,5.93,7.49,9.96,South,12 Hours,17.297028,78.499159,78.48
Vanasthalipuram,Apartment,898,2,2,1,0,17,19,Semi-Furnished,0,No,No,No,Yes,No,4.48,0.74,5.94,East,Limited,17.320061,78.524701,37.68
Kismatpur,Apartment,1233,2,1,0,0,12,19,Fully Furnished,0,Yes,Yes,Yes,No,Yes,1.31,5.21,1.09,West,Limited,17.392166,78.406035,61.86
Miyapur,Apartment,712,1,1,1,0,17,21,Semi-Furnished,1,Yes,Yes,Yes,Yes,No,1.72,3.71,3.12,South,Limited,17.436233,78.456214,38.36
Maheshwaram,Apartment,1320,3,3,3,2,19,18,Semi-Furnished,0,Yes,Yes,Yes,Yes,Yes,5.1,5.13,0.69,North,24x7,17.44409,78.572136,37.46
Maheshwaram,Apartment,1952,4,4,1,2,5,1,Semi-Furnished,2,No,Yes,No,Yes,No,6.5,6.73,3.09,South,24x7,17.364863,78.417183,72.93
ECIL,Apartment,1031,2,2,1,14,17,20,Fully Furnished,0,Yes,No,Yes,Yes,No,5.53,6.54,8.06,South,12 Hours,17.4704,78.494691,55.9
Karmanghat,Apartment,1464,3,3,3,0,9,3,Fully Furnished,2,Yes,No,Yes,No,No,5.9,3.21,6.09,East,12 Hours,17.389192,78.511417,74.65
Tukkuguda,Villa,765,1,2,1,10,11,3,Unfurnished,1,No,Yes,No,Yes,Yes,6.87,5.05,6.14,South-East,Limited,17.436054,78.412243,31.53
Boduppal,Apartment,1022,2,3,2,4,13,1,Unfurnished,2,Yes,No,No,No,No,9.1,1.56,2.08,North-East,Limited,17.441406,78.528449,42.33
Pragathi Nagar,Independent House,1020,2,1,0,2,10,25,Semi-Furnished,1,No,Yes,No,Yes,Yes,3.41,1.62,3.42,North,24x7,17.345626,78.439323,55.29
Mallapur,Independent House,1134,2,2,0,5,16,11,Unfurnished,1,No,Yes,No,No,No,10.74,6.18,1.41,North,12 Hours,17.302529,78.574092,48.62
Uppal,Villa,1634,3,4,0,7,12,21,Fully Furnished,2,Yes,Yes,Yes,Yes,No,5.75,4.16,0.52,South-East,24x7,17.346105,78.466096,92.31
Suchitra,Apartment,704,1,2,0,6,11,20,Unfurnished,1,Yes,No,No,No,No,1.0,7.68,4.51,North,12 Hours,17.405119,78.489836,27.46
Puppalaguda,Independent House,1225,2,1,2,12,13,25,Unfurnished,0,No,Yes,No,No,Yes,7.55,7.69,4.32,East,12 Hours,17.384393,78.585132,78.66
ECIL,Apartment,1661,3,3,3,8,11,11,Unfurnished,0,No,No,Yes,Yes,Yes,5.39,7.49,6.11,South,Limited,17.326702,78.572819,85.87
Nagole,Apartment,912,2,3,1,0,12,19,Fully Furnished,1,No,No,No,No,Yes,8.37,1.68,3.89,East,12 Hours,17.44849,78.462825,45.76
Begumpet,Apartment,868,2,3,0,0,6,17,Unfurnished,0,Yes,No,No,No,No,14.59,5.61,2.82,South-West,24x7,17.458611,78.547885,55.38
Somajiguda,Apartment,1853,3,2,3,2,17,10,Fully Furnished,2,No,No,No,Yes,Yes,14.28,2.28,6.7,West,12 Hours,17.345936,78.402884,168.61
Miyapur,Apartment,1113,2,2,2,1,2,18,Semi-Furnished,0,No,No,Yes,No,Yes,9.27,7.31,6.94,North-East,24x7,17.319705,78.52569,60.34
Film Nagar,Apartment,1086,2,2,0,3,8,0,Fully Furnished,1,Yes,Yes,No,No,No,9.7,2.83,4.2,East,12 Hours,17.480122,78.514894,144.8
Punjagutta,Independent House,1287,2,3,0,5,18,21,Semi-Furnished,1,No,Yes,Yes,No,No,1.7,6.06,5.53,North-East,12 Hours,17.311505,78.559103,107.5
Isnapur,Apartment,1370,3,3,3,12,14,0,Semi-Furnished,2,No,Yes,No,Yes,No,9.3,6.84,1.42,South,24x7,17.382412,78.507951,58.66
Badangpet,Apartment,1248,2,3,2,5,14,24,Unfurnished,1,No,No,No,Yes,No,7.78,4.4,2.64,South-East,12 Hours,17.319968,78.487213,42.42
Old Alwal,Apartment,2109,4,4,0,10,18,24,Semi-Furnished,2,Yes,Yes,No,No,No,6.45,5.2,6.38,North,Limited,17.314275,78.460207,86.83
LB Nagar,Apartment,1223,3,3,1,4,6,20,Semi-Furnished,2,Yes,No,Yes,No,Yes,12.83,1.54,4.01,South,24x7,17.290162,78.413733,49.62
Pragathi Nagar,Apartment,565,1,1,1,7,15,21,Fully Furnished,1,Yes,Yes,No,Yes,No,13.15,7.3,2.83,West,24x7,17.394906,78.579864,29.71
Isnapur,Villa,2989,5,4,3,8,9,3,Fully Furnished,2,Yes,No,No,Yes,No,12.27,6.68,7.39,East,12 Hours,17.347363,78.487928,134.37
Dilsukhnagar,Apartment,913,2,1,0,9,9,24,Unfurnished,2,Yes,No,No,No,Yes,13.74,6.43,2.5,West,12 Hours,17.306133,78.514865,47.25
Raidurg,Villa,1450,3,3,2,7,10,10,Semi-Furnished,2,No,No,Yes,Yes,Yes,8.07,0.5,8.86,North-West,Limited,17.408918,78.51674,152.94
Ameerpet,Independent House,1512,3,4,3,2,10,23,Fully Furnished,0,Yes,No,No,No,Yes,0.91,1.93,3.38,East,12 Hours,17.29727,78.542852,115.86
Dilsukhnagar,Apartment,1374,3,3,1,16,19,10,Fully Furnished,1,No,No,Yes,No,Yes,7.52,3.23,6.85,West,12 Hours,17.296633,78.585673,78.11
Ameerpet,Apartment,1248,2,1,2,5,7,15,Semi-Furnished,2,Yes,Yes,Yes,No,Yes,6.28,1.06,3.63,West,12 Hours,17.424007,78.583436,70.28
Hayathnagar,Villa,2314,5,5,1,4,8,25,Fully Furnished,0,Yes,Yes,No,Yes,Yes,14.7,2.35,3.14,South,Limited,17.31345,78.410977,101.41
Tellapur,Apartment,974,2,3,1,4,4,25,Unfurnished,1,Yes,Yes,No,Yes,No,1.71,1.82,5.65,South,Limited,17.305209,78.525132,50.72
Meerpet,Apartment,1814,4,5,1,19,19,24,Semi-Furnished,0,No,No,No,No,Yes,5.27,4.02,3.2,North-East,12 Hours,17.386884,78.586039,54.91
Bowenpally,Apartment,1516,3,4,0,3,6,0,Semi-Furnished,2,No,No,Yes,Yes,Yes,11.53,5.48,1.4,South-West,12 Hours,17.408044,78.447951,88.86
Hayathnagar,Apartment,968,2,2,1,9,17,10,Fully Furnished,1,Yes,No,Yes,Yes,No,2.77,6.2,7.97,North,Limited,17.390408,78.471917,35.59
Kothaguda,Builder Floor,3419,5,5,2,4,8,15,Semi-Furnished,1,Yes,No,No,No,No,7.02,3.57,4.24,South-East,24x7,17.462321,78.476657,234.72
Nanakramguda,Apartment,1667,3,3,0,3,7,21,Fully Furnished,1,No,No,Yes,No,No,11.97,2.81,5.82,South,24x7,17.358552,78.469526,133.85
LB Nagar,Villa,974,2,2,1,15,16,1,Fully Furnished,1,No,Yes,No,No,Yes,1.97,5.23,3.12,North-West,12 Hours,17.431723,78.540561,65.36
Boduppal,Villa,761,1,1,0,9,19,18,Unfurnished,2,Yes,No,Yes,No,No,8.57,6.59,7.05,North,24x7,17.368231,78.482969,29.75
Masab Tank,Independent House,1419,3,3,2,7,15,14,Semi-Furnished,1,Yes,No,No,Yes,Yes,2.23,3.46,4.26,South-West,24x7,17.336963,78.538758,109.58
Nanakramguda,Apartment,1232,3,3,3,9,10,10,Fully Furnished,0,Yes,Yes,Yes,Yes,Yes,8.82,3.91,6.68,South,24x7,17.392062,78.42974,115.43
Mallapur,Apartment,2456,4,4,2,1,3,20,Fully Furnished,1,No,No,Yes,No,No,0.59,6.68,0.68,South,12 Hours,17.33324,78.581875,106.65
ECIL,Apartment,1745,3,4,1,11,19,22,Fully Furnished,0,Yes,Yes,Yes,No,Yes,1.96,4.41,9.47,East,24x7,17.476915,78.484271,80.62
Kokapet,Villa,2373,4,4,1,2,10,13,Semi-Furnished,0,Yes,No,Yes,Yes,No,2.29,7.6,0.74,South,12 Hours,17.394592,78.477575,205.26
Neredmet,Apartment,1804,3,2,0,4,6,18,Fully Furnished,2,Yes,Yes,Yes,Yes,No,11.24,3.06,9.96,South-East,24x7,17.304617,78.484348,91.15
Manikonda,Apartment,1110,2,1,1,0,1,12,Semi-Furnished,1,Yes,No,No,No,Yes,6.8,6.83,3.36,West,Limited,17.349935,78.534171,67.92
Boduppal,Builder Floor,1181,2,2,0,1,5,5,Fully Furnished,0,Yes,Yes,Yes,No,Yes,1.39,6.48,8.73,North-East,12 Hours,17.360178,78.465595,47.26
Kothaguda,Apartment,1855,4,4,2,1,4,0,Semi-Furnished,0,No,No,No,No,No,0.91,0.5,0.77,South-West,24x7,17.442003,78.565117,152.99
Habsiguda,Apartment,1737,3,3,1,0,4,11,Unfurnished,0,No,Yes,Yes,No,No,14.76,6.89,5.6,North,Limited,17.442381,78.449781,77.12
Banjara Hills,Apartment,1963,4,4,2,11,18,19,Fully Furnished,2,Yes,No,No,Yes,Yes,3.68,1.3,9.45,South,Limited,17.372521,78.437634,221.24
Narsingi,Apartment,1807,4,4,1,2,9,23,Fully Furnished,1,No,No,No,Yes,No,6.62,5.39,6.0,East,Limited,17.292685,78.567052,117.78
Financial District,Builder Floor,567,1,1,0,5,13,0,Fully Furnished,1,No,No,Yes,No,No,14.89,3.79,3.0,South-West,24x7,17.41244,78.518571,52.82
Beeramguda,Villa,945,2,2,1,14,16,21,Unfurnished,2,No,No,Yes,No,No,9.81,7.73,1.7,South,12 Hours,17.412334,78.509487,41.64
Neknampur,Independent House,1027,2,2,1,8,14,2,Fully Furnished,0,No,Yes,Yes,Yes,Yes,3.38,6.03,5.49,North,Limited,17.388682,78.416734,68.75
Vanasthalipuram,Independent House,967,2,2,1,0,6,21,Unfurnished,2,Yes,Yes,No,Yes,No,1.21,7.76,4.31,South-East,Limited,17.387444,78.522746,39.8
Boduppal,Apartment,1507,3,2,0,8,9,21,Semi-Furnished,0,Yes,Yes,No,Yes,Yes,7.47,1.53,9.73,South,12 Hours,17.301958,78.529965,60.06
Patancheru,Apartment,1277,2,2,0,4,8,4,Semi-Furnished,0,Yes,Yes,No,Yes,No,11.53,0.38,1.61,North-East,Limited,17.299251,78.389122,48.82
Tukkuguda,Apartment,1505,3,2,3,0,5,24,Fully Furnished,1,No,Yes,No,No,Yes,9.59,3.58,2.1,South-West,12 Hours,17.432502,78.45735,62.18
Kothapet,Apartment,1813,3,3,1,13,16,13,Unfurnished,2,Yes,No,No,No,No,6.58,6.74,9.84,West,24x7,17.354941,78.541631,81.07
Ghatkesar,Apartment,1072,2,2,0,12,16,19,Fully Furnished,2,No,Yes,Yes,Yes,Yes,2.2,6.18,3.93,South-East,12 Hours,17.322039,78.421522,38.75
Abids,Independent House,1787,3,2,3,10,14,0,Unfurnished,2,Yes,Yes,No,Yes,No,13.85,6.47,7.43,North-East,12 Hours,17.417061,78.539575,134.19
Abids,Builder Floor,1078,2,1,1,8,15,24,Unfurnished,0,No,No,No,Yes,No,12.92,2.87,6.36,South,12 Hours,17.289189,78.403134,58.32
Narsingi,Independent House,1520,3,4,1,3,13,8,Fully Furnished,1,No,No,No,No,Yes,14.41,2.79,1.56,North-East,Limited,17.344089,78.540545,129.08
Quthbullapur,Apartment,1206,2,1,0,0,3,22,Fully Furnished,2,No,No,Yes,No,No,6.25,7.39,1.48,North-East,Limited,17.361388,78.427837,56.11
Kondapur,Builder Floor,870,2,2,2,5,5,8,Unfurnished,1,Yes,Yes,Yes,Yes,No,9.89,1.96,0.62,South,24x7,17.408003,78.541627,69.55
Neredmet,Apartment,2593,5,5,1,12,17,20,Fully Furnished,1,No,No,No,No,No,5.79,7.43,2.73,North-West,24x7,17.39106,78.39509,121.38
Somajiguda,Independent House,1298,3,4,2,4,4,7,Fully Furnished,1,Yes,No,No,Yes,No,9.47,4.13,4.64,North,24x7,17.444743,78.445264,124.28
Safilguda,Apartment,2188,4,4,0,1,12,23,Semi-Furnished,2,No,Yes,No,No,Yes,14.8,1.96,4.8,North-East,12 Hours,17.405376,78.503185,110.07
Meerpet,Builder Floor,1126,2,2,0,1,20,22,Semi-Furnished,2,Yes,Yes,Yes,No,Yes,11.12,2.22,6.21,North,24x7,17.447354,78.517996,52.23
Beeramguda,Independent House,898,2,3,2,12,13,13,Semi-Furnished,2,No,Yes,No,Yes,Yes,5.01,1.67,4.59,North-East,12 Hours,17.352654,78.572317,37.78
Madinaguda,Apartment,1181,2,1,1,3,15,16,Semi-Furnished,0,Yes,Yes,No,Yes,Yes,0.53,7.89,0.62,North-West,12 Hours,17.359433,78.473115,65.3
Meerpet,Apartment,638,1,1,1,4,6,6,Semi-Furnished,0,Yes,No,Yes,No,Yes,7.86,6.57,4.73,East,Limited,17.407588,78.575315,29.58
Ameerpet,Apartment,942,2,2,0,6,16,19,Unfurnished,2,No,No,No,No,Yes,10.2,0.8,2.84,North,24x7,17.3093,78.426194,65.24
Miyapur,Apartment,795,1,1,0,8,11,18,Fully Furnished,2,No,Yes,No,No,Yes,6.99,1.82,9.47,South-East,12 Hours,17.414162,78.443881,43.29
Kondapur,Apartment,1137,2,3,2,4,13,15,Semi-Furnished,2,Yes,Yes,Yes,Yes,No,13.44,6.06,5.93,North,Limited,17.457274,78.556003,95.37
Financial District,Apartment,2094,4,4,2,1,18,21,Semi-Furnished,2,Yes,No,Yes,Yes,Yes,7.13,1.73,2.6,North-West,24x7,17.335448,78.537708,206.02
Ramanthapur,Apartment,1246,3,4,1,2,4,0,Unfurnished,2,No,Yes,No,Yes,No,13.8,3.4,1.98,South,Limited,17.4534,78.532398,55.96
ECIL,Apartment,1841,3,3,1,6,9,22,Unfurnished,1,No,No,No,Yes,No,4.17,0.38,7.08,East,Limited,17.416232,78.422186,81.44
Tellapur,Apartment,608,1,1,0,2,16,5,Fully Furnished,1,Yes,No,No,No,No,4.63,4.69,1.53,West,12 Hours,17.481934,78.574178,40.74
Manikonda,Independent House,1115,2,1,1,3,16,3,Unfurnished,0,No,Yes,Yes,Yes,Yes,6.82,3.16,7.51,South-West,Limited,17.317963,78.413046,70.59
LB Nagar,Independent House,1244,3,2,1,4,11,5,Semi-Furnished,1,Yes,Yes,No,No,Yes,14.23,4.19,2.64,South,12 Hours,17.448557,78.429402,65.53
Neredmet,Villa,675,1,1,0,4,5,10,Unfurnished,0,Yes,No,Yes,Yes,No,5.87,1.4,1.49,South,24x7,17.453141,78.53326,31.39
Banjara Hills,Apartment,1140,2,1,0,2,2,17,Unfurnished,0,No,No,No,No,No,13.7,2.13,5.16,North-East,12 Hours,17.40307,78.488372,141.31
Nagole,Villa,1124,2,2,0,2,5,20,Fully Furnished,0,No,No,Yes,No,Yes,6.76,2.61,0.9,South-East,Limited,17.398004,78.524477,64.73
Suchitra,Apartment,1413,3,4,3,7,14,23,Semi-Furnished,1,No,No,No,No,No,10.15,1.32,5.53,South,24x7,17.412258,78.538924,64.03
Meerpet,Builder Floor,1833,3,3,3,13,18,11,Fully Furnished,1,Yes,No,Yes,No,Yes,8.37,3.78,9.09,South-East,24x7,17.377311,78.388566,74.73
Nizampet,Apartment,1046,2,3,0,0,15,22,Unfurnished,1,Yes,No,Yes,No,Yes,2.68,2.74,2.83,North,12 Hours,17.430292,78.585062,49.24
Shamshabad,Apartment,1236,3,2,0,0,3,0,Unfurnished,1,Yes,No,No,Yes,Yes,14.39,2.67,1.13,North-West,Limited,17.365299,78.546714,58.07
Boduppal,Independent House,901,2,2,0,3,6,3,Fully Furnished,2,No,Yes,No,No,Yes,14.65,5.41,1.89,South-West,24x7,17.396017,78.533314,44.19
Osman Nagar,Apartment,1242,2,1,2,7,12,18,Fully Furnished,0,No,Yes,No,No,No,14.82,7.13,1.15,North,Limited,17.322605,78.457777,61.48
Isnapur,Villa,1254,2,2,2,4,11,22,Unfurnished,1,No,Yes,No,Yes,No,12.84,1.78,3.16,East,12 Hours,17.395845,78.387746,48.3
Hafeezpet,Apartment,1469,3,4,3,0,11,8,Fully Furnished,2,No,Yes,No,Yes,Yes,13.14,7.43,0.6,East,12 Hours,17.292062,78.535847,83.29
Pragathi Nagar,Apartment,688,1,2,1,12,12,16,Semi-Furnished,1,No,Yes,No,No,Yes,7.59,2.35,9.18,West,Limited,17.476615,78.460288,33.93
Dilsukhnagar,Apartment,1240,2,1,0,1,3,11,Unfurnished,0,Yes,Yes,Yes,Yes,Yes,11.18,2.93,9.13,West,24x7,17.314778,78.447821,58.31
Tukkuguda,Apartment,1190,2,1,2,0,4,22,Unfurnished,0,Yes,Yes,Yes,Yes,Yes,6.78,5.58,2.5,West,12 Hours,17.484267,78.460362,44.86
Tukkuguda,Apartment,1707,3,3,3,10,10,18,Unfurnished,1,Yes,Yes,Yes,Yes,Yes,4.32,7.06,5.97,South,Limited,17.429414,78.563939,64.33
Raidurg,Apartment,966,2,2,1,9,19,19,Semi-Furnished,2,No,Yes,No,No,No,11.16,4.39,6.72,North-East,12 Hours,17.363305,78.469224,75.82
Kokapet,Apartment,1225,2,1,2,1,14,21,Fully Furnished,1,Yes,Yes,No,No,Yes,8.75,5.9,3.53,North-West,Limited,17.285644,78.510618,78.89
Ramanthapur,Independent House,1231,2,2,0,5,19,1,Fully Furnished,1,No,No,No,No,No,7.22,7.22,4.8,North,Limited,17.443839,78.405298,61.82
Tarnaka,Villa,1590,3,3,3,0,12,13,Fully Furnished,0,Yes,Yes,Yes,Yes,Yes,6.17,1.45,3.7,East,12 Hours,17.381195,78.515165,96.68
Kothaguda,Independent House,1484,3,3,1,15,16,13,Semi-Furnished,0,No,Yes,No,Yes,Yes,14.32,5.74,6.27,North,24x7,17.400997,78.498997,108.96
Ramanthapur,Apartment,707,1,1,1,10,10,19,Semi-Furnished,2,Yes,Yes,No,No,No,12.2,6.95,4.01,South-West,24x7,17.405698,78.521994,30.31
Safilguda,Apartment,1017,2,2,1,8,16,17,Semi-Furnished,2,No,Yes,Yes,No,Yes,10.77,4.99,8.23,South,12 Hours,17.338964,78.55171,48.46
Boduppal,Apartment,2093,4,4,2,3,3,14,Fully Furnished,2,No,Yes,No,No,Yes,11.97,2.43,1.86,East,12 Hours,17.300412,78.39841,76.35
Kompally,Apartment,1167,2,3,2,2,5,10,Semi-Furnished,1,Yes,Yes,Yes,No,Yes,11.16,1.8,8.09,North-East,24x7,17.441979,78.528236,69.74
Nacharam,Independent House,683,1,1,0,0,10,0,Fully Furnished,2,No,Yes,No,No,Yes,6.98,3.24,1.99,South-West,12 Hours,17.388454,78.47474,45.96
Malkajgiri,Apartment,1664,3,3,1,4,19,10,Unfurnished,0,Yes,No,No,No,Yes,5.07,5.85,5.73,South-East,Limited,17.350639,78.473504,74.39
Lakdikapul,Apartment,1235,3,3,2,18,19,1,Fully Furnished,0,Yes,No,Yes,Yes,Yes,2.7,4.33,9.43,South,24x7,17.329122,78.506345,79.24
Nampally,Apartment,885,2,3,1,1,18,16,Semi-Furnished,2,No,Yes,Yes,Yes,No,2.81,6.17,8.75,South,24x7,17.48467,78.573323,47.42
Patancheru,Apartment,665,1,2,0,0,2,24,Unfurnished,0,Yes,No,No,No,No,0.78,6.19,5.18,South-East,Limited,17.36925,78.513935,26.13
Pragathi Nagar,Apartment,1101,2,1,1,2,3,16,Unfurnished,1,Yes,Yes,Yes,No,No,8.57,4.23,2.02,South,Limited,17.308667,78.468681,58.97
Khairatabad,Apartment,911,2,2,1,1,1,19,Fully Furnished,2,No,Yes,Yes,Yes,Yes,6.12,1.12,9.36,South,24x7,17.361767,78.501074,61.32
Begumpet,Villa,1569,3,4,0,4,8,6,Fully Furnished,0,No,Yes,Yes,Yes,No,3.49,7.59,4.19,North-West,12 Hours,17.321895,78.459147,140.03
Kismatpur,Villa,1811,3,3,1,0,3,0,Unfurnished,2,Yes,Yes,No,Yes,No,6.95,5.91,9.63,West,24x7,17.290239,78.391538,95.24
Nizampet,Apartment,1298,2,2,0,6,9,20,Unfurnished,1,Yes,Yes,No,Yes,No,7.13,7.48,9.84,South,24x7,17.339614,78.490316,72.93
Hitech City,Apartment,1221,2,2,1,17,19,8,Semi-Furnished,0,No,Yes,Yes,Yes,Yes,6.26,3.21,0.85,South-East,12 Hours,17.473136,78.438559,128.87
Jubilee Hills,Villa,1487,3,3,3,4,7,0,Fully Furnished,1,Yes,Yes,No,Yes,Yes,13.17,6.73,4.64,South-West,24x7,17.459546,78.555087,284.21
Old Alwal,Apartment,1270,2,3,2,2,6,21,Semi-Furnished,2,Yes,No,No,No,Yes,8.91,3.17,9.84,North-East,24x7,17.445529,78.478337,53.96
Ramanthapur,Apartment,1071,2,1,2,2,9,10,Semi-Furnished,2,No,No,Yes,Yes,No,7.84,6.92,6.44,North-West,Limited,17.311696,78.40282,55.7
Kothaguda,Independent House,1267,2,2,2,1,13,13,Unfurnished,2,Yes,Yes,Yes,No,Yes,11.23,5.57,7.98,South-West,24x7,17.384292,78.47407,116.3
Mehdipatnam,Builder Floor,1602,3,3,2,11,14,24,Unfurnished,0,No,Yes,Yes,Yes,Yes,7.68,7.35,7.1,North-East,24x7,17.438103,78.418482,95.78
Begumpet,Apartment,1267,2,2,0,0,1,9,Unfurnished,0,Yes,Yes,Yes,No,No,14.29,3.55,3.9,South-East,24x7,17.312071,78.536975,93.69
Begumpet,Apartment,1069,2,3,2,18,20,1,Fully Furnished,1,Yes,No,No,No,Yes,4.21,3.95,8.08,West,12 Hours,17.476323,78.400492,93.21
Adibatla,Builder Floor,1227,3,4,0,2,16,15,Semi-Furnished,2,Yes,Yes,Yes,Yes,No,6.01,2.9,6.23,South-West,24x7,17.341437,78.439041,45.13
Ameerpet,Independent House,1421,3,4,0,0,1,18,Fully Furnished,0,No,Yes,Yes,No,No,10.61,3.29,9.29,East,12 Hours,17.466251,78.436609,95.72
Neknampur,Apartment,1081,2,2,0,1,2,19,Semi-Furnished,1,Yes,Yes,Yes,Yes,No,7.55,0.34,7.87,North,12 Hours,17.43688,78.476648,65.79
Begumpet,Apartment,2297,4,5,1,3,15,3,Unfurnished,0,Yes,Yes,No,No,No,12.02,3.61,7.23,North-West,Limited,17.298073,78.484214,166.25
Puppalaguda,Apartment,1135,2,3,0,0,3,8,Fully Furnished,1,No,No,Yes,Yes,Yes,0.85,0.97,2.27,South,12 Hours,17.297531,78.567987,77.39
Mehdipatnam,Apartment,644,1,2,0,1,18,7,Unfurnished,0,No,Yes,No,Yes,No,1.37,6.37,1.57,North-East,Limited,17.391484,78.468919,37.6
Begumpet,Apartment,1095,2,2,0,15,16,15,Unfurnished,0,Yes,No,Yes,Yes,Yes,12.94,1.42,7.72,South-West,Limited,17.464967,78.391065,70.63
Meerpet,Apartment,1840,3,3,1,6,9,1,Semi-Furnished,0,No,No,Yes,Yes,No,6.17,4.97,8.74,North,12 Hours,17.477679,78.498734,74.22
Dilsukhnagar,Apartment,1361,3,3,2,2,16,13,Fully Furnished,0,No,Yes,Yes,Yes,Yes,5.86,3.33,4.91,North-West,12 Hours,17.295452,78.470459,77.06
Kismatpur,Villa,1681,3,4,3,17,19,21,Fully Furnished,2,Yes,No,No,Yes,No,14.64,4.4,6.36,West,12 Hours,17.431164,78.582959,84.12
Kapra,Villa,1433,3,3,2,3,8,11,Semi-Furnished,0,No,No,No,No,No,10.21,1.75,6.32,North,Limited,17.415835,78.42632,67.68
Miyapur,Apartment,1766,3,3,1,5,15,3,Fully Furnished,2,No,Yes,Yes,No,Yes,13.37,6.53,4.06,South-East,12 Hours,17.377786,78.581101,114.9
Nagole,Apartment,886,2,2,0,13,13,17,Semi-Furnished,0,Yes,Yes,No,No,No,14.05,4.54,8.3,South-East,24x7,17.354901,78.409519,47.8
Financial District,Apartment,1310,3,4,3,5,13,3,Unfurnished,0,Yes,No,Yes,Yes,Yes,4.52,4.52,3.05,West,Limited,17.330063,78.436893,117.08
Bachupally,Villa,1210,3,2,2,8,20,9,Semi-Furnished,0,Yes,Yes,No,No,Yes,2.7,4.56,3.51,South,24x7,17.397245,78.491378,61.4
Saroornagar,Apartment,1142,2,2,1,0,4,7,Semi-Furnished,0,Yes,No,Yes,Yes,Yes,4.55,0.32,6.88,South-East,Limited,17.457028,78.531263,60.93
Attapur,Apartment,891,2,3,2,14,15,4,Fully Furnished,1,No,Yes,No,Yes,No,6.83,7.04,3.75,East,12 Hours,17.426567,78.495408,49.21
Shamshabad,Independent House,1581,3,3,0,12,20,5,Semi-Furnished,0,Yes,No,No,No,No,4.11,2.54,2.69,South-West,24x7,17.37666,78.483639,71.61
Bowenpally,Apartment,1259,2,1,1,11,19,11,Semi-Furnished,0,No,No,No,No,Yes,6.84,2.98,3.06,North-East,12 Hours,17.47414,78.556695,69.52
Hafeezpet,Villa,1813,3,3,0,5,13,1,Unfurnished,0,Yes,Yes,Yes,No,Yes,8.12,2.26,1.92,North,12 Hours,17.377459,78.469053,121.87
Madinaguda,Apartment,884,2,2,0,1,20,18,Fully Furnished,2,Yes,No,No,No,Yes,3.93,6.52,2.36,West,24x7,17.394086,78.399155,49.27
Kapra,Apartment,1766,3,3,1,4,5,5,Unfurnished,0,No,Yes,No,Yes,Yes,6.21,1.59,4.96,North,24x7,17.446281,78.478548,79.48
Mehdipatnam,Independent House,1082,2,2,2,1,4,5,Fully Furnished,2,Yes,Yes,No,Yes,Yes,4.66,4.37,5.15,South-East,Limited,17.442256,78.426973,72.99
Uppal,Apartment,1732,3,3,3,8,9,13,Unfurnished,2,No,Yes,Yes,Yes,Yes,9.2,3.13,3.34,South-East,12 Hours,17.317941,78.452743,88.12
Begumpet,Apartment,1216,3,3,3,3,5,18,Fully Furnished,0,No,No,Yes,Yes,Yes,13.56,7.26,2.9,South-East,12 Hours,17.388877,78.427676,97.6
Mehdipatnam,Apartment,876,2,2,0,2,4,11,Unfurnished,1,No,No,No,Yes,No,5.64,4.25,5.03,South-West,24x7,17.460916,78.560816,60.14
Khairatabad,Apartment,1211,3,2,1,8,18,1,Unfurnished,2,Yes,No,Yes,No,No,5.34,5.02,3.8,North-West,12 Hours,17.375248,78.583698,78.02
Financial District,Apartment,2476,4,5,3,1,17,21,Fully Furnished,2,Yes,Yes,No,No,No,11.11,5.19,1.87,South,24x7,17.290433,78.399741,240.61
Attapur,Apartment,705,1,1,0,6,7,18,Unfurnished,1,Yes,No,No,Yes,Yes,14.87,1.56,0.86,South-West,24x7,17.466844,78.49444,34.35
Pocharam,Villa,1281,3,4,2,11,20,15,Semi-Furnished,2,No,No,Yes,No,Yes,3.78,0.47,5.09,North-West,Limited,17.306095,78.518056,54.56
Ramanthapur,Builder Floor,703,1,1,0,4,5,7,Unfurnished,0,No,Yes,Yes,No,No,11.27,3.53,3.65,West,24x7,17.361084,78.541822,40.85
Adibatla,Builder Floor,1521,3,2,3,13,13,13,Unfurnished,1,No,Yes,No,No,Yes,4.97,4.05,9.98,South-East,Limited,17.325753,78.491366,60.79
Uppal,Independent House,1162,2,2,1,4,6,10,Fully Furnished,1,Yes,Yes,Yes,Yes,Yes,2.68,3.6,9.02,North,24x7,17.443571,78.502219,68.69
Boduppal,Apartment,1281,2,2,2,10,12,18,Unfurnished,0,Yes,No,No,Yes,Yes,14.95,0.93,0.88,East,24x7,17.444583,78.465894,49.4
Lakdikapul,Builder Floor,1153,2,2,2,2,17,19,Semi-Furnished,0,Yes,No,No,Yes,Yes,7.7,2.02,3.2,South-East,12 Hours,17.391606,78.418291,83.59
Kothaguda,Apartment,1110,2,2,1,6,13,25,Unfurnished,1,No,Yes,Yes,No,Yes,10.7,0.58,1.06,West,24x7,17.443652,78.450052,84.17
Safilguda,Apartment,720,1,1,0,13,16,13,Unfurnished,2,No,Yes,No,Yes,No,2.77,1.77,1.13,East,12 Hours,17.466229,78.442081,31.7
Madinaguda,Apartment,2502,4,4,3,2,5,23,Fully Furnished,1,No,Yes,Yes,Yes,No,6.53,4.05,9.89,North,24x7,17.313142,78.427103,151.67
Alwal,Apartment,1907,4,4,3,0,2,20,Semi-Furnished,2,No,No,No,Yes,Yes,7.5,6.65,5.26,South,24x7,17.463798,78.517559,89.72
Ameenpur,Apartment,1120,2,2,1,1,2,23,Fully Furnished,2,No,No,Yes,No,No,0.76,4.84,9.67,West,12 Hours,17.373065,78.50976,47.99
Pocharam,Apartment,2554,4,4,3,4,9,20,Unfurnished,0,No,No,No,Yes,Yes,1.09,7.63,4.77,South-East,24x7,17.461483,78.547421,109.57
Raidurg,Apartment,2126,4,3,2,1,20,15,Fully Furnished,0,No,Yes,Yes,No,No,3.07,5.35,0.64,South-East,24x7,17.478425,78.470252,184.12
Patancheru,Builder Floor,616,1,1,0,10,10,8,Semi-Furnished,0,No,Yes,Yes,No,Yes,11.59,2.52,9.98,West,24x7,17.418584,78.513634,24.01
Neknampur,Builder Floor,688,1,1,0,10,15,3,Fully Furnished,2,No,Yes,No,No,Yes,5.67,1.01,2.18,South,Limited,17.461386,78.472198,36.04
Film Nagar,Builder Floor,1025,2,2,2,6,18,15,Fully Furnished,1,Yes,No,No,No,Yes,12.21,6.27,4.32,North,24x7,17.287522,78.498651,100.41
Maheshwaram,Independent House,1268,3,3,3,14,18,12,Semi-Furnished,2,No,Yes,Yes,Yes,No,3.23,4.7,0.66,North-West,Limited,17.428871,78.564752,50.72
Tarnaka,Builder Floor,1787,4,4,0,16,20,17,Unfurnished,2,Yes,No,No,No,Yes,9.56,0.55,8.43,North-West,24x7,17.431299,78.424182,86.81
Hayathnagar,Apartment,1256,3,3,1,6,9,4,Semi-Furnished,1,No,Yes,No,Yes,No,4.97,2.61,0.72,North-East,12 Hours,17.448813,78.494859,55.42
Manikonda,Apartment,1813,3,2,2,0,4,8,Semi-Furnished,1,Yes,Yes,Yes,Yes,Yes,1.21,2.7,7.73,West,Limited,17.34787,78.480934,129.26
Saroornagar,Villa,1302,3,4,0,6,10,2,Fully Furnished,1,No,Yes,Yes,Yes,Yes,14.26,4.83,1.51,South-West,24x7,17.376853,78.45826,84.29
Masab Tank,Apartment,1152,2,2,0,2,11,5,Fully Furnished,2,Yes,Yes,No,Yes,Yes,2.96,7.67,8.71,South,12 Hours,17.45065,78.453742,81.17
Kothapet,Apartment,1392,3,4,1,1,2,6,Fully Furnished,2,No,Yes,No,No,Yes,6.37,4.85,9.15,North-East,12 Hours,17.427403,78.551896,73.18
Shamshabad,Independent House,1159,2,3,0,3,4,18,Unfurnished,2,No,Yes,Yes,Yes,Yes,2.42,0.61,9.98,East,Limited,17.332975,78.415094,43.98
Lakdikapul,Builder Floor,907,2,1,2,1,7,22,Unfurnished,1,Yes,No,Yes,No,Yes,2.63,5.29,1.67,North-West,12 Hours,17.37507,78.536465,49.9
Tolichowki,Apartment,1189,2,2,2,1,5,12,Semi-Furnished,0,Yes,No,No,No,No,1.21,0.32,4.9,East,24x7,17.409186,78.457175,72.35
Quthbullapur,Apartment,1844,4,4,2,3,6,24,Unfurnished,1,Yes,No,No,No,Yes,7.02,5.6,3.12,South-West,12 Hours,17.379257,78.582521,71.62
Kothaguda,Apartment,1717,4,4,3,3,13,17,Fully Furnished,2,Yes,Yes,No,No,No,10.5,2.39,6.75,North-East,Limited,17.310253,78.521936,125.15
Film Nagar,Apartment,1947,4,4,2,8,8,19,Fully Furnished,2,Yes,No,Yes,Yes,Yes,5.25,5.61,5.76,North-West,24x7,17.422265,78.400628,185.14
Miyapur,Apartment,1241,2,3,1,9,9,6,Fully Furnished,1,No,Yes,No,No,Yes,13.41,2.8,8.65,North-West,12 Hours,17.456147,78.432136,61.75
Khairatabad,Apartment,1716,4,3,0,4,19,7,Semi-Furnished,0,Yes,No,No,Yes,Yes,10.37,7.81,4.69,North,24x7,17.340855,78.515276,128.94
Nizampet,Apartment,1150,2,3,0,9,9,14,Unfurnished,0,No,Yes,Yes,Yes,No,11.97,4.43,6.48,South,24x7,17.387531,78.447762,59.35
Malkajgiri,Apartment,1206,3,4,1,14,14,10,Unfurnished,0,Yes,No,Yes,No,No,14.05,6.1,5.78,North,24x7,17.291638,78.447489,58.52
Tukkuguda,Apartment,938,2,2,0,2,2,5,Unfurnished,0,Yes,Yes,No,No,Yes,10.09,2.04,1.78,West,Limited,17.472661,78.560941,39.27
Masab Tank,Independent House,1642,3,3,0,3,6,12,Unfurnished,0,No,Yes,Yes,No,Yes,1.73,1.51,1.2,South-East,24x7,17.442689,78.519697,125.31
Hafeezpet,Independent House,1893,3,3,3,6,6,19,Fully Furnished,2,Yes,No,No,Yes,No,4.55,2.3,2.53,East,24x7,17.466439,78.520846,110.34
Quthbullapur,Independent House,896,2,1,2,0,5,7,Fully Furnished,2,Yes,No,No,Yes,Yes,8.01,4.45,2.7,North,24x7,17.307198,78.476111,48.44
Dilsukhnagar,Apartment,825,1,1,1,17,17,2,Semi-Furnished,1,No,Yes,Yes,Yes,No,7.61,6.75,1.83,South,Limited,17.457913,78.49603,48.48
Manikonda,Apartment,1066,2,1,2,7,11,5,Fully Furnished,1,No,Yes,Yes,Yes,Yes,11.74,5.62,8.7,East,24x7,17.48036,78.408844,71.08
Maheshwaram,Apartment,1692,3,2,3,11,18,1,Fully Furnished,2,Yes,Yes,No,No,No,10.25,6.42,5.29,North-East,12 Hours,17.293405,78.534681,73.64
Kothaguda,Apartment,1192,2,3,1,16,16,24,Unfurnished,0,Yes,No,Yes,No,No,7.3,4.21,4.94,East,Limited,17.341007,78.558368,70.9
Banjara Hills,Villa,1175,2,2,0,11,12,16,Semi-Furnished,2,Yes,No,No,Yes,Yes,6.49,6.44,5.36,North-West,12 Hours,17.467154,78.537492,144.25
Financial District,Apartment,1145,2,3,2,2,2,22,Unfurnished,2,No,Yes,No,Yes,Yes,6.45,6.89,5.8,North-West,24x7,17.288601,78.579262,99.77
Maheshwaram,Apartment,687,1,1,0,4,13,16,Unfurnished,2,Yes,No,No,Yes,No,7.73,7.47,5.4,South-East,Limited,17.34595,78.552579,24.85
Vanasthalipuram,Apartment,929,2,1,0,9,13,21,Semi-Furnished,2,Yes,No,No,No,Yes,0.8,7.07,7.69,North,12 Hours,17.459551,78.409216,47.6
Nizampet,Apartment,1284,3,4,0,4,13,20,Semi-Furnished,0,No,No,No,Yes,Yes,6.35,2.06,6.92,North-West,Limited,17.39314,78.406007,55.39
Madinaguda,Apartment,2446,4,3,0,12,16,9,Semi-Furnished,1,No,Yes,Yes,Yes,No,4.0,5.67,5.43,North-East,12 Hours,17.287481,78.480454,135.35
Pocharam,Independent House,724,1,1,1,1,2,7,Unfurnished,0,Yes,No,Yes,No,No,13.31,1.24,7.42,North,24x7,17.404671,78.446148,36.28
Narsingi,Apartment,1326,3,2,1,1,8,20,Fully Furnished,0,No,Yes,Yes,No,No,14.99,0.6,4.36,East,Limited,17.433639,78.396329,85.14
Shamshabad,Apartment,2098,4,3,3,13,17,24,Fully Furnished,2,Yes,Yes,Yes,Yes,Yes,14.96,0.53,1.51,South-East,24x7,17.455453,78.520261,101.18
Tellapur,Apartment,1950,4,5,2,15,16,8,Fully Furnished,1,Yes,No,Yes,Yes,No,5.83,6.4,1.77,East,24x7,17.46346,78.423766,143.04
Kismatpur,Independent House,2354,4,4,0,9,18,7,Unfurnished,1,No,No,Yes,Yes,No,3.32,6.58,2.0,South,Limited,17.332902,78.545616,96.64
LB Nagar,Apartment,1021,2,2,1,0,3,8,Unfurnished,2,No,Yes,No,Yes,No,9.64,6.29,3.71,South-West,12 Hours,17.401561,78.585788,43.41
Mallapur,Apartment,1232,2,2,1,0,1,6,Unfurnished,2,Yes,No,No,No,Yes,12.36,6.17,4.17,South-West,24x7,17.389289,78.399428,53.97
Nizampet,Builder Floor,1460,3,3,2,1,2,16,Fully Furnished,0,No,Yes,No,No,No,11.56,5.26,1.85,South,Limited,17.404796,78.409687,68.64
Quthbullapur,Apartment,1133,2,1,2,6,15,10,Semi-Furnished,0,No,Yes,No,Yes,Yes,3.89,3.18,7.38,East,24x7,17.466925,78.52054,43.37
Mehdipatnam,Apartment,574,1,1,0,4,10,18,Unfurnished,0,No,No,Yes,No,No,11.62,4.71,4.07,North-East,Limited,17.460796,78.501054,31.0
Kismatpur,Independent House,1667,3,2,2,4,5,25,Semi-Furnished,2,No,Yes,Yes,No,Yes,4.77,6.25,8.93,South,24x7,17.371085,78.450089,88.51
Puppalaguda,Independent House,1428,3,3,1,6,14,18,Fully Furnished,0,No,Yes,No,Yes,No,9.78,3.82,4.47,East,Limited,17.439776,78.507085,84.3
Chandanagar,Apartment,2441,4,4,1,10,11,21,Fully Furnished,1,Yes,Yes,Yes,No,Yes,13.51,7.69,8.93,West,24x7,17.373676,78.508118,124.56
Shamshabad,Apartment,1350,3,4,2,4,18,13,Fully Furnished,1,Yes,No,No,No,No,9.64,7.41,2.56,South-West,12 Hours,17.403339,78.527227,59.28
Isnapur,Independent House,1521,3,3,0,3,9,24,Semi-Furnished,1,Yes,Yes,No,No,Yes,12.89,6.71,2.06,South,24x7,17.387473,78.407545,46.38
Bollaram,Apartment,1049,2,1,0,3,4,16,Unfurnished,0,Yes,Yes,No,Yes,Yes,14.21,3.19,1.03,North-East,24x7,17.382533,78.517145,41.53
Tukkuguda,Apartment,1255,3,4,3,6,6,20,Fully Furnished,0,No,No,Yes,Yes,No,3.7,2.45,0.66,South-West,12 Hours,17.40513,78.535419,52.96
Bandlaguda Jagir,Apartment,779,1,1,1,10,14,4,Fully Furnished,0,No,Yes,Yes,No,No,13.88,7.41,9.83,West,12 Hours,17.411821,78.400886,37.29
Lakdikapul,Apartment,1268,3,3,1,7,7,7,Unfurnished,0,No,No,Yes,Yes,No,13.78,3.39,4.94,West,12 Hours,17.357371,78.481199,89.66
Bachupally,Apartment,633,1,1,1,1,4,24,Semi-Furnished,0,No,Yes,No,No,No,5.95,1.77,4.75,North-East,12 Hours,17.313005,78.442063,23.34
Financial District,Builder Floor,2030,4,3,1,4,13,16,Unfurnished,0,No,No,No,Yes,Yes,7.05,5.55,8.4,South-East,12 Hours,17.351269,78.483108,213.55
Puppalaguda,Apartment,1254,2,3,2,5,17,5,Unfurnished,0,Yes,Yes,No,Yes,Yes,9.61,2.31,9.34,South-East,24x7,17.407156,78.442837,93.54
Saroornagar,Independent House,1821,3,4,1,13,14,7,Fully Furnished,0,Yes,Yes,No,No,Yes,5.41,4.71,4.77,East,12 Hours,17.388315,78.387801,98.8
Saroornagar,Apartment,1821,4,5,3,1,2,15,Unfurnished,1,Yes,Yes,No,Yes,No,8.34,0.95,8.49,North,24x7,17.328814,78.394044,86.6
Abids,Apartment,1051,2,2,0,8,11,14,Unfurnished,2,No,No,Yes,Yes,Yes,1.55,4.69,3.61,South-East,12 Hours,17.352772,78.547217,61.79
Champapet,Independent House,1070,2,2,2,0,1,4,Unfurnished,1,Yes,Yes,No,No,No,9.9,2.6,6.25,West,Limited,17.387534,78.445398,55.56
Old Alwal,Apartment,1668,3,2,3,2,3,5,Unfurnished,2,No,No,No,No,Yes,8.32,7.79,2.27,South-West,12 Hours,17.364403,78.404119,79.2
Raidurg,Independent House,1672,3,4,3,8,13,4,Fully Furnished,2,No,No,Yes,Yes,No,7.98,1.81,9.94,East,Limited,17.307768,78.455745,148.1
Punjagutta,Apartment,1898,3,3,2,2,2,8,Unfurnished,2,No,No,No,No,No,8.75,0.54,1.69,North-East,Limited,17.459845,78.485409,160.97
Himayat Nagar,Apartment,1118,2,3,1,12,19,6,Unfurnished,1,No,Yes,Yes,Yes,No,11.95,6.69,2.61,South,Limited,17.483563,78.412998,91.51
Puppalaguda,Apartment,1200,2,2,0,10,18,23,Semi-Furnished,0,No,No,Yes,Yes,No,14.22,2.01,7.1,North-West,Limited,17.363915,78.471066,63.23
Mehdipatnam,Apartment,3233,5,4,3,5,12,0,Fully Furnished,1,No,No,No,Yes,No,11.46,6.25,3.23,North-East,24x7,17.466522,78.529507,184.18
Miyapur,Apartment,1195,2,1,0,15,16,5,Unfurnished,0,No,Yes,No,Yes,Yes,12.66,1.92,3.42,North-West,12 Hours,17.346875,78.551458,62.5
Somajiguda,Apartment,938,2,2,2,6,7,15,Fully Furnished,2,Yes,Yes,No,No,No,1.16,7.69,3.02,North,Limited,17.44924,78.387013,80.47
Puppalaguda,Builder Floor,1236,3,3,1,12,15,19,Fully Furnished,0,No,Yes,Yes,No,Yes,4.44,1.3,8.52,North-West,12 Hours,17.295227,78.438221,75.95
Osman Nagar,Apartment,2494,4,5,3,1,2,24,Fully Furnished,2,No,No,No,No,No,13.01,1.36,7.21,North-West,Limited,17.405759,78.524018,109.76
Malkajgiri,Apartment,1632,3,3,2,9,20,5,Fully Furnished,0,No,Yes,Yes,No,No,0.87,7.48,0.56,East,24x7,17.361768,78.477947,90.98
Ameerpet,Apartment,1437,3,2,1,5,5,3,Semi-Furnished,1,Yes,Yes,Yes,No,No,7.47,4.32,6.52,South-East,Limited,17.309205,78.47049,89.79
Narsingi,Apartment,1737,3,4,3,19,19,22,Semi-Furnished,0,No,Yes,No,No,No,10.93,2.55,4.43,East,24x7,17.299202,78.402736,99.75
Hafeezpet,Apartment,885,2,2,0,3,18,23,Unfurnished,0,Yes,Yes,Yes,Yes,Yes,9.59,5.11,1.06,East,24x7,17.473345,78.520415,57.14
Bowenpally,Apartment,1217,2,3,1,0,1,24,Semi-Furnished,1,Yes,No,Yes,Yes,No,7.46,2.77,7.59,North-West,Limited,17.357384,78.505432,58.41
Kapra,Apartment,1142,2,1,1,4,5,2,Fully Furnished,2,No,No,Yes,Yes,No,1.27,6.99,7.32,West,Limited,17.412219,78.569357,57.88
Kokapet,Apartment,1253,2,2,2,5,19,0,Semi-Furnished,0,Yes,Yes,Yes,No,Yes,14.35,5.94,8.09,West,Limited,17.45974,78.531495,110.3
Karmanghat,Apartment,2032,4,4,1,17,19,6,Semi-Furnished,2,No,No,No,Yes,No,11.01,3.87,7.56,South-West,24x7,17.465491,78.399989,103.56
Lakdikapul,Apartment,720,1,1,1,15,19,19,Fully Furnished,2,Yes,Yes,No,No,Yes,3.21,1.64,1.16,East,12 Hours,17.313427,78.389041,44.33
Bollaram,Apartment,1709,3,2,1,10,16,4,Fully Furnished,2,Yes,Yes,Yes,Yes,Yes,2.45,3.11,7.43,East,Limited,17.344008,78.4839,79.34
Chandanagar,Villa,1133,2,3,2,14,15,11,Fully Furnished,0,No,No,Yes,Yes,No,13.9,6.45,9.26,East,24x7,17.293748,78.411301,61.94
Malkajgiri,Apartment,891,2,2,0,2,15,11,Unfurnished,0,Yes,Yes,Yes,Yes,No,10.13,1.01,2.39,North-East,Limited,17.353633,78.532535,39.41
Miyapur,Apartment,852,2,3,1,1,3,21,Fully Furnished,1,Yes,Yes,Yes,No,Yes,9.68,5.93,1.6,North,24x7,17.454121,78.525199,40.07
Pocharam,Apartment,1244,2,1,0,3,4,12,Unfurnished,0,Yes,Yes,Yes,Yes,No,2.47,2.94,7.55,South-West,24x7,17.419593,78.441776,60.22
Adibatla,Apartment,948,2,3,1,3,11,17,Unfurnished,2,Yes,No,No,Yes,Yes,11.58,2.47,1.45,North-East,24x7,17.442797,78.475984,41.43
Lakdikapul,Apartment,2580,4,3,2,1,5,19,Semi-Furnished,1,Yes,Yes,Yes,No,No,10.96,6.77,1.13,East,24x7,17.449484,78.558212,176.27
Meerpet,Apartment,1797,3,4,0,1,4,14,Unfurnished,0,No,Yes,No,No,No,8.32,3.28,7.74,North,24x7,17.371197,78.450473,83.39
ECIL,Villa,1226,3,3,3,1,2,3,Semi-Furnished,2,Yes,No,Yes,No,No,1.37,4.91,1.08,West,12 Hours,17.359234,78.506915,63.38
Rajendra Nagar,Apartment,1290,2,2,2,2,4,10,Semi-Furnished,0,Yes,Yes,No,Yes,Yes,1.35,0.43,3.95,South-East,12 Hours,17.422681,78.461611,55.83
Maheshwaram,Apartment,2015,4,3,2,11,15,11,Semi-Furnished,1,Yes,Yes,No,No,Yes,2.48,6.54,4.89,East,24x7,17.371106,78.415219,76.31
Champapet,Independent House,1726,3,2,0,0,7,25,Fully Furnished,1,Yes,Yes,No,No,No,11.57,0.99,2.04,East,Limited,17.354175,78.417592,69.78
Kothapet,Independent House,1658,3,2,1,0,19,23,Unfurnished,1,Yes,No,Yes,Yes,Yes,6.42,1.08,1.01,South,12 Hours,17.414164,78.51408,74.07
Financial District,Apartment,1482,3,4,2,6,7,5,Unfurnished,2,Yes,Yes,Yes,No,Yes,5.56,6.92,6.93,South-West,12 Hours,17.299342,78.468626,131.59
Bandlaguda Jagir,Apartment,1137,2,1,1,3,7,19,Semi-Furnished,0,No,No,No,No,No,12.44,0.91,6.06,South,24x7,17.420424,78.507856,47.4
Film Nagar,Apartment,1062,2,3,0,5,10,20,Fully Furnished,0,Yes,Yes,Yes,No,No,10.16,1.26,2.9,East,Limited,17.328579,78.584307,90.5
ECIL,Apartment,1765,3,2,2,0,19,10,Unfurnished,2,Yes,No,Yes,Yes,No,9.35,4.16,8.17,North-East,Limited,17.422655,78.414811,88.4
Ramanthapur,Independent House,1704,3,3,0,7,7,18,Semi-Furnished,2,Yes,No,No,No,Yes,6.46,3.24,1.45,South,12 Hours,17.290507,78.487791,85.32
Financial District,Apartment,969,2,2,1,2,14,6,Fully Furnished,2,No,Yes,No,Yes,Yes,10.82,7.32,2.07,South-East,Limited,17.361841,78.394499,100.23
Hitech City,Apartment,1753,3,3,0,3,3,1,Unfurnished,2,Yes,No,Yes,Yes,Yes,5.86,5.7,6.34,South-West,24x7,17.362597,78.418705,170.27
Neredmet,Independent House,1840,3,3,0,3,3,8,Semi-Furnished,2,Yes,Yes,Yes,No,No,8.07,5.98,2.71,South-West,Limited,17.436243,78.478405,75.77
Neredmet,Apartment,563,1,1,0,7,14,10,Semi-Furnished,2,Yes,Yes,Yes,No,Yes,4.84,3.4,7.76,West,24x7,17.465017,78.409928,23.24
Ramanthapur,Independent House,934,2,3,2,4,17,14,Fully Furnished,1,No,Yes,No,Yes,No,3.83,1.21,9.09,West,Limited,17.347793,78.564381,54.55
Khajaguda,Apartment,1765,3,3,1,9,16,21,Fully Furnished,2,Yes,No,No,No,Yes,11.8,3.84,8.08,South-East,24x7,17.450341,78.583503,117.97
Maheshwaram,Villa,2418,4,4,3,8,13,7,Fully Furnished,1,No,Yes,No,No,No,2.7,3.72,1.95,North-West,24x7,17.477227,78.464596,84.88
Kollur,Builder Floor,1239,2,2,2,4,14,17,Fully Furnished,0,Yes,Yes,No,No,Yes,9.4,7.08,1.81,North-East,12 Hours,17.353077,78.494982,54.63
Nallagandla,Apartment,1269,3,4,0,2,20,2,Semi-Furnished,0,Yes,Yes,Yes,No,Yes,14.98,7.02,7.29,West,24x7,17.395742,78.495041,99.8
Boduppal,Apartment,645,1,1,0,5,9,17,Fully Furnished,0,No,No,Yes,Yes,No,13.64,2.44,3.37,North,12 Hours,17.45173,78.474788,31.66
Shamshabad,Apartment,1397,3,3,2,1,1,12,Unfurnished,1,No,Yes,Yes,No,Yes,8.43,7.66,7.43,South-East,12 Hours,17.336867,78.425625,49.4
Kollur,Apartment,1061,2,1,0,9,11,5,Semi-Furnished,2,No,No,No,Yes,No,10.6,4.53,3.46,South-East,Limited,17.35349,78.44075,42.09
Manikonda,Apartment,1010,2,1,0,4,4,4,Fully Furnished,2,Yes,Yes,No,No,Yes,10.61,3.24,7.1,North-West,24x7,17.396542,78.456155,66.49
Kondapur,Apartment,825,1,2,0,5,14,7,Semi-Furnished,2,Yes,Yes,No,No,No,9.19,3.22,0.57,East,Limited,17.312839,78.475509,68.86
Badangpet,Independent House,1147,2,2,0,1,2,12,Semi-Furnished,2,No,No,No,No,No,1.23,6.38,2.99,East,12 Hours,17.38278,78.467056,47.61
Masab Tank,Independent House,864,2,3,1,3,11,6,Fully Furnished,2,Yes,No,Yes,Yes,No,4.24,3.41,4.12,North,Limited,17.461063,78.511381,65.7
Tarnaka,Independent House,753,1,1,1,0,8,0,Fully Furnished,2,No,Yes,Yes,Yes,Yes,2.71,1.69,7.74,South-West,12 Hours,17.409132,78.426962,53.48
Ameenpur,Apartment,1011,2,1,1,0,1,2,Unfurnished,1,Yes,Yes,No,No,No,14.9,0.35,9.09,East,24x7,17.292892,78.481809,47.83
Rajendra Nagar,Builder Floor,1706,3,3,1,1,3,18,Fully Furnished,1,No,Yes,No,No,Yes,14.92,3.45,3.0,North,Limited,17.33055,78.579506,84.36
Raidurg,Independent House,1754,4,4,2,7,8,10,Unfurnished,1,No,No,Yes,No,No,14.62,5.19,4.0,North-East,Limited,17.429429,78.493377,150.1
Ameerpet,Apartment,1438,3,3,2,12,12,24,Semi-Furnished,0,Yes,No,No,No,No,4.64,3.9,7.53,South,24x7,17.31113,78.544802,77.27
Osman Nagar,Apartment,1658,3,3,3,2,20,14,Semi-Furnished,1,Yes,Yes,No,Yes,No,2.96,1.78,8.41,South-East,Limited,17.443842,78.441854,75.16
Raidurg,Apartment,827,1,1,0,12,20,7,Unfurnished,1,No,Yes,Yes,No,Yes,5.21,4.5,8.38,North-East,Limited,17.473808,78.416459,79.94
Khairatabad,Apartment,868,2,1,2,3,3,14,Semi-Furnished,2,No,Yes,No,No,Yes,4.54,2.26,6.87,North-West,12 Hours,17.481197,78.483381,65.68
Nacharam,Independent House,1123,2,2,2,3,3,19,Fully Furnished,0,No,Yes,Yes,No,Yes,9.83,1.25,5.6,North-East,Limited,17.402746,78.461766,48.98
Adibatla,Apartment,3280,5,5,0,5,10,15,Fully Furnished,2,Yes,No,Yes,No,No,10.37,2.25,2.71,West,Limited,17.325645,78.53906,128.86
Saroornagar,Independent House,917,2,2,2,7,8,5,Fully Furnished,0,Yes,Yes,Yes,Yes,No,0.94,7.38,1.99,South,24x7,17.387255,78.485165,55.9
Dilsukhnagar,Independent House,1417,3,3,1,0,4,3,Unfurnished,0,Yes,Yes,Yes,Yes,Yes,10.53,3.27,4.62,West,24x7,17.458115,78.582848,75.44
Dilsukhnagar,Apartment,2521,4,5,3,0,4,17,Unfurnished,1,Yes,No,No,Yes,No,1.39,5.88,9.03,North-East,12 Hours,17.450504,78.539606,137.91
Patancheru,Apartment,1694,3,3,3,4,18,6,Semi-Furnished,1,No,No,Yes,Yes,Yes,3.38,6.25,0.66,South-East,24x7,17.476209,78.426795,57.66
Mehdipatnam,Independent House,2460,4,5,3,2,3,0,Fully Furnished,0,No,No,No,No,No,1.83,0.4,6.65,North-West,12 Hours,17.455792,78.47453,186.11
Manikonda,Independent House,2660,5,5,0,10,15,3,Semi-Furnished,2,No,No,Yes,Yes,No,11.71,6.15,4.58,South,12 Hours,17.463618,78.399192,199.54
Tolichowki,Independent House,1614,3,3,3,14,20,25,Unfurnished,2,Yes,No,Yes,No,No,11.83,0.86,0.79,South-East,24x7,17.374664,78.488786,94.1
Nagole,Apartment,1723,4,4,1,0,1,4,Semi-Furnished,2,No,No,Yes,No,Yes,4.89,0.91,8.62,North-West,24x7,17.470277,78.390523,88.45
Pocharam,Apartment,910,2,3,1,9,15,22,Unfurnished,2,Yes,No,No,No,Yes,11.87,1.04,6.89,North,12 Hours,17.422544,78.531241,35.1
Kismatpur,Apartment,2146,4,4,1,1,6,19,Semi-Furnished,1,Yes,No,Yes,No,No,4.36,1.32,8.32,North-West,Limited,17.311887,78.446579,107.84
Mehdipatnam,Independent House,772,1,1,0,4,19,4,Semi-Furnished,1,Yes,Yes,Yes,Yes,No,3.68,5.72,3.75,North-East,24x7,17.445887,78.442452,53.12
Hafeezpet,Independent House,1292,2,3,0,5,17,17,Fully Furnished,1,No,Yes,Yes,Yes,No,8.04,7.58,8.26,North,24x7,17.47649,78.388473,73.66
Safilguda,Apartment,2348,5,5,2,1,1,2,Unfurnished,1,Yes,Yes,Yes,No,Yes,9.35,6.8,8.92,West,Limited,17.420364,78.552394,112.63
Punjagutta,Apartment,1244,3,3,1,1,15,18,Unfurnished,0,Yes,Yes,No,Yes,No,9.11,5.54,0.54,South-West,12 Hours,17.287863,78.534274,82.12
Manikonda,Apartment,1775,3,3,2,2,8,25,Fully Furnished,2,No,No,Yes,No,No,2.41,2.28,9.59,West,12 Hours,17.433095,78.41527,116.91
Dilsukhnagar,Builder Floor,1009,2,1,0,0,3,8,Semi-Furnished,0,Yes,No,No,Yes,Yes,1.5,7.17,2.53,North-West,12 Hours,17.438785,78.518408,52.59
Alwal,Villa,1121,2,1,1,8,9,13,Unfurnished,2,No,No,Yes,Yes,No,13.42,7.47,5.28,North-East,24x7,17.454184,78.509421,61.34
Suchitra,Villa,1845,3,3,3,4,5,1,Semi-Furnished,1,Yes,No,No,No,Yes,6.21,3.76,3.69,West,12 Hours,17.382526,78.40223,102.65
Kothaguda,Apartment,1209,3,2,2,1,11,1,Semi-Furnished,2,No,Yes,Yes,Yes,Yes,14.29,7.98,4.9,South-East,24x7,17.366421,78.399902,91.9
Film Nagar,Apartment,1077,2,3,0,1,6,20,Unfurnished,1,No,Yes,No,No,Yes,10.4,7.99,8.98,North,24x7,17.3072,78.548347,100.7
Punjagutta,Apartment,1710,4,4,3,0,2,10,Unfurnished,1,Yes,Yes,No,No,No,9.69,5.06,0.8,North-East,24x7,17.299463,78.577723,158.73
Narsingi,Apartment,916,2,3,2,1,18,11,Fully Furnished,2,No,Yes,Yes,Yes,Yes,0.64,3.32,9.6,South,12 Hours,17.344913,78.402072,71.6
Balapur,Apartment,866,2,2,1,2,2,19,Fully Furnished,1,Yes,Yes,No,Yes,Yes,14.86,2.89,6.35,North,Limited,17.443903,78.528117,26.89
Abids,Independent House,2402,4,4,1,1,2,12,Unfurnished,0,Yes,No,No,Yes,Yes,6.27,3.6,9.18,East,24x7,17.29958,78.467275,173.89
Attapur,Apartment,1248,2,2,1,8,17,22,Fully Furnished,0,Yes,Yes,No,No,No,13.0,0.46,4.23,South-West,12 Hours,17.331477,78.442901,69.19
Khairatabad,Apartment,1028,2,1,0,6,16,12,Semi-Furnished,1,Yes,No,Yes,No,Yes,7.16,2.26,6.03,North,Limited,17.470846,78.467721,68.18
Nallagandla,Independent House,1288,2,1,0,0,1,18,Unfurnished,2,No,Yes,No,Yes,Yes,9.74,7.68,5.78,South-East,Limited,17.349299,78.481987,85.71
Bowenpally,Apartment,1790,4,5,3,7,15,25,Unfurnished,2,Yes,No,No,No,No,11.44,7.97,5.79,South-West,12 Hours,17.413095,78.582496,69.03
Madinaguda,Apartment,1633,3,3,1,0,13,7,Unfurnished,1,Yes,Yes,Yes,No,No,5.63,1.74,2.93,South-West,24x7,17.356563,78.516263,86.89
Tellapur,Villa,1260,2,2,0,8,8,0,Unfurnished,0,No,Yes,Yes,Yes,Yes,5.61,7.31,7.96,South-West,Limited,17.462732,78.487317,71.1
Masab Tank,Apartment,907,2,3,0,11,18,10,Fully Furnished,2,Yes,No,No,No,Yes,10.71,1.03,5.78,East,Limited,17.402173,78.511657,61.05
Himayat Nagar,Apartment,1818,3,3,0,12,18,19,Unfurnished,2,No,Yes,No,No,No,13.06,5.36,9.96,North,24x7,17.421523,78.435086,135.73
Kothaguda,Apartment,1829,3,3,1,2,8,21,Unfurnished,0,No,Yes,No,No,No,14.82,5.34,7.45,West,24x7,17.449507,78.547492,109.37
Masab Tank,Apartment,855,2,2,2,0,1,1,Fully Furnished,0,Yes,No,Yes,Yes,Yes,2.39,3.68,3.91,North,Limited,17.389034,78.415275,62.32
Bowenpally,Independent House,616,1,1,1,0,11,13,Semi-Furnished,1,Yes,Yes,Yes,No,Yes,14.06,3.69,4.87,South-East,Limited,17.339282,78.486039,34.84
Shamshabad,Apartment,1900,3,2,1,2,20,13,Fully Furnished,2,Yes,No,No,No,Yes,12.98,1.53,7.62,South,24x7,17.311766,78.512612,88.73
ECIL,Independent House,1482,3,2,3,2,13,4,Fully Furnished,0,Yes,Yes,No,No,Yes,7.77,3.13,5.79,North-West,12 Hours,17.434729,78.450217,73.49
Nagole,Apartment,1356,3,2,3,5,12,1,Semi-Furnished,2,No,No,No,Yes,No,14.5,3.31,2.37,North-East,Limited,17.387226,78.39607,60.41
Kompally,Apartment,742,1,1,1,2,7,5,Semi-Furnished,0,No,Yes,Yes,No,Yes,4.21,6.35,6.82,North-West,Limited,17.426395,78.399238,41.01
Somajiguda,Apartment,1113,2,1,2,3,16,23,Fully Furnished,1,Yes,Yes,No,Yes,No,4.32,1.85,3.72,South,24x7,17.285764,78.436065,89.45
Nagole,Villa,1573,3,3,1,4,8,6,Unfurnished,2,Yes,Yes,Yes,No,No,6.38,3.18,7.33,North-West,12 Hours,17.348254,78.407078,91.62
Meerpet,Apartment,1611,3,3,2,5,7,7,Semi-Furnished,1,No,No,No,No,No,14.45,0.79,2.48,North-East,24x7,17.339079,78.555242,66.72
Chandanagar,Apartment,554,1,1,1,2,17,10,Unfurnished,1,Yes,No,No,No,No,4.88,3.74,1.57,South,24x7,17.442786,78.565074,27.94
Malkajgiri,Apartment,1802,3,2,2,3,6,3,Semi-Furnished,0,No,Yes,Yes,Yes,No,12.34,2.62,3.51,North-East,24x7,17.466989,78.462164,81.43
Safilguda,Apartment,1668,3,3,0,0,1,17,Fully Furnished,2,Yes,No,No,Yes,Yes,14.01,0.91,7.43,South-West,24x7,17.302858,78.524104,93.77
Malkajgiri,Apartment,1186,2,2,2,3,6,16,Semi-Furnished,1,No,No,Yes,Yes,No,3.31,7.73,8.76,East,Limited,17.36253,78.513242,51.31
Habsiguda,Villa,1427,3,4,3,4,15,18,Semi-Furnished,1,No,No,Yes,Yes,No,0.55,2.45,1.09,East,Limited,17.285873,78.420091,84.79
Nallagandla,Apartment,1225,3,3,2,1,17,1,Unfurnished,0,No,Yes,Yes,Yes,No,3.2,3.87,8.54,South,24x7,17.418277,78.57991,100.19
Hitech City,Apartment,2408,4,3,1,8,13,25,Fully Furnished,2,Yes,No,Yes,Yes,Yes,2.26,3.21,3.79,North,Limited,17.475155,78.527208,256.66
Hitech City,Apartment,1846,3,4,1,2,12,23,Semi-Furnished,2,No,Yes,Yes,Yes,Yes,2.69,5.64,8.24,South,Limited,17.306073,78.543065,184.87
Kothapet,Apartment,736,1,2,0,3,12,4,Unfurnished,1,No,Yes,No,Yes,No,6.26,7.29,5.74,South-West,24x7,17.294637,78.45871,43.92
Madinaguda,Apartment,1323,3,3,1,0,13,3,Unfurnished,1,Yes,Yes,No,Yes,No,9.85,7.63,9.81,South,Limited,17.38508,78.473246,79.48
Champapet,Independent House,2204,4,5,2,8,18,24,Semi-Furnished,1,Yes,No,No,No,Yes,2.6,7.84,9.66,North,24x7,17.326777,78.460441,93.51
Dilsukhnagar,Apartment,1499,3,3,1,8,12,21,Fully Furnished,2,Yes,Yes,Yes,No,No,1.33,1.71,8.94,North-West,24x7,17.295471,78.540214,67.31
Financial District,Apartment,2509,4,5,1,0,3,17,Unfurnished,1,No,No,No,Yes,Yes,0.59,5.45,2.68,North-East,24x7,17.449436,78.55677,228.71
Somajiguda,Apartment,1425,3,4,1,10,13,1,Fully Furnished,1,No,Yes,No,No,No,1.42,5.92,8.01,East,12 Hours,17.416471,78.481156,115.49
Meerpet,Independent House,2375,4,3,2,3,3,23,Semi-Furnished,0,Yes,No,No,No,No,0.75,7.49,1.37,South-East,Limited,17.328148,78.522263,88.73
Somajiguda,Apartment,944,2,1,1,0,1,0,Semi-Furnished,0,No,Yes,Yes,Yes,No,1.89,5.91,1.35,North-East,24x7,17.34406,78.41402,94.14
Bowenpally,Apartment,2113,4,5,3,0,13,18,Fully Furnished,1,Yes,Yes,Yes,No,No,13.45,2.08,8.08,North,24x7,17.432719,78.449825,127.24
Beeramguda,Apartment,723,1,2,1,3,12,20,Unfurnished,2,No,Yes,Yes,Yes,No,5.27,1.75,9.56,North-West,24x7,17.364026,78.529341,26.27
Neknampur,Apartment,885,2,2,0,7,12,25,Semi-Furnished,1,No,No,No,No,Yes,10.81,0.31,4.5,South-West,12 Hours,17.463043,78.444182,41.42
Ameerpet,Apartment,1055,2,2,2,14,15,9,Unfurnished,1,Yes,No,No,No,Yes,4.23,2.85,0.72,South,12 Hours,17.296618,78.409002,68.46
Kompally,Apartment,1595,3,3,3,5,20,14,Semi-Furnished,0,Yes,No,Yes,No,Yes,5.16,0.68,4.02,South-West,Limited,17.338519,78.553796,83.94
Chandanagar,Apartment,932,2,3,1,6,7,9,Unfurnished,0,No,No,No,No,No,13.88,3.49,4.63,North-East,12 Hours,17.360819,78.454169,44.51
Quthbullapur,Apartment,887,2,2,2,3,4,18,Fully Furnished,2,Yes,Yes,No,No,No,4.63,4.73,3.06,South-East,12 Hours,17.309874,78.469429,35.0
Vanasthalipuram,Independent House,1375,3,3,1,2,2,10,Fully Furnished,1,Yes,No,Yes,No,Yes,4.11,1.1,0.58,South-West,24x7,17.365858,78.492888,85.37
Chandanagar,Villa,1690,3,3,2,11,17,6,Semi-Furnished,2,No,No,No,No,Yes,12.96,1.27,2.82,East,12 Hours,17.286985,78.479519,95.99
Meerpet,Independent House,882,2,2,2,7,20,18,Unfurnished,0,Yes,No,Yes,Yes,Yes,3.46,6.95,3.67,South-East,12 Hours,17.388806,78.522208,40.98
Bandlaguda Jagir,Apartment,1843,3,4,0,13,18,25,Unfurnished,2,Yes,Yes,No,No,No,3.24,5.66,4.27,South,24x7,17.439798,78.541284,78.34
Kompally,Apartment,654,1,1,0,6,7,5,Fully Furnished,2,Yes,Yes,Yes,Yes,No,7.13,1.71,4.36,West,24x7,17.480203,78.41181,40.54
Suchitra,Apartment,1716,3,4,0,2,2,25,Fully Furnished,1,Yes,No,No,Yes,Yes,13.35,5.33,6.64,South-West,12 Hours,17.439032,78.548131,82.07
Kokapet,Apartment,2818,5,5,2,0,2,7,Fully Furnished,1,Yes,Yes,Yes,No,No,6.17,1.7,7.64,North,24x7,17.338117,78.39021,243.34
Kothapet,Apartment,919,2,1,0,6,11,18,Unfurnished,0,Yes,Yes,Yes,Yes,Yes,3.36,3.44,4.69,West,Limited,17.439628,78.490292,39.78
Nagole,Builder Floor,768,1,1,1,19,20,11,Semi-Furnished,0,Yes,Yes,No,No,Yes,1.31,7.55,2.14,South,Limited,17.359348,78.386971,40.09
ECIL,Apartment,688,1,1,0,4,5,9,Semi-Furnished,0,Yes,Yes,No,Yes,Yes,10.1,1.32,1.0,North-West,24x7,17.414292,78.581539,35.2
Habsiguda,Apartment,1304,3,4,3,4,11,13,Unfurnished,2,Yes,No,Yes,No,No,9.78,2.05,8.79,South-West,24x7,17.289719,78.566412,66.41
Boduppal,Apartment,1265,3,3,1,9,11,1,Fully Furnished,2,No,No,No,No,No,13.77,5.88,1.9,South,12 Hours,17.441075,78.478299,66.97
Tukkuguda,Apartment,1278,3,3,0,0,5,2,Unfurnished,0,No,Yes,Yes,No,No,12.21,6.02,0.97,West,12 Hours,17.345583,78.399839,43.57
Ghatkesar,Apartment,1430,3,3,2,4,4,19,Fully Furnished,1,No,Yes,No,Yes,No,1.98,1.65,9.1,South-East,Limited,17.334321,78.483515,47.44
Kompally,Apartment,1034,2,2,0,0,5,12,Unfurnished,1,No,No,No,Yes,Yes,11.23,0.31,5.63,South,24x7,17.379762,78.398269,60.05
Quthbullapur,Apartment,1718,4,4,3,10,17,0,Semi-Furnished,1,Yes,Yes,Yes,No,No,11.61,5.57,1.18,North-West,24x7,17.473545,78.543738,86.8
Safilguda,Apartment,1386,3,4,3,2,7,19,Fully Furnished,1,No,Yes,No,Yes,No,13.86,3.95,8.05,North,12 Hours,17.393896,78.579254,69.92
Nallagandla,Apartment,2057,4,3,1,4,20,0,Fully Furnished,1,Yes,Yes,No,Yes,Yes,5.18,6.96,9.32,South-East,24x7,17.358136,78.431776,135.13
Nallagandla,Apartment,1795,3,4,1,3,14,14,Fully Furnished,2,Yes,No,Yes,No,Yes,1.12,3.2,3.68,North-East,Limited,17.313161,78.511183,128.02
Patancheru,Apartment,954,2,1,0,1,18,1,Semi-Furnished,2,Yes,Yes,Yes,Yes,Yes,12.83,1.03,8.37,West,12 Hours,17.40066,78.416093,47.04
Dilsukhnagar,Villa,1040,2,2,1,13,18,17,Semi-Furnished,1,No,Yes,Yes,Yes,No,4.3,4.44,4.2,North-East,24x7,17.412191,78.464333,70.92
Banjara Hills,Independent House,1107,2,3,1,15,17,7,Semi-Furnished,2,No,No,No,No,No,11.36,6.27,1.63,South-East,Limited,17.336981,78.455738,111.03
Nizampet,Apartment,922,2,3,0,0,6,6,Unfurnished,0,No,Yes,Yes,No,Yes,9.37,4.4,8.06,West,12 Hours,17.343101,78.480698,49.19
Dilsukhnagar,Independent House,1314,3,2,3,14,20,4,Semi-Furnished,2,No,Yes,Yes,Yes,Yes,11.16,0.45,2.58,South-East,12 Hours,17.426544,78.399141,90.89
Film Nagar,Independent House,728,1,1,0,10,18,6,Fully Furnished,1,Yes,Yes,Yes,No,Yes,5.24,1.68,2.82,South,Limited,17.286568,78.512884,82.03
Nampally,Apartment,2562,4,4,0,1,2,12,Fully Furnished,2,No,Yes,No,No,Yes,12.94,1.67,5.78,South,Limited,17.311855,78.578287,142.56
Attapur,Independent House,1919,4,5,3,2,3,20,Unfurnished,2,No,Yes,No,No,Yes,4.09,4.55,9.67,West,24x7,17.333379,78.486821,115.24
Miyapur,Apartment,1405,3,3,1,4,4,16,Fully Furnished,0,No,Yes,No,Yes,No,5.22,7.52,7.49,East,12 Hours,17.300248,78.441641,67.38
Attapur,Apartment,1172,2,2,2,0,6,20,Fully Furnished,2,Yes,No,Yes,Yes,Yes,7.27,3.72,4.39,South-West,Limited,17.376933,78.496015,54.48
Nampally,Apartment,1746,3,3,2,10,12,15,Unfurnished,2,Yes,Yes,No,No,No,10.59,6.63,5.57,North,Limited,17.29378,78.41985,103.31
Badangpet,Apartment,1007,2,2,1,3,11,19,Semi-Furnished,2,No,Yes,No,No,Yes,8.9,4.98,4.73,South-West,24x7,17.326837,78.396696,32.91
Habsiguda,Apartment,2328,5,5,3,0,16,17,Unfurnished,2,No,No,No,No,No,10.44,6.85,3.2,North-East,24x7,17.481239,78.545329,121.93
Miyapur,Independent House,1315,3,4,3,4,8,14,Fully Furnished,2,No,Yes,No,Yes,No,4.75,4.8,0.77,North-East,12 Hours,17.333395,78.578825,86.24
Hafeezpet,Apartment,1210,3,3,1,0,4,5,Semi-Furnished,0,No,Yes,No,No,No,8.52,7.24,0.67,North,12 Hours,17.475286,78.585664,75.28
Sainikpuri,Apartment,1200,3,3,0,7,11,9,Fully Furnished,2,Yes,No,No,Yes,No,6.53,6.96,0.64,South-West,12 Hours,17.481229,78.500608,73.35
Financial District,Apartment,1599,3,4,0,19,19,11,Fully Furnished,0,Yes,No,No,No,Yes,8.59,6.21,2.32,South-West,Limited,17.372399,78.505412,114.73
Quthbullapur,Apartment,795,1,1,0,15,17,5,Semi-Furnished,2,Yes,Yes,Yes,Yes,No,5.9,5.6,0.95,North-East,12 Hours,17.409469,78.582936,38.19
Sainikpuri,Apartment,2102,4,5,2,6,11,17,Semi-Furnished,1,Yes,No,Yes,No,Yes,11.92,1.27,3.57,North-West,Limited,17.443519,78.56828,100.21
Mallapur,Apartment,2486,4,4,1,0,6,19,Unfurnished,1,Yes,Yes,No,No,Yes,4.25,2.67,9.06,North-East,Limited,17.477027,78.490992,117.9
Somajiguda,Apartment,1534,3,3,0,8,8,7,Semi-Furnished,0,No,Yes,Yes,No,No,11.07,1.98,2.08,East,24x7,17.436462,78.419034,140.7
Lakdikapul,Apartment,2589,4,3,3,2,8,20,Semi-Furnished,1,Yes,No,No,Yes,No,8.56,5.79,3.55,North-West,24x7,17.428666,78.436168,140.37
Balapur,Apartment,1343,3,3,0,1,13,16,Semi-Furnished,1,No,Yes,No,Yes,Yes,5.37,0.7,8.59,East,12 Hours,17.41832,78.41924,49.28
Bandlaguda Jagir,Apartment,987,2,3,0,10,12,6,Semi-Furnished,0,No,No,No,Yes,No,2.23,4.77,7.17,South-West,24x7,17.439325,78.486479,43.0
Quthbullapur,Apartment,1100,2,1,0,1,7,16,Unfurnished,1,Yes,Yes,Yes,Yes,Yes,6.69,0.59,5.01,North,Limited,17.286808,78.458106,50.51
Nampally,Apartment,1401,3,2,2,13,18,5,Semi-Furnished,2,Yes,No,Yes,Yes,No,10.53,3.45,8.4,South,12 Hours,17.330735,78.513573,93.04
Peerzadiguda,Apartment,1309,3,3,3,6,16,9,Semi-Furnished,1,No,Yes,No,No,No,14.04,4.86,4.28,West,12 Hours,17.349334,78.556308,56.97
Bachupally,Apartment,1463,3,4,3,5,9,1,Fully Furnished,2,Yes,Yes,Yes,Yes,No,7.46,4.75,5.55,South,Limited,17.30408,78.47244,77.36
Narsingi,Apartment,1879,3,3,2,5,6,9,Semi-Furnished,1,No,No,No,No,Yes,8.64,7.05,8.33,South-West,12 Hours,17.381178,78.519187,123.56
Badangpet,Independent House,1115,2,1,2,0,2,4,Unfurnished,1,No,Yes,Yes,No,Yes,9.77,7.29,4.79,West,12 Hours,17.342777,78.466267,46.49
Khairatabad,Apartment,984,2,2,0,3,9,13,Semi-Furnished,0,No,Yes,Yes,Yes,Yes,9.75,1.92,5.28,South-East,Limited,17.483651,78.395682,74.08
Kondapur,Apartment,3206,5,4,2,9,11,0,Unfurnished,2,Yes,Yes,No,No,Yes,5.87,1.44,8.68,South-East,Limited,17.359345,78.465192,300.0
Mehdipatnam,Apartment,1716,3,2,3,1,1,6,Unfurnished,2,No,Yes,Yes,Yes,Yes,11.92,0.91,2.86,North,Limited,17.468685,78.576886,93.24
Ameerpet,Apartment,912,2,2,2,0,14,18,Unfurnished,2,No,Yes,Yes,Yes,No,5.25,7.07,3.34,South-West,24x7,17.356424,78.54421,50.75
Kokapet,Builder Floor,1743,3,4,1,12,13,12,Unfurnished,1,Yes,Yes,No,No,Yes,3.53,2.16,6.38,East,Limited,17.397815,78.458416,132.22
Somajiguda,Apartment,1498,3,4,1,2,3,12,Semi-Furnished,0,No,Yes,No,No,Yes,1.97,2.53,4.23,East,Limited,17.33308,78.425019,129.91
Dilsukhnagar,Apartment,864,2,2,2,13,20,24,Fully Furnished,1,No,Yes,No,Yes,No,3.07,0.93,8.17,North-East,24x7,17.305361,78.487892,43.72
Habsiguda,Apartment,1206,2,3,1,5,7,17,Fully Furnished,1,No,No,Yes,No,Yes,1.04,5.45,5.7,North,12 Hours,17.292786,78.393904,54.62
ECIL,Apartment,918,2,1,1,4,9,14,Unfurnished,2,Yes,No,Yes,Yes,No,8.84,0.65,5.21,North-East,Limited,17.458354,78.443196,36.67
Kismatpur,Builder Floor,2283,4,4,1,17,17,24,Semi-Furnished,2,No,No,No,No,Yes,12.91,2.13,8.4,North-West,Limited,17.401324,78.474023,114.39
Osman Nagar,Apartment,950,2,1,2,12,14,17,Fully Furnished,0,Yes,No,No,Yes,Yes,4.92,1.9,5.29,West,Limited,17.38834,78.538455,50.17
Bachupally,Apartment,1567,3,3,1,6,7,9,Semi-Furnished,1,Yes,No,Yes,Yes,Yes,9.27,5.09,1.57,North-West,24x7,17.35561,78.565519,82.86
Tarnaka,Apartment,918,2,2,1,0,6,8,Unfurnished,2,Yes,Yes,Yes,Yes,No,7.03,1.33,3.05,North-East,24x7,17.463512,78.47059,50.38
Nanakramguda,Apartment,1478,3,2,1,2,6,11,Unfurnished,2,Yes,Yes,No,No,Yes,14.34,7.41,1.87,North-East,Limited,17.380267,78.486208,134.52
Hitech City,Independent House,1354,3,4,2,13,19,6,Unfurnished,0,No,Yes,No,No,Yes,3.19,0.41,8.41,South,24x7,17.403226,78.423927,159.9
Puppalaguda,Independent House,648,1,1,1,13,17,3,Fully Furnished,1,Yes,Yes,No,Yes,Yes,8.42,3.75,6.7,East,24x7,17.456006,78.428115,51.14
Madhapur,Apartment,1600,3,4,1,2,3,6,Semi-Furnished,2,Yes,Yes,No,No,No,9.27,0.53,1.41,South,24x7,17.298802,78.574857,171.8
Jubilee Hills,Independent House,1086,2,1,0,2,2,14,Unfurnished,0,Yes,Yes,Yes,No,Yes,11.28,3.94,1.22,South-East,12 Hours,17.366882,78.548876,116.53
Madinaguda,Apartment,1523,3,3,3,3,4,3,Fully Furnished,0,Yes,No,Yes,No,No,4.94,3.43,9.84,North,24x7,17.351438,78.525424,88.58
Quthbullapur,Apartment,1181,2,3,0,2,5,5,Unfurnished,2,No,Yes,Yes,Yes,No,4.92,6.64,8.08,South-West,24x7,17.41593,78.417019,51.32
Shamshabad,Apartment,1178,2,2,1,1,4,4,Semi-Furnished,1,Yes,No,No,Yes,Yes,4.42,2.96,7.07,North-West,24x7,17.392819,78.443194,46.25
Madhapur,Apartment,1313,3,3,0,6,6,13,Fully Furnished,1,No,No,No,No,No,11.97,7.29,5.38,South-East,24x7,17.292514,78.412273,110.97
Tolichowki,Villa,1475,3,3,3,0,9,16,Fully Furnished,0,No,Yes,Yes,Yes,No,4.73,6.82,1.74,South-East,12 Hours,17.285002,78.470013,79.46
Financial District,Apartment,1741,3,3,3,20,20,4,Unfurnished,1,Yes,No,No,No,No,7.01,7.62,5.29,West,24x7,17.295927,78.581316,162.19
Vanasthalipuram,Apartment,925,2,1,0,1,3,6,Fully Furnished,2,No,Yes,Yes,No,No,0.52,1.9,2.57,East,24x7,17.34584,78.447489,49.61
Kothapet,Apartment,1215,2,3,1,1,8,19,Unfurnished,0,Yes,Yes,No,Yes,No,12.08,0.48,9.57,West,12 Hours,17.285295,78.532569,58.02
Tukkuguda,Independent House,1103,2,2,1,17,19,24,Fully Furnished,2,No,Yes,No,Yes,No,4.85,7.92,9.53,South-East,12 Hours,17.329859,78.519309,38.61
Attapur,Apartment,813,1,1,0,6,8,3,Unfurnished,2,Yes,No,Yes,Yes,Yes,5.12,5.4,5.78,North-West,Limited,17.454685,78.471226,42.52
Khairatabad,Apartment,1516,3,3,0,4,7,25,Fully Furnished,0,Yes,No,Yes,No,Yes,4.53,3.47,4.74,South-East,Limited,17.350059,78.529224,94.06
Bandlaguda Jagir,Apartment,1979,4,5,3,4,15,22,Unfurnished,0,Yes,Yes,No,Yes,Yes,10.74,4.45,1.37,North,24x7,17.321323,78.460888,86.57
Kompally,Apartment,1995,4,3,1,2,13,1,Fully Furnished,1,Yes,No,No,No,Yes,7.28,6.38,3.91,South,12 Hours,17.446339,78.583672,125.1
Kothaguda,Builder Floor,1082,2,1,0,1,10,5,Fully Furnished,0,Yes,No,Yes,Yes,No,14.1,5.14,7.97,North-West,12 Hours,17.363639,78.504828,101.3
Film Nagar,Apartment,1817,4,3,0,5,15,7,Unfurnished,1,No,No,Yes,Yes,Yes,2.35,2.17,1.86,West,24x7,17.300691,78.495599,221.67
Chandanagar,Builder Floor,1226,2,3,0,1,12,4,Unfurnished,2,No,No,Yes,No,No,6.81,2.8,9.58,North-East,12 Hours,17.318464,78.542826,64.28
Gachibowli,Apartment,2150,4,5,1,6,10,0,Unfurnished,2,Yes,No,Yes,Yes,No,7.74,6.03,6.45,South,Limited,17.475444,78.395184,193.4
Nallagandla,Apartment,1631,3,2,3,8,14,5,Unfurnished,1,Yes,Yes,No,Yes,No,7.07,0.33,4.22,South-East,Limited,17.405311,78.446012,103.88
Abids,Apartment,928,2,2,1,3,3,13,Fully Furnished,1,No,No,No,No,Yes,10.1,4.75,6.57,North-West,24x7,17.436801,78.407203,71.43
Habsiguda,Independent House,1139,2,3,1,1,5,7,Semi-Furnished,1,Yes,No,Yes,No,No,13.24,6.11,5.7,West,24x7,17.386778,78.460556,59.73
Himayat Nagar,Apartment,1819,3,3,1,4,12,18,Unfurnished,0,No,No,No,Yes,Yes,1.97,5.77,5.18,South,Limited,17.450501,78.526142,140.09
Vanasthalipuram,Apartment,769,1,1,1,5,8,21,Fully Furnished,1,Yes,Yes,No,No,Yes,14.9,3.42,8.73,East,12 Hours,17.377343,78.570899,32.9
Narsingi,Apartment,1299,2,2,1,4,7,2,Fully Furnished,0,Yes,Yes,Yes,No,Yes,5.01,6.03,5.51,East,24x7,17.430796,78.559038,83.13
Narsingi,Independent House,2094,4,3,0,2,7,1,Fully Furnished,0,Yes,No,Yes,Yes,Yes,12.21,0.55,0.63,North-East,12 Hours,17.446414,78.425748,175.6
Puppalaguda,Apartment,1803,3,4,3,2,2,3,Fully Furnished,1,Yes,No,Yes,No,Yes,8.94,2.49,9.79,South-West,Limited,17.352122,78.582405,131.28
Masab Tank,Apartment,955,2,3,1,5,8,16,Unfurnished,2,Yes,Yes,No,Yes,No,8.08,0.33,1.81,South-West,Limited,17.425234,78.532111,69.35
Suchitra,Apartment,1068,2,1,2,3,17,24,Fully Furnished,1,Yes,Yes,Yes,No,No,7.48,6.27,5.59,South-West,12 Hours,17.474418,78.485952,49.83
Gachibowli,Villa,1308,3,2,1,8,10,0,Fully Furnished,2,No,No,No,Yes,Yes,2.96,2.28,8.75,South,24x7,17.317607,78.543941,159.21
Madinaguda,Builder Floor,1149,2,1,1,12,20,17,Semi-Furnished,1,No,No,No,Yes,No,12.11,5.55,3.89,South-East,Limited,17.361871,78.391739,58.53
Bowenpally,Independent House,2073,4,4,0,0,11,23,Unfurnished,1,No,Yes,No,Yes,Yes,7.46,0.37,2.38,East,Limited,17.287284,78.52744,119.08
ECIL,Apartment,1233,2,1,2,7,18,18,Unfurnished,1,No,Yes,Yes,Yes,Yes,4.87,1.12,4.54,West,24x7,17.372532,78.433695,53.86
Suchitra,Apartment,886,2,3,1,12,12,25,Fully Furnished,2,No,No,No,Yes,Yes,10.18,7.51,8.69,South,12 Hours,17.448426,78.495986,34.72
Manikonda,Apartment,610,1,1,1,4,14,24,Unfurnished,1,No,Yes,No,No,Yes,8.5,2.77,7.77,West,24x7,17.295334,78.487659,30.11
Raidurg,Villa,900,2,2,0,11,19,24,Fully Furnished,1,Yes,No,No,No,Yes,5.96,7.53,0.93,South-West,24x7,17.457528,78.422551,95.16
Attapur,Apartment,1645,3,3,2,12,14,14,Semi-Furnished,0,Yes,No,Yes,No,Yes,0.9,1.87,8.36,South-West,24x7,17.395541,78.466011,80.06
ECIL,Apartment,2670,5,5,0,1,7,15,Semi-Furnished,1,Yes,Yes,Yes,No,No,12.41,6.77,5.28,North-West,Limited,17.458059,78.418155,128.54
Bollaram,Apartment,938,2,2,1,10,13,16,Semi-Furnished,0,No,Yes,No,Yes,No,6.54,2.23,0.6,South-East,Limited,17.343009,78.560983,28.58
Kollur,Builder Floor,1411,3,3,1,12,18,15,Semi-Furnished,2,Yes,No,Yes,Yes,No,10.97,6.74,6.27,South-East,Limited,17.444336,78.436794,69.65
ECIL,Villa,1602,3,3,1,2,2,10,Semi-Furnished,0,No,Yes,No,Yes,Yes,7.38,4.75,7.55,North-West,Limited,17.399349,78.553266,91.3
Nacharam,Independent House,1199,2,2,1,1,15,23,Semi-Furnished,2,No,No,No,No,No,2.8,6.85,6.07,East,24x7,17.287431,78.521504,57.49
ECIL,Independent House,1290,2,3,2,3,5,23,Unfurnished,0,Yes,Yes,Yes,Yes,No,2.0,6.16,8.44,North-West,Limited,17.394772,78.444227,50.8
Nacharam,Apartment,1633,3,3,0,2,10,19,Fully Furnished,1,Yes,No,No,No,Yes,0.97,1.65,1.48,South-East,Limited,17.355592,78.510958,83.59
Balapur,Apartment,2464,4,5,0,2,4,5,Fully Furnished,1,No,No,Yes,Yes,No,8.42,6.99,4.78,East,24x7,17.43154,78.467605,88.17
Uppal,Apartment,1550,3,2,0,9,10,6,Unfurnished,0,No,No,Yes,No,No,5.96,2.02,1.57,South-West,24x7,17.441752,78.443852,68.39
Malkajgiri,Apartment,1134,2,1,2,0,8,23,Semi-Furnished,1,No,Yes,Yes,No,No,2.08,4.95,7.51,South,24x7,17.422089,78.453191,52.1
Kothaguda,Apartment,1289,3,3,0,3,13,11,Fully Furnished,0,No,No,Yes,Yes,No,10.92,3.78,6.64,North,12 Hours,17.359784,78.57559,99.23
Karmanghat,Apartment,1100,2,2,2,11,19,0,Semi-Furnished,2,Yes,No,No,Yes,No,11.35,7.95,7.66,East,24x7,17.419296,78.513156,56.38
Saroornagar,Apartment,2278,4,4,0,1,6,24,Unfurnished,1,No,Yes,Yes,No,No,8.36,7.34,6.06,North,24x7,17.368667,78.536888,83.87
Miyapur,Apartment,635,1,1,1,0,3,4,Semi-Furnished,2,No,No,Yes,Yes,Yes,14.85,2.48,8.06,East,24x7,17.340571,78.441964,33.22
LB Nagar,Independent House,1251,2,2,2,3,7,6,Unfurnished,1,Yes,No,Yes,No,Yes,0.61,4.44,3.79,South,24x7,17.481074,78.400201,77.68
Kapra,Apartment,1758,4,5,2,12,20,10,Fully Furnished,2,Yes,Yes,Yes,Yes,Yes,14.52,3.39,1.21,South-West,12 Hours,17.320873,78.580835,86.55
Mehdipatnam,Apartment,2093,4,4,2,1,3,14,Semi-Furnished,2,Yes,Yes,Yes,No,No,1.6,2.06,5.08,South,Limited,17.36572,78.534277,108.86
Nacharam,Apartment,1286,2,3,1,1,13,4,Fully Furnished,0,No,Yes,No,Yes,Yes,0.57,4.87,6.77,North-East,12 Hours,17.369546,78.456005,67.68
Nanakramguda,Apartment,1031,2,2,1,0,12,10,Unfurnished,1,Yes,Yes,Yes,Yes,No,3.95,6.78,5.42,South-West,12 Hours,17.337855,78.427767,78.45
Pocharam,Apartment,914,2,2,2,2,9,4,Unfurnished,2,Yes,No,No,Yes,Yes,11.17,7.76,3.37,South-West,12 Hours,17.338707,78.444192,45.42
Mallapur,Apartment,1403,3,3,1,4,6,18,Fully Furnished,1,No,Yes,No,Yes,Yes,5.43,5.82,6.82,South-East,12 Hours,17.478707,78.507427,70.26
Kothapet,Apartment,1567,3,3,1,11,11,13,Fully Furnished,1,Yes,No,Yes,Yes,No,6.27,1.27,6.05,North,12 Hours,17.300117,78.576985,78.36
Nizampet,Villa,1282,3,4,1,5,18,5,Unfurnished,1,Yes,Yes,Yes,No,No,2.94,7.1,3.35,North,Limited,17.303413,78.506509,83.74
Miyapur,Independent House,2361,4,3,0,6,6,5,Unfurnished,1,Yes,No,Yes,Yes,Yes,9.28,5.34,4.25,South-West,24x7,17.414701,78.44018,154.68
Uppal,Apartment,1550,3,2,2,3,14,5,Unfurnished,1,No,Yes,Yes,Yes,Yes,1.22,6.15,5.96,South,12 Hours,17.478003,78.436879,65.05
Adibatla,Apartment,1087,2,1,0,7,19,12,Unfurnished,2,Yes,No,Yes,Yes,No,7.54,0.59,4.3,South-East,24x7,17.426326,78.508701,37.74
Tarnaka,Apartment,916,2,3,1,5,7,0,Unfurnished,2,No,Yes,No,Yes,Yes,4.43,0.99,8.35,North,24x7,17.339219,78.506234,50.74
Khajaguda,Builder Floor,2505,4,5,0,1,1,9,Fully Furnished,0,No,No,Yes,Yes,Yes,6.14,2.43,8.26,West,Limited,17.474347,78.407881,172.17
Nagole,Apartment,1597,3,3,3,14,14,24,Unfurnished,1,Yes,No,No,Yes,Yes,12.37,7.08,8.18,South-West,12 Hours,17.473947,78.534007,67.48
Narsingi,Apartment,594,1,2,0,2,6,22,Unfurnished,0,Yes,No,Yes,No,No,4.37,2.36,7.8,North,24x7,17.325527,78.504217,36.47
Nacharam,Independent House,1598,3,3,3,0,19,5,Semi-Furnished,1,No,Yes,No,Yes,No,8.61,0.62,7.04,North,24x7,17.421022,78.46833,87.5
Mallapur,Apartment,1203,3,3,1,10,17,20,Semi-Furnished,1,No,Yes,Yes,No,No,3.9,6.31,6.23,East,Limited,17.401585,78.43732,56.48
Peerzadiguda,Apartment,1251,3,3,3,11,14,3,Semi-Furnished,0,No,No,No,Yes,No,1.24,5.9,1.28,South-West,Limited,17.476516,78.466507,57.79
Tarnaka,Villa,1334,3,4,1,8,13,25,Unfurnished,1,No,Yes,No,Yes,Yes,2.66,3.96,7.11,West,24x7,17.322708,78.521192,81.45
Ameerpet,Apartment,1280,2,3,0,3,10,11,Semi-Furnished,1,Yes,No,Yes,Yes,Yes,6.94,7.34,6.13,South,24x7,17.305379,78.388364,85.55
Lakdikapul,Apartment,1222,3,4,3,4,4,4,Unfurnished,2,Yes,No,No,No,No,11.75,5.03,7.83,South-West,Limited,17.303525,78.536377,76.82
LB Nagar,Apartment,1537,3,2,3,6,16,18,Semi-Furnished,0,No,Yes,No,No,Yes,11.26,2.72,9.95,North-West,24x7,17.371804,78.438442,77.77
Maheshwaram,Apartment,910,2,3,0,8,9,13,Fully Furnished,0,No,No,Yes,No,No,3.49,6.76,7.74,South-East,24x7,17.42969,78.388511,30.83
Isnapur,Apartment,2294,4,4,0,17,19,5,Semi-Furnished,0,Yes,No,No,Yes,Yes,7.22,3.82,9.19,East,Limited,17.407658,78.514238,66.06
Ameerpet,Apartment,999,2,2,0,3,7,2,Fully Furnished,0,No,No,Yes,Yes,No,5.7,4.65,9.79,South-West,24x7,17.427811,78.404978,70.91
Bandlaguda Jagir,Apartment,1125,2,3,0,1,1,8,Fully Furnished,2,Yes,No,Yes,No,Yes,12.27,5.67,7.94,West,12 Hours,17.460494,78.534445,50.55
Khajaguda,Apartment,1705,4,5,3,3,9,21,Unfurnished,1,Yes,Yes,No,No,Yes,13.57,5.34,1.38,East,24x7,17.334675,78.429581,106.16
Gachibowli,Apartment,1859,4,5,2,1,2,1,Unfurnished,0,Yes,Yes,No,Yes,No,2.68,1.58,9.49,North,Limited,17.334512,78.399205,146.65
Vanasthalipuram,Independent House,559,1,2,0,16,17,21,Fully Furnished,1,Yes,No,No,Yes,Yes,6.57,0.32,9.4,West,Limited,17.431547,78.508046,26.78
Attapur,Apartment,1050,2,2,0,1,18,16,Unfurnished,0,Yes,Yes,No,Yes,Yes,14.92,3.54,6.89,North-East,12 Hours,17.30123,78.576998,48.43
Nizampet,Independent House,1183,2,2,2,5,9,16,Fully Furnished,1,Yes,Yes,Yes,Yes,No,12.25,7.46,1.85,North,Limited,17.446018,78.551297,66.71
Nizampet,Apartment,1359,3,3,3,3,12,0,Unfurnished,2,No,No,No,Yes,Yes,9.35,5.3,4.76,North,12 Hours,17.393851,78.426756,79.48
Tolichowki,Apartment,1515,3,2,2,3,12,22,Semi-Furnished,1,Yes,No,No,No,Yes,14.58,7.03,8.36,North-East,Limited,17.433576,78.534283,71.25
Kollur,Apartment,1662,3,4,1,11,17,8,Fully Furnished,1,No,Yes,Yes,Yes,Yes,6.7,3.23,8.16,South-East,12 Hours,17.298692,78.460923,74.98
Raidurg,Apartment,1268,2,3,2,1,6,23,Unfurnished,1,Yes,No,Yes,Yes,No,8.67,1.29,4.15,South-East,24x7,17.40189,78.494366,97.07
Meerpet,Apartment,1026,2,3,2,19,19,21,Unfurnished,2,Yes,Yes,No,No,No,8.56,3.87,5.21,North,12 Hours,17.35869,78.565769,42.78
Jubilee Hills,Apartment,938,2,1,2,9,9,7,Unfurnished,1,Yes,Yes,Yes,Yes,Yes,6.34,0.53,9.02,North-East,12 Hours,17.442477,78.477569,125.77
Beeramguda,Apartment,1850,4,3,2,0,8,9,Fully Furnished,2,Yes,Yes,No,Yes,Yes,3.46,6.55,5.21,North,Limited,17.334677,78.527792,84.16
Boduppal,Apartment,1645,3,3,3,2,10,23,Fully Furnished,2,Yes,No,Yes,No,Yes,1.31,1.71,3.7,South,24x7,17.373509,78.516564,61.55
Ghatkesar,Apartment,1804,4,4,3,4,5,24,Fully Furnished,0,No,No,Yes,Yes,Yes,7.37,3.11,6.47,East,12 Hours,17.297801,78.551649,68.87
Habsiguda,Apartment,1785,3,3,3,5,5,23,Fully Furnished,1,Yes,No,Yes,No,No,4.24,5.77,3.52,West,Limited,17.373784,78.391083,84.38
Peerzadiguda,Apartment,1299,3,2,0,15,16,15,Unfurnished,2,Yes,Yes,No,No,Yes,3.77,0.96,5.97,North,24x7,17.385526,78.397935,62.07
Khairatabad,Apartment,1811,3,2,1,15,17,6,Unfurnished,1,Yes,Yes,No,Yes,No,12.85,2.69,8.54,North-East,Limited,17.470422,78.407779,137.03
Banjara Hills,Apartment,823,1,2,0,5,8,2,Unfurnished,2,No,No,No,Yes,Yes,11.9,5.15,9.79,North-West,24x7,17.366934,78.517735,100.36
Alwal,Apartment,1555,3,2,2,6,12,6,Semi-Furnished,0,Yes,No,Yes,No,No,8.4,0.91,7.5,West,12 Hours,17.316898,78.418793,83.01
ECIL,Independent House,1885,3,3,1,3,20,12,Unfurnished,2,No,No,Yes,Yes,No,0.66,2.19,8.37,East,Limited,17.322129,78.519544,88.15
Ameerpet,Apartment,2709,5,5,1,0,3,21,Unfurnished,2,No,No,Yes,Yes,Yes,7.95,7.35,5.67,South-East,Limited,17.447825,78.523727,145.25
Tukkuguda,Independent House,1746,3,2,1,5,13,5,Fully Furnished,2,No,Yes,No,No,No,10.78,1.89,2.44,South,12 Hours,17.342837,78.448661,84.05
Tellapur,Apartment,1089,2,2,1,0,1,24,Semi-Furnished,1,Yes,No,Yes,Yes,Yes,14.7,5.81,6.2,West,Limited,17.388001,78.493811,51.63
Old Alwal,Apartment,1288,2,2,1,1,13,3,Semi-Furnished,2,No,No,Yes,No,Yes,12.1,2.16,6.75,West,Limited,17.355758,78.552411,55.15
Uppal,Apartment,1200,2,2,0,1,1,7,Fully Furnished,1,Yes,No,No,No,No,10.81,2.58,7.4,East,Limited,17.346559,78.569458,52.95
Isnapur,Villa,1781,4,5,0,6,10,23,Unfurnished,2,No,Yes,No,No,No,12.16,7.98,1.76,South-East,24x7,17.350349,78.457585,60.34
Somajiguda,Apartment,668,1,1,0,1,13,23,Fully Furnished,1,Yes,Yes,No,No,No,0.59,7.28,5.41,East,12 Hours,17.473224,78.561964,61.87
Alwal,Apartment,1274,2,1,1,0,2,23,Fully Furnished,2,Yes,No,No,Yes,Yes,0.66,1.97,0.92,West,24x7,17.363546,78.497374,51.93
Alwal,Apartment,861,2,2,1,5,6,6,Semi-Furnished,1,No,No,Yes,Yes,Yes,14.55,0.62,6.42,South-East,24x7,17.323773,78.558463,49.15
Pocharam,Villa,2002,4,4,2,9,9,4,Unfurnished,1,No,No,No,No,Yes,7.95,1.26,0.65,West,Limited,17.452582,78.558453,97.26
Bandlaguda Jagir,Apartment,958,2,2,1,6,11,12,Unfurnished,0,No,Yes,Yes,No,No,1.26,5.69,4.11,South,12 Hours,17.372842,78.508809,45.48
Tarnaka,Apartment,1079,2,1,1,4,15,24,Semi-Furnished,1,Yes,Yes,Yes,No,Yes,5.81,3.11,1.17,South,Limited,17.419729,78.422551,50.02
Kokapet,Apartment,1292,3,4,3,2,4,13,Unfurnished,1,No,Yes,No,Yes,Yes,4.21,0.88,2.83,North-West,12 Hours,17.33092,78.41021,108.13
ECIL,Independent House,2449,4,4,1,2,4,22,Semi-Furnished,2,Yes,No,No,Yes,Yes,11.5,7.48,6.55,South-East,12 Hours,17.285398,78.530448,98.85
Uppal,Apartment,913,2,2,0,11,11,19,Semi-Furnished,1,No,No,Yes,No,No,1.21,1.73,2.81,South-West,12 Hours,17.387987,78.418973,47.34
ECIL,Villa,1302,3,3,1,1,1,13,Semi-Furnished,0,Yes,Yes,Yes,No,Yes,11.9,1.33,5.87,South-East,12 Hours,17.288826,78.41985,63.82
Gachibowli,Villa,2029,4,4,1,12,13,14,Semi-Furnished,2,Yes,No,Yes,No,No,13.82,5.09,7.24,South,Limited,17.333307,78.457554,188.9
Beeramguda,Apartment,943,2,1,2,2,4,22,Unfurnished,0,No,Yes,Yes,Yes,No,4.75,1.94,3.32,West,Limited,17.329472,78.490545,25.84
Vanasthalipuram,Villa,797,1,1,1,2,3,8,Fully Furnished,1,Yes,No,Yes,No,No,6.83,5.61,6.41,South,Limited,17.33407,78.398246,39.84
Neknampur,Apartment,1491,3,3,1,1,5,24,Semi-Furnished,2,Yes,Yes,No,No,No,7.27,1.87,1.22,East,12 Hours,17.331841,78.430611,69.16
Begumpet,Apartment,1203,3,3,2,0,2,12,Unfurnished,1,No,Yes,No,Yes,No,1.73,6.65,6.58,North-East,Limited,17.40826,78.498076,101.69
Ramanthapur,Apartment,1644,3,4,2,5,17,13,Semi-Furnished,1,Yes,No,Yes,No,Yes,0.7,0.61,7.21,South,Limited,17.370789,78.494881,76.2
Maheshwaram,Villa,1621,3,2,2,14,19,8,Semi-Furnished,2,No,Yes,Yes,Yes,No,11.35,6.76,7.23,West,12 Hours,17.425429,78.421039,70.33
LB Nagar,Apartment,1522,3,3,0,9,10,22,Fully Furnished,0,Yes,No,No,No,Yes,2.35,6.04,9.77,North-East,12 Hours,17.367392,78.560805,74.71
Tellapur,Apartment,1746,3,2,0,9,11,9,Fully Furnished,1,Yes,No,Yes,Yes,Yes,3.15,3.77,7.54,North,24x7,17.391501,78.409779,99.03
Rajendra Nagar,Independent House,1104,2,2,0,2,6,12,Fully Furnished,1,No,Yes,Yes,Yes,Yes,7.03,5.25,6.66,East,12 Hours,17.308441,78.454141,64.03
Saroornagar,Apartment,1593,3,2,1,9,9,20,Semi-Furnished,1,No,No,No,No,Yes,11.42,2.8,4.57,South-West,Limited,17.423415,78.42795,66.05
Meerpet,Apartment,1447,3,2,3,1,5,12,Unfurnished,0,Yes,Yes,No,Yes,No,6.31,0.36,4.48,North-West,12 Hours,17.464135,78.427563,59.91
LB Nagar,Builder Floor,1190,2,3,1,5,11,15,Semi-Furnished,0,Yes,No,No,No,No,0.58,0.7,5.48,North-West,Limited,17.368854,78.390325,60.12
Vanasthalipuram,Apartment,586,1,2,1,4,12,10,Unfurnished,0,Yes,No,No,No,Yes,11.66,4.83,4.99,North-East,24x7,17.298809,78.481551,25.7
Pragathi Nagar,Apartment,2136,4,3,1,7,11,1,Fully Furnished,0,No,Yes,Yes,No,Yes,1.16,5.09,8.19,North-East,24x7,17.410685,78.524426,120.46
Patancheru,Apartment,720,1,1,0,1,1,23,Unfurnished,0,No,Yes,No,Yes,No,9.15,6.98,9.23,South-West,24x7,17.286996,78.531389,24.2
Himayat Nagar,Apartment,1035,2,3,2,8,9,0,Semi-Furnished,1,Yes,No,Yes,No,No,11.4,4.09,9.88,East,Limited,17.452224,78.550978,72.86
Ramanthapur,Apartment,978,2,1,1,17,19,1,Unfurnished,2,No,Yes,Yes,No,No,2.63,7.01,8.64,South,24x7,17.382019,78.453426,57.81
Vanasthalipuram,Builder Floor,1116,2,2,2,1,1,6,Semi-Furnished,0,Yes,Yes,Yes,No,No,7.33,4.4,4.87,North-West,24x7,17.375259,78.423388,63.92
Ameerpet,Apartment,986,2,2,0,0,1,19,Semi-Furnished,2,No,No,Yes,No,Yes,4.05,6.2,2.1,South-East,24x7,17.461512,78.479962,55.74
Masab Tank,Apartment,1486,3,3,3,13,14,15,Semi-Furnished,2,Yes,Yes,No,Yes,Yes,6.07,1.7,6.11,West,12 Hours,17.362565,78.547408,98.81
Vanasthalipuram,Apartment,1501,3,3,3,5,12,18,Semi-Furnished,1,Yes,No,Yes,Yes,Yes,7.17,1.41,6.71,West,12 Hours,17.325695,78.400095,63.09
LB Nagar,Apartment,937,2,2,1,1,19,1,Fully Furnished,1,No,No,No,Yes,No,12.24,7.88,6.02,North-East,24x7,17.362881,78.495052,57.44
Neredmet,Apartment,1153,2,1,2,1,18,14,Fully Furnished,0,No,Yes,No,Yes,No,7.66,0.75,6.02,North-West,Limited,17.298313,78.516364,56.95
Tukkuguda,Apartment,1415,3,3,3,3,14,16,Unfurnished,0,Yes,No,No,Yes,Yes,3.95,3.37,1.53,West,Limited,17.360094,78.547463,47.43
Kismatpur,Apartment,895,2,1,0,17,19,16,Fully Furnished,1,Yes,Yes,Yes,No,Yes,13.77,3.29,7.72,East,24x7,17.484436,78.498512,37.44
Nagole,Apartment,1350,3,3,3,7,18,7,Semi-Furnished,2,No,No,No,Yes,Yes,10.85,0.64,5.16,South-West,Limited,17.329022,78.456804,76.78
Habsiguda,Independent House,1895,4,4,2,0,15,25,Semi-Furnished,1,Yes,Yes,Yes,Yes,Yes,5.18,2.92,0.91,North-West,12 Hours,17.298743,78.460615,105.5
Madhapur,Apartment,1094,2,2,2,4,9,8,Unfurnished,1,No,Yes,Yes,Yes,No,1.43,7.14,9.53,West,24x7,17.429548,78.518046,106.33
Somajiguda,Apartment,1654,3,2,2,13,13,24,Fully Furnished,2,Yes,Yes,No,No,No,8.3,7.03,1.85,North-East,Limited,17.286673,78.430233,112.52
Nampally,Apartment,1092,2,2,0,6,8,23,Semi-Furnished,1,Yes,Yes,No,Yes,Yes,9.39,3.99,7.7,South,24x7,17.381798,78.387763,56.75
Balapur,Apartment,1364,3,3,3,1,8,16,Semi-Furnished,2,Yes,Yes,Yes,Yes,No,8.61,7.4,6.79,North,24x7,17.439562,78.496384,56.41
Chandanagar,Apartment,1581,3,2,2,8,9,7,Fully Furnished,1,No,Yes,No,Yes,No,4.73,3.26,4.97,North-East,12 Hours,17.438303,78.503443,80.96
Neknampur,Independent House,1757,3,3,0,8,16,23,Fully Furnished,0,No,Yes,No,Yes,No,0.69,1.54,2.07,West,12 Hours,17.435349,78.5473,107.95
Raidurg,Villa,1253,2,2,1,12,16,22,Unfurnished,2,No,Yes,No,No,No,0.87,7.97,6.12,North,Limited,17.313065,78.520931,114.04
Bollaram,Builder Floor,2258,5,5,3,11,12,0,Fully Furnished,2,No,Yes,Yes,Yes,No,5.97,3.84,6.2,South-East,12 Hours,17.433451,78.420676,111.79
Mallapur,Apartment,3007,5,5,2,6,6,1,Unfurnished,0,Yes,Yes,No,Yes,Yes,13.54,1.91,4.66,South-East,Limited,17.463082,78.536696,122.85
Tarnaka,Apartment,1296,3,4,3,2,20,10,Unfurnished,2,No,No,No,Yes,No,4.76,5.05,2.51,North-West,24x7,17.436743,78.506131,79.93
Begumpet,Villa,1007,2,2,1,0,2,17,Semi-Furnished,0,No,Yes,No,Yes,Yes,8.73,6.32,3.89,South-East,Limited,17.462826,78.502461,88.26
Khairatabad,Apartment,943,2,3,2,12,15,8,Unfurnished,1,Yes,Yes,Yes,No,Yes,14.61,6.02,3.68,West,Limited,17.316295,78.481484,63.02
Kapra,Villa,1131,2,3,1,1,5,17,Fully Furnished,0,Yes,No,No,Yes,Yes,1.46,7.42,3.12,West,12 Hours,17.339189,78.427151,61.04
Balapur,Apartment,983,2,3,2,14,17,18,Semi-Furnished,0,Yes,Yes,Yes,No,Yes,8.96,2.5,4.69,South-East,12 Hours,17.3333,78.429683,31.41
Dilsukhnagar,Apartment,1582,3,2,0,4,4,15,Unfurnished,0,No,Yes,Yes,No,Yes,14.11,2.23,4.61,South-East,24x7,17.466568,78.488112,74.26
Puppalaguda,Independent House,1761,3,2,3,0,4,19,Fully Furnished,1,No,No,No,Yes,No,11.53,6.76,4.36,East,24x7,17.300394,78.525931,133.93
Balapur,Apartment,1273,3,3,2,5,6,23,Unfurnished,0,No,Yes,Yes,Yes,Yes,1.29,7.68,4.6,North-West,Limited,17.449366,78.518602,38.39
Film Nagar,Villa,997,2,1,0,2,10,0,Semi-Furnished,1,No,Yes,Yes,No,Yes,4.21,5.99,5.88,East,24x7,17.339389,78.525172,152.19
Nacharam,Apartment,1344,3,3,1,2,5,1,Unfurnished,1,Yes,Yes,Yes,Yes,Yes,5.9,1.38,0.76,East,24x7,17.472814,78.513975,65.64
Bachupally,Apartment,1144,2,1,0,2,8,11,Unfurnished,2,No,Yes,Yes,Yes,Yes,11.13,2.26,8.41,South-East,Limited,17.338902,78.424885,49.38
Tellapur,Apartment,1505,3,3,3,12,14,0,Unfurnished,1,No,No,Yes,No,Yes,11.31,5.92,6.04,North-West,24x7,17.328743,78.505761,88.63
Nagole,Apartment,1448,3,3,2,4,6,15,Unfurnished,1,No,Yes,No,Yes,No,14.74,3.41,8.23,West,12 Hours,17.417394,78.549688,76.93
Attapur,Apartment,1177,2,1,2,6,14,9,Unfurnished,1,No,No,Yes,Yes,No,12.81,5.67,2.01,South-West,12 Hours,17.43717,78.424244,56.85
Mallapur,Apartment,956,2,3,0,17,19,10,Fully Furnished,0,Yes,No,Yes,No,No,13.89,1.46,1.48,South-West,24x7,17.42479,78.460369,52.04
Patancheru,Villa,1628,3,3,1,4,11,6,Fully Furnished,1,No,No,No,Yes,Yes,6.49,1.08,7.44,North,12 Hours,17.29123,78.438615,77.1
Boduppal,Apartment,1759,3,2,3,2,4,7,Fully Furnished,2,Yes,Yes,No,Yes,No,1.78,2.19,5.22,South,12 Hours,17.460837,78.435379,85.13
Nanakramguda,Apartment,1204,3,2,2,13,18,15,Fully Furnished,2,Yes,Yes,No,No,Yes,2.21,7.84,9.8,South-East,24x7,17.292796,78.520069,114.1
Begumpet,Apartment,992,2,2,2,5,19,12,Fully Furnished,1,No,No,Yes,Yes,Yes,7.17,6.06,6.06,North-East,24x7,17.464584,78.564324,85.42
Lakdikapul,Apartment,1880,3,2,0,5,6,13,Fully Furnished,1,No,No,Yes,No,No,14.85,0.5,6.98,South,24x7,17.465192,78.585932,136.27
Kompally,Apartment,1049,2,1,0,12,12,24,Fully Furnished,0,Yes,No,Yes,No,Yes,11.54,0.93,2.65,North-East,12 Hours,17.453974,78.436502,59.77
Boduppal,Apartment,1410,3,3,0,0,10,18,Fully Furnished,2,No,Yes,Yes,Yes,No,7.66,1.97,1.2,North-East,Limited,17.298451,78.405684,67.29
Puppalaguda,Apartment,1185,2,1,0,1,2,20,Unfurnished,0,Yes,No,No,Yes,No,13.78,7.99,7.61,West,Limited,17.350328,78.536337,68.47
Gachibowli,Apartment,1282,2,2,1,10,17,9,Fully Furnished,1,Yes,Yes,Yes,No,Yes,1.58,0.77,5.04,West,12 Hours,17.456605,78.586226,123.33
Saroornagar,Apartment,1096,2,1,2,3,3,3,Unfurnished,0,Yes,No,Yes,Yes,No,13.64,5.45,0.54,West,12 Hours,17.29307,78.468938,54.35
Neknampur,Independent House,1173,2,2,1,3,5,22,Unfurnished,2,Yes,No,No,No,No,6.02,6.92,2.28,West,24x7,17.289485,78.458785,58.65
Kondapur,Villa,1829,3,2,3,4,4,9,Unfurnished,0,Yes,Yes,No,No,Yes,1.6,2.13,9.24,South,12 Hours,17.398236,78.449256,144.48
Ameenpur,Builder Floor,884,2,3,2,5,9,10,Unfurnished,1,Yes,No,No,Yes,Yes,2.51,3.1,5.12,West,Limited,17.331404,78.389576,39.64
Balapur,Apartment,1733,3,3,3,9,13,9,Fully Furnished,2,Yes,Yes,Yes,No,Yes,9.07,5.14,7.44,South-East,12 Hours,17.409749,78.539161,77.86
Ameenpur,Apartment,1108,2,2,0,3,6,20,Fully Furnished,0,No,Yes,No,No,Yes,11.53,3.08,3.99,North-East,12 Hours,17.452424,78.510605,43.93
Boduppal,Apartment,1289,2,2,0,0,8,12,Fully Furnished,2,No,Yes,No,Yes,No,11.78,1.09,0.55,South-East,12 Hours,17.409923,78.559587,47.1
Bandlaguda Jagir,Apartment,2405,5,5,1,4,18,0,Semi-Furnished,1,Yes,Yes,Yes,Yes,No,13.12,5.38,1.83,North,Limited,17.40119,78.584836,104.97
Madinaguda,Apartment,1124,2,2,1,2,11,16,Unfurnished,1,No,Yes,Yes,No,Yes,1.07,6.09,3.05,West,24x7,17.373459,78.528179,61.05
Puppalaguda,Apartment,1191,2,1,1,5,7,24,Semi-Furnished,0,Yes,Yes,Yes,No,No,2.21,5.69,6.82,South-West,Limited,17.330775,78.50607,72.77
Bandlaguda Jagir,Apartment,826,1,1,0,1,1,3,Fully Furnished,1,No,Yes,No,Yes,No,13.14,1.27,7.74,West,Limited,17.470828,78.455081,43.95
Old Alwal,Apartment,1494,3,3,0,0,6,20,Fully Furnished,2,Yes,Yes,No,Yes,No,7.72,7.33,6.6,East,Limited,17.327327,78.585826,67.85
Pocharam,Apartment,924,2,1,0,14,20,8,Unfurnished,2,No,Yes,No,No,No,14.39,7.35,7.95,North-East,Limited,17.414902,78.547583,43.2
Saroornagar,Apartment,1700,4,5,3,1,19,22,Semi-Furnished,1,Yes,No,Yes,No,Yes,11.05,3.29,4.49,South,24x7,17.403632,78.39737,78.6
Kapra,Apartment,754,1,1,0,13,15,2,Unfurnished,1,Yes,No,Yes,Yes,No,3.69,0.46,3.16,South-West,Limited,17.419957,78.522206,36.34
Shamshabad,Apartment,1607,3,3,2,7,10,24,Semi-Furnished,0,No,Yes,No,Yes,Yes,11.29,7.24,2.15,North-East,Limited,17.473338,78.420171,67.18
Madhapur,Apartment,1515,3,2,2,3,11,12,Fully Furnished,0,No,No,No,No,No,12.76,4.8,0.77,North,12 Hours,17.423177,78.526127,136.0
Jubilee Hills,Apartment,881,2,2,0,2,8,19,Semi-Furnished,2,No,No,Yes,Yes,Yes,5.17,4.44,8.2,South-East,24x7,17.340058,78.417941,99.09
Malkajgiri,Villa,1072,2,3,0,19,20,2,Semi-Furnished,0,Yes,No,No,Yes,Yes,12.52,0.5,1.33,South-West,Limited,17.40486,78.422571,52.91
Neknampur,Apartment,1615,3,4,1,0,16,12,Unfurnished,0,No,Yes,Yes,Yes,Yes,9.0,4.15,3.37,North-West,24x7,17.376034,78.520252,94.02
Nallagandla,Apartment,1249,3,2,1,3,8,11,Fully Furnished,0,No,No,Yes,Yes,Yes,1.34,0.47,7.23,North-West,12 Hours,17.318946,78.390529,83.5
Kollur,Independent House,1217,2,2,2,2,16,16,Fully Furnished,1,No,No,Yes,No,Yes,3.79,2.5,7.91,South,24x7,17.406939,78.526628,59.57
Kondapur,Apartment,1250,2,1,1,6,11,9,Semi-Furnished,2,No,Yes,No,Yes,Yes,9.42,7.58,3.85,West,24x7,17.445562,78.578884,109.03
Ramanthapur,Builder Floor,1548,3,2,2,5,6,15,Fully Furnished,1,Yes,Yes,Yes,Yes,Yes,12.41,5.29,5.03,East,12 Hours,17.382699,78.467077,80.72
Raidurg,Apartment,1195,2,1,1,14,16,0,Semi-Furnished,2,No,No,Yes,No,Yes,2.46,1.83,5.12,North-West,Limited,17.399521,78.442103,94.75
Raidurg,Apartment,1491,3,3,3,7,8,2,Unfurnished,1,Yes,No,Yes,Yes,Yes,0.92,6.05,4.81,North-West,24x7,17.401638,78.505268,140.75
Hayathnagar,Villa,974,2,1,0,2,5,13,Semi-Furnished,2,No,No,Yes,Yes,No,11.45,4.42,2.95,South-West,Limited,17.295398,78.393049,45.64
Pragathi Nagar,Apartment,886,2,2,0,4,17,1,Unfurnished,0,No,Yes,No,No,Yes,10.65,3.33,2.25,South-West,24x7,17.301913,78.508069,54.16
Kokapet,Apartment,2847,5,5,1,7,8,11,Fully Furnished,1,No,No,No,No,No,8.17,4.24,6.09,North,24x7,17.461583,78.518509,211.73
Old Alwal,Independent House,758,1,1,1,1,1,18,Unfurnished,2,No,No,No,No,Yes,2.57,5.48,8.73,North,12 Hours,17.457599,78.563919,34.26
Ramanthapur,Apartment,1013,2,1,2,6,15,8,Fully Furnished,1,Yes,Yes,Yes,Yes,No,6.84,6.33,4.03,East,24x7,17.432485,78.444004,46.43
Pragathi Nagar,Villa,1288,2,1,1,7,12,23,Fully Furnished,1,Yes,No,Yes,No,Yes,7.15,1.87,6.67,North,24x7,17.484448,78.392705,75.49
Safilguda,Apartment,1847,4,4,1,4,15,22,Unfurnished,2,No,No,Yes,No,No,6.3,5.92,0.61,South,12 Hours,17.409526,78.581377,89.1
Kompally,Apartment,2527,4,5,1,0,1,2,Unfurnished,0,Yes,Yes,No,No,Yes,6.12,2.25,9.66,South,24x7,17.454478,78.399179,155.1
Nacharam,Apartment,1254,2,2,2,12,18,15,Fully Furnished,2,Yes,Yes,No,Yes,No,9.78,2.25,9.21,South-East,Limited,17.298403,78.581769,59.15
Hitech City,Builder Floor,1986,4,3,0,2,7,8,Fully Furnished,1,Yes,Yes,No,Yes,Yes,1.62,7.22,3.27,West,12 Hours,17.455509,78.574293,246.73
Vanasthalipuram,Apartment,1261,3,2,1,16,17,18,Fully Furnished,2,Yes,No,No,Yes,Yes,4.59,2.39,1.11,South-East,12 Hours,17.36212,78.400907,66.32
Himayat Nagar,Apartment,1395,3,2,2,6,17,15,Semi-Furnished,1,No,No,Yes,Yes,Yes,9.55,0.39,9.26,North-West,12 Hours,17.330873,78.480521,89.7
Safilguda,Apartment,1762,3,3,0,0,3,4,Semi-Furnished,2,Yes,No,Yes,No,Yes,6.82,1.12,5.4,South-East,12 Hours,17.305196,78.420198,76.83
Nacharam,Apartment,1594,3,4,2,16,19,6,Fully Furnished,0,Yes,No,Yes,No,Yes,10.93,6.96,3.66,South,12 Hours,17.479615,78.538559,68.52
Sainikpuri,Apartment,728,1,2,1,4,15,17,Semi-Furnished,0,No,Yes,Yes,Yes,No,2.81,3.38,1.85,South-West,Limited,17.372948,78.442374,41.18
Khairatabad,Apartment,1752,3,3,3,8,14,15,Fully Furnished,0,Yes,Yes,Yes,Yes,No,3.47,7.24,4.89,South-West,12 Hours,17.350251,78.446577,128.18
Rajendra Nagar,Independent House,1012,2,1,2,12,12,23,Fully Furnished,0,Yes,No,Yes,No,No,6.68,7.76,0.54,South-West,24x7,17.310936,78.437993,52.08
Hayathnagar,Villa,1219,2,1,2,7,15,17,Fully Furnished,0,No,No,No,No,Yes,2.25,6.15,3.28,North-West,24x7,17.419799,78.399213,60.2
Beeramguda,Villa,1249,2,1,0,2,15,4,Unfurnished,0,Yes,No,Yes,Yes,No,10.29,4.06,8.94,East,12 Hours,17.446805,78.416084,57.12
Peerzadiguda,Apartment,2392,5,5,0,18,19,20,Semi-Furnished,0,No,No,No,No,No,6.34,3.81,3.31,South-East,Limited,17.457932,78.417685,100.77
Miyapur,Independent House,737,1,1,0,2,10,21,Semi-Furnished,2,No,Yes,No,Yes,Yes,2.34,0.98,1.22,North-East,24x7,17.381908,78.447184,39.75
Jubilee Hills,Apartment,1689,3,3,3,0,2,10,Semi-Furnished,2,Yes,Yes,No,Yes,Yes,1.14,3.36,8.37,North,12 Hours,17.445761,78.41413,245.13
LB Nagar,Apartment,1142,2,2,2,7,9,10,Fully Furnished,1,Yes,Yes,No,No,Yes,5.69,7.19,6.2,West,12 Hours,17.386102,78.415516,50.94
Uppal,Apartment,1593,3,3,3,13,13,9,Fully Furnished,0,Yes,Yes,Yes,Yes,No,10.54,6.59,4.37,North-West,24x7,17.339728,78.484267,87.84
Kollur,Apartment,1289,2,2,2,4,16,9,Unfurnished,0,Yes,Yes,Yes,No,Yes,1.75,5.43,4.08,East,12 Hours,17.376917,78.447993,58.63
Hitech City,Independent House,1271,2,2,1,3,4,20,Unfurnished,2,Yes,Yes,Yes,No,No,12.75,7.3,4.12,South,24x7,17.296396,78.470421,144.23
Nanakramguda,Apartment,1809,3,3,0,14,18,16,Unfurnished,2,Yes,No,Yes,Yes,Yes,5.37,7.63,1.11,North,Limited,17.430001,78.501558,122.35
Financial District,Independent House,684,1,1,1,6,14,2,Unfurnished,1,No,Yes,Yes,Yes,Yes,14.78,5.49,4.58,West,12 Hours,17.44041,78.559141,79.13
Begumpet,Villa,3137,5,4,2,1,8,2,Unfurnished,1,Yes,Yes,Yes,No,No,13.98,4.96,6.38,North-East,24x7,17.392605,78.554722,314.2
Champapet,Builder Floor,1343,3,4,1,13,16,23,Semi-Furnished,2,Yes,Yes,No,No,No,7.44,6.97,5.34,South-West,12 Hours,17.462904,78.460993,66.33
Ameenpur,Apartment,2118,4,4,3,16,18,21,Fully Furnished,1,Yes,Yes,No,Yes,No,13.9,1.62,2.01,South-East,12 Hours,17.382879,78.535028,89.95
Neredmet,Independent House,1783,3,3,3,1,13,12,Semi-Furnished,0,Yes,Yes,No,No,Yes,12.22,4.66,1.51,North-West,12 Hours,17.381636,78.554346,96.74
Peerzadiguda,Apartment,1158,2,3,1,0,10,17,Unfurnished,2,No,Yes,No,Yes,Yes,13.82,7.55,3.26,South-West,24x7,17.456959,78.468061,49.77
Khairatabad,Apartment,885,2,2,2,6,12,11,Unfurnished,2,No,Yes,Yes,No,No,1.07,7.02,3.93,East,24x7,17.375798,78.539189,62.07
ECIL,Apartment,1735,3,4,3,10,12,14,Unfurnished,2,Yes,Yes,Yes,Yes,Yes,2.29,5.93,1.92,East,24x7,17.324284,78.576989,80.02
LB Nagar,Independent House,690,1,1,0,10,13,20,Fully Furnished,1,Yes,Yes,Yes,Yes,Yes,6.42,1.92,1.63,East,12 Hours,17.398545,78.502563,36.44
Gachibowli,Independent House,1400,3,2,1,2,9,12,Fully Furnished,2,No,Yes,No,No,No,3.97,7.58,7.48,North-East,24x7,17.413949,78.432665,118.01
Manikonda,Apartment,1050,2,2,1,8,16,1,Fully Furnished,1,No,Yes,No,No,No,14.13,1.99,3.64,West,12 Hours,17.359435,78.519033,74.76
Nacharam,Builder Floor,1628,3,3,1,8,9,6,Semi-Furnished,2,Yes,No,No,Yes,No,12.57,1.96,9.8,North-East,Limited,17.399175,78.423754,83.03
Alwal,Apartment,1671,3,4,2,15,17,0,Fully Furnished,2,No,Yes,Yes,No,Yes,10.02,5.3,3.36,South-East,Limited,17.328742,78.423268,76.21
Hayathnagar,Apartment,1512,3,3,0,11,12,1,Fully Furnished,0,No,No,No,Yes,Yes,1.24,1.82,2.14,South,Limited,17.342142,78.572125,54.21
Pocharam,Apartment,1345,3,3,2,10,12,20,Fully Furnished,0,Yes,Yes,Yes,No,Yes,5.36,7.94,1.54,East,Limited,17.399252,78.4153,59.74
Maheshwaram,Apartment,1186,2,2,2,2,4,6,Semi-Furnished,0,Yes,Yes,No,No,Yes,12.45,6.08,6.39,North-West,24x7,17.444546,78.460178,34.33
Narsingi,Apartment,1789,3,2,2,3,6,11,Unfurnished,1,No,Yes,No,No,Yes,12.19,2.95,7.07,North-West,12 Hours,17.396357,78.555724,95.47
Miyapur,Independent House,999,2,2,0,6,9,1,Fully Furnished,2,Yes,Yes,No,Yes,Yes,7.41,7.24,3.39,North-West,12 Hours,17.320025,78.521253,70.02
Nagole,Apartment,1338,3,4,1,3,18,13,Semi-Furnished,0,Yes,No,No,No,Yes,14.97,1.38,1.33,North-West,12 Hours,17.328642,78.561514,75.47
Nacharam,Independent House,1870,4,5,2,1,4,24,Semi-Furnished,0,No,Yes,No,No,Yes,0.7,5.09,1.06,South,24x7,17.337649,78.386831,104.84
Mallapur,Apartment,1833,3,3,0,11,14,15,Unfurnished,1,No,Yes,No,Yes,Yes,13.76,5.72,4.48,South,Limited,17.443519,78.512166,79.21
Chandanagar,Apartment,1247,2,1,1,11,17,2,Fully Furnished,1,Yes,Yes,Yes,No,Yes,6.31,3.12,8.66,North,Limited,17.31541,78.478365,67.44
Alwal,Apartment,1035,2,2,1,7,13,5,Fully Furnished,2,Yes,Yes,No,No,Yes,11.35,5.14,2.34,West,Limited,17.303755,78.483926,45.1
Patancheru,Apartment,2081,4,4,0,2,2,20,Unfurnished,2,No,No,Yes,Yes,No,0.73,1.43,6.05,South-West,Limited,17.293012,78.444992,73.05
Himayat Nagar,Apartment,1288,2,2,2,3,4,4,Fully Furnished,2,Yes,Yes,No,Yes,Yes,2.77,4.87,2.84,West,12 Hours,17.332629,78.568387,114.26
Nizampet,Apartment,1316,3,2,2,4,5,16,Fully Furnished,1,No,Yes,No,No,No,12.83,6.0,8.48,West,12 Hours,17.37826,78.538815,74.83
Nanakramguda,Apartment,640,1,1,0,11,13,25,Fully Furnished,0,No,Yes,Yes,No,No,13.27,1.61,3.5,South-East,12 Hours,17.382453,78.472697,45.23
Financial District,Apartment,554,1,1,1,10,14,22,Semi-Furnished,2,No,No,Yes,Yes,Yes,11.94,4.47,1.41,West,24x7,17.484912,78.54059,45.88
Bollaram,Apartment,710,1,1,0,4,8,12,Unfurnished,0,No,Yes,Yes,Yes,Yes,3.91,5.36,2.11,South,24x7,17.450511,78.420842,22.86
Karmanghat,Apartment,748,1,1,1,6,8,0,Unfurnished,2,Yes,No,Yes,No,Yes,7.25,4.23,7.21,South-West,12 Hours,17.32589,78.454782,33.31
Madinaguda,Apartment,891,2,2,2,0,4,15,Unfurnished,1,Yes,No,Yes,No,No,13.13,0.51,6.72,North-West,24x7,17.408026,78.568821,44.32
Nizampet,Apartment,1241,2,1,2,2,3,25,Fully Furnished,1,No,No,No,No,No,2.56,3.34,3.72,West,Limited,17.385255,78.396749,60.26
Nagole,Apartment,1078,2,1,2,16,17,13,Unfurnished,1,Yes,No,No,Yes,Yes,11.26,6.19,4.13,South-West,Limited,17.395232,78.474336,51.94
Hitech City,Apartment,900,2,2,2,15,17,23,Semi-Furnished,0,Yes,Yes,Yes,No,No,14.44,2.62,7.98,South-East,24x7,17.317136,78.391694,86.19
Bachupally,Apartment,1198,2,1,0,13,15,24,Unfurnished,2,No,Yes,Yes,No,Yes,4.79,2.05,6.21,South-East,24x7,17.332496,78.396623,60.62
Peerzadiguda,Independent House,1043,2,3,2,15,17,0,Unfurnished,1,Yes,Yes,Yes,No,Yes,7.55,4.95,6.59,South-East,Limited,17.307319,78.508364,42.16
Kondapur,Apartment,924,2,1,2,3,6,1,Semi-Furnished,1,Yes,No,Yes,Yes,No,1.22,6.02,7.01,West,24x7,17.319699,78.46265,78.48
Tellapur,Apartment,1115,2,2,0,0,3,14,Fully Furnished,2,No,Yes,No,No,No,8.12,5.91,8.45,North-East,Limited,17.363419,78.536854,67.47
Old Alwal,Apartment,1258,3,3,1,0,5,15,Unfurnished,0,No,No,No,No,No,7.99,1.03,6.39,West,24x7,17.439554,78.434087,56.1
Raidurg,Apartment,1520,3,4,1,3,4,6,Unfurnished,0,No,No,No,No,Yes,11.3,6.1,1.48,North-East,Limited,17.398156,78.572529,143.24
Nizampet,Villa,1290,3,3,0,8,13,5,Fully Furnished,0,Yes,Yes,Yes,No,Yes,6.68,4.1,2.29,North,24x7,17.298233,78.390531,88.06
Kompally,Apartment,2521,4,4,0,16,16,10,Semi-Furnished,2,Yes,Yes,No,Yes,Yes,7.41,1.56,3.89,North-East,12 Hours,17.389947,78.541749,159.85
Khairatabad,Apartment,1440,3,2,1,8,16,23,Unfurnished,2,Yes,Yes,No,No,Yes,6.85,2.4,8.42,North,12 Hours,17.354017,78.392721,90.17
Kokapet,Independent House,1883,4,3,1,6,7,25,Unfurnished,0,No,Yes,No,No,No,1.92,1.9,7.84,North-East,12 Hours,17.418574,78.573341,141.87
Attapur,Independent House,1208,3,4,3,10,17,24,Fully Furnished,0,No,No,No,No,Yes,9.63,7.34,0.81,North,Limited,17.407293,78.5224,56.59
Nagole,Apartment,2036,4,3,3,8,13,2,Unfurnished,0,Yes,No,Yes,No,No,0.92,5.63,1.65,South,Limited,17.454622,78.576132,113.77
Madinaguda,Apartment,937,2,2,0,16,20,25,Fully Furnished,0,Yes,No,Yes,Yes,Yes,6.79,2.68,0.64,West,Limited,17.432813,78.442193,50.3
Quthbullapur,Apartment,1766,3,3,1,0,1,22,Semi-Furnished,0,No,Yes,No,No,No,5.59,7.19,1.36,South-East,Limited,17.477672,78.388757,65.82
Himayat Nagar,Builder Floor,844,1,1,0,7,10,11,Unfurnished,2,Yes,Yes,No,Yes,No,5.01,5.2,3.35,North-West,24x7,17.426249,78.511238,65.38
Maheshwaram,Apartment,1883,4,5,0,0,3,20,Unfurnished,1,No,No,No,Yes,Yes,1.01,7.67,2.8,South-East,Limited,17.347376,78.454694,72.96
Balapur,Apartment,1783,3,3,1,8,8,12,Unfurnished,2,No,Yes,Yes,Yes,Yes,12.62,6.41,7.94,North-East,24x7,17.37356,78.43891,67.68
Beeramguda,Villa,1043,2,3,2,4,6,23,Unfurnished,1,No,Yes,Yes,No,Yes,14.31,2.28,4.99,West,Limited,17.451914,78.573797,44.53
Tolichowki,Villa,869,2,3,1,2,10,9,Unfurnished,2,Yes,No,Yes,No,No,0.8,2.37,3.73,East,Limited,17.359502,78.572426,52.86
Champapet,Independent House,3446,5,5,3,0,1,18,Semi-Furnished,2,No,No,No,Yes,No,9.21,6.76,4.97,North-West,24x7,17.303472,78.419258,165.72
Nagole,Independent House,1204,3,2,2,2,9,17,Fully Furnished,1,Yes,No,No,No,No,7.99,3.64,4.77,North-East,12 Hours,17.315094,78.580315,60.64
Habsiguda,Apartment,1857,3,2,3,1,19,2,Semi-Furnished,2,No,Yes,Yes,Yes,Yes,12.08,2.31,9.54,South-West,24x7,17.385304,78.436032,120.79
Lakdikapul,Independent House,1222,2,2,0,1,11,17,Fully Furnished,2,No,Yes,Yes,No,No,10.1,2.31,8.92,North,24x7,17.417383,78.536935,85.37
Bachupally,Apartment,1645,3,3,0,5,9,24,Unfurnished,2,No,No,No,Yes,No,5.48,0.65,8.34,North-East,24x7,17.400578,78.567572,74.29
Raidurg,Independent House,1371,3,3,3,2,4,1,Unfurnished,1,Yes,Yes,No,No,No,11.3,6.12,8.81,North-East,Limited,17.43641,78.397821,144.56
Tukkuguda,Independent House,1181,2,2,2,6,8,17,Unfurnished,2,No,Yes,No,No,Yes,0.77,6.77,0.71,West,24x7,17.327489,78.519405,47.55
Badangpet,Apartment,1262,2,2,0,10,10,16,Semi-Furnished,0,No,No,No,No,No,1.21,1.97,3.61,North,24x7,17.365481,78.563617,47.66
Nacharam,Apartment,1416,3,3,3,12,17,23,Fully Furnished,2,Yes,Yes,Yes,Yes,Yes,3.34,3.16,6.96,West,12 Hours,17.466835,78.449476,64.06
Safilguda,Independent House,2008,4,4,2,14,15,13,Unfurnished,2,No,Yes,No,Yes,No,6.95,2.71,0.89,South-West,12 Hours,17.339327,78.424822,95.29
Ramanthapur,Apartment,1865,3,3,2,10,17,4,Fully Furnished,1,Yes,No,No,No,Yes,14.45,6.34,5.02,South-West,12 Hours,17.353422,78.472692,91.79
Boduppal,Apartment,1723,4,5,3,11,15,2,Semi-Furnished,2,No,No,Yes,No,Yes,1.6,6.11,7.78,South,24x7,17.308978,78.533685,79.94
Nanakramguda,Apartment,692,1,1,1,6,12,11,Fully Furnished,2,Yes,Yes,No,No,No,4.04,7.87,8.1,South-East,12 Hours,17.342589,78.485264,50.52
Himayat Nagar,Apartment,1196,2,2,1,0,14,20,Fully Furnished,2,Yes,Yes,No,No,Yes,12.9,4.69,1.25,East,Limited,17.404216,78.473469,96.14
Ameerpet,Builder Floor,1631,3,2,0,19,20,16,Fully Furnished,2,No,No,Yes,Yes,Yes,10.4,2.75,2.54,South-West,12 Hours,17.308317,78.496039,109.53
Nacharam,Apartment,1079,2,3,0,13,17,16,Semi-Furnished,2,Yes,No,No,No,No,10.23,6.91,8.42,North,Limited,17.353792,78.5333,42.98
Film Nagar,Independent House,1025,2,2,0,2,17,8,Fully Furnished,0,Yes,Yes,Yes,Yes,Yes,7.7,7.29,8.63,North-West,12 Hours,17.471311,78.550896,143.82
Alwal,Apartment,929,2,1,1,1,2,2,Unfurnished,0,No,No,Yes,No,No,4.96,6.98,2.53,West,12 Hours,17.416406,78.566377,49.24
LB Nagar,Apartment,1292,2,2,0,0,1,10,Fully Furnished,1,No,Yes,Yes,Yes,Yes,11.85,4.0,2.64,North-West,24x7,17.350359,78.388862,66.9
Habsiguda,Apartment,2208,4,5,2,1,4,2,Unfurnished,1,Yes,Yes,Yes,Yes,No,7.95,1.81,9.06,South-East,12 Hours,17.445196,78.407591,126.6
Kondapur,Apartment,1739,3,3,1,3,4,17,Fully Furnished,1,No,Yes,No,Yes,Yes,14.58,4.57,4.06,North-West,Limited,17.377796,78.410442,133.57
Nagole,Independent House,1125,2,2,0,7,19,9,Fully Furnished,2,Yes,Yes,Yes,Yes,Yes,12.38,6.97,2.3,North,Limited,17.327939,78.400147,69.15
Chandanagar,Villa,1161,2,2,2,7,15,24,Unfurnished,2,Yes,Yes,Yes,No,Yes,7.35,1.79,1.36,West,12 Hours,17.432773,78.393189,64.18
Manikonda,Apartment,1178,2,2,1,0,7,2,Semi-Furnished,0,Yes,Yes,Yes,No,No,0.65,3.7,1.34,West,24x7,17.391458,78.407353,72.61
Masab Tank,Apartment,1520,3,3,3,11,14,22,Semi-Furnished,0,No,No,No,Yes,Yes,9.17,1.06,4.36,North-East,12 Hours,17.398595,78.445972,91.52
Nanakramguda,Apartment,1166,2,1,0,1,14,22,Fully Furnished,1,No,Yes,Yes,Yes,Yes,2.82,2.23,8.1,West,12 Hours,17.448748,78.583413,104.57
Kollur,Independent House,1855,4,3,3,10,12,12,Unfurnished,2,No,No,Yes,Yes,Yes,9.66,4.12,8.1,West,Limited,17.478945,78.472947,90.67
Jubilee Hills,Apartment,1259,2,2,1,1,5,17,Fully Furnished,1,Yes,Yes,Yes,Yes,Yes,1.18,5.27,4.9,North-East,Limited,17.29507,78.397253,160.65
Ramanthapur,Apartment,1087,2,1,0,11,20,2,Semi-Furnished,1,Yes,Yes,No,Yes,Yes,13.75,7.6,4.29,South-East,24x7,17.376586,78.432004,51.53
Karmanghat,Apartment,1886,4,4,0,12,14,11,Semi-Furnished,1,No,No,No,No,Yes,10.91,0.48,8.77,North-West,12 Hours,17.335572,78.502226,77.49
ECIL,Apartment,2037,4,4,3,1,5,16,Fully Furnished,1,No,No,No,No,Yes,1.57,3.3,9.61,South-East,Limited,17.44971,78.550839,85.84
Osman Nagar,Apartment,900,2,2,2,0,13,8,Semi-Furnished,2,No,No,Yes,Yes,Yes,7.88,1.9,1.65,North-East,Limited,17.355164,78.459212,52.3
Somajiguda,Apartment,2283,4,4,2,0,3,8,Semi-Furnished,2,Yes,No,Yes,No,No,2.36,2.14,3.9,West,Limited,17.350636,78.428512,188.32
Boduppal,Apartment,1539,3,3,1,7,13,0,Fully Furnished,1,No,No,No,No,Yes,9.1,1.58,7.86,North,24x7,17.378339,78.483126,64.12
Hafeezpet,Apartment,606,1,1,0,5,8,6,Unfurnished,1,No,No,No,No,No,13.65,5.22,5.27,South-East,12 Hours,17.329248,78.462898,39.46
Karmanghat,Apartment,993,2,2,2,10,16,4,Unfurnished,0,No,Yes,Yes,No,No,13.51,5.56,7.24,North,Limited,17.449725,78.463622,43.97
Ghatkesar,Apartment,991,2,1,2,2,3,16,Semi-Furnished,2,Yes,No,No,No,Yes,12.67,5.32,8.0,South-West,12 Hours,17.345657,78.573211,34.06
Khairatabad,Apartment,1253,2,2,0,12,12,20,Semi-Furnished,1,Yes,No,No,No,Yes,14.06,0.36,8.18,South,12 Hours,17.47175,78.523473,74.15
Madinaguda,Independent House,948,2,1,0,9,11,15,Fully Furnished,2,Yes,Yes,No,Yes,Yes,8.1,6.15,8.02,South,12 Hours,17.291532,78.481819,53.9
Bandlaguda Jagir,Apartment,874,2,2,1,0,2,25,Fully Furnished,2,Yes,No,Yes,Yes,Yes,13.69,4.56,1.18,North-West,24x7,17.317244,78.517982,37.06
Alwal,Independent House,1609,3,4,0,5,12,8,Semi-Furnished,1,Yes,No,Yes,Yes,No,1.09,7.16,5.1,North-East,Limited,17.397438,78.529651,87.59
Osman Nagar,Apartment,1411,3,4,2,18,20,2,Unfurnished,2,Yes,No,No,No,Yes,12.14,3.11,0.9,West,12 Hours,17.368533,78.409972,78.08
Beeramguda,Apartment,860,2,3,1,5,11,17,Unfurnished,0,Yes,No,Yes,No,No,3.65,4.98,4.28,North-East,12 Hours,17.472696,78.519056,34.95
Banjara Hills,Apartment,1222,3,4,2,0,3,19,Fully Furnished,0,No,No,No,No,Yes,2.72,5.52,3.13,West,12 Hours,17.355933,78.496833,143.31
Hafeezpet,Apartment,991,2,2,2,8,8,24,Fully Furnished,1,No,No,No,No,No,5.58,6.31,6.03,East,12 Hours,17.451729,78.549634,51.24
Masab Tank,Apartment,1864,3,3,2,6,8,17,Semi-Furnished,2,No,Yes,No,No,Yes,14.29,5.89,8.39,North-East,Limited,17.359692,78.437767,109.61
Ghatkesar,Builder Floor,1505,3,2,2,5,7,18,Semi-Furnished,1,Yes,Yes,Yes,Yes,Yes,14.27,5.25,4.89,South,12 Hours,17.35598,78.469335,55.61
ECIL,Apartment,1875,3,3,3,1,5,11,Semi-Furnished,1,No,No,No,Yes,Yes,5.47,5.29,7.45,South-West,12 Hours,17.416632,78.400722,84.96
Lakdikapul,Apartment,1678,3,3,2,1,5,4,Fully Furnished,1,No,No,Yes,No,No,11.33,2.62,5.13,West,Limited,17.321356,78.418063,111.01
Uppal,Apartment,2243,4,4,0,6,7,5,Unfurnished,0,No,No,Yes,No,Yes,7.24,2.24,8.17,South-West,Limited,17.293383,78.470537,96.32
Sainikpuri,Builder Floor,1700,3,3,2,4,4,11,Fully Furnished,1,No,Yes,Yes,No,No,5.91,6.2,0.85,South-West,24x7,17.460866,78.498108,114.44
Kismatpur,Apartment,728,1,1,0,3,4,23,Unfurnished,1,No,No,Yes,No,No,10.66,1.67,5.53,North-West,Limited,17.385485,78.532997,28.97
Lakdikapul,Independent House,1258,2,2,2,8,8,24,Fully Furnished,1,No,No,Yes,No,Yes,11.96,4.05,2.78,North-West,Limited,17.329089,78.563936,94.75
Bandlaguda Jagir,Apartment,615,1,1,0,1,9,6,Unfurnished,1,Yes,Yes,Yes,Yes,No,3.25,4.95,9.15,North-East,24x7,17.468284,78.513783,32.38
Maheshwaram,Builder Floor,1057,2,2,1,13,16,14,Unfurnished,2,No,Yes,Yes,Yes,Yes,13.76,5.49,2.67,North-West,Limited,17.365642,78.53718,36.07
Masab Tank,Independent House,862,2,2,1,5,6,13,Unfurnished,2,No,No,Yes,Yes,No,6.72,4.79,1.34,North,Limited,17.420488,78.472392,58.35
Pragathi Nagar,Apartment,1370,3,3,1,1,13,3,Fully Furnished,1,Yes,No,No,No,No,7.05,2.33,6.48,South-East,12 Hours,17.449894,78.415987,71.36
Madinaguda,Apartment,996,2,1,0,3,17,25,Fully Furnished,2,No,Yes,Yes,No,No,3.22,7.74,7.03,North,24x7,17.393059,78.555633,56.22
Karmanghat,Apartment,1655,3,4,2,4,4,24,Semi-Furnished,1,Yes,No,No,Yes,Yes,0.9,0.87,6.79,South,24x7,17.360808,78.569712,84.11
Kapra,Villa,1076,2,2,2,6,7,0,Unfurnished,0,No,No,No,No,No,1.17,4.71,9.92,South-West,12 Hours,17.453842,78.483504,50.73
Alwal,Apartment,1582,3,2,3,10,14,15,Fully Furnished,0,No,Yes,Yes,No,Yes,1.11,4.5,8.53,South-East,Limited,17.346694,78.501308,77.17
Begumpet,Apartment,1427,3,2,1,3,6,9,Fully Furnished,1,No,No,No,No,No,2.08,5.02,4.31,North-West,Limited,17.292854,78.4411,96.32
Suchitra,Apartment,978,2,1,2,0,16,7,Semi-Furnished,0,No,Yes,No,Yes,Yes,8.51,5.98,4.05,West,24x7,17.480671,78.579849,50.59
Saroornagar,Apartment,855,2,3,1,0,6,10,Unfurnished,0,Yes,No,Yes,No,Yes,6.32,0.33,2.16,South-East,Limited,17.430674,78.455861,36.77
Karmanghat,Apartment,1726,3,2,1,7,20,6,Semi-Furnished,2,Yes,No,Yes,Yes,Yes,6.42,3.75,8.91,North-West,24x7,17.446086,78.576051,95.2
Ameerpet,Villa,961,2,2,0,0,1,23,Unfurnished,1,Yes,Yes,Yes,Yes,Yes,1.76,2.84,5.38,South-West,Limited,17.44166,78.439886,61.94
Kompally,Independent House,2164,4,3,3,2,16,15,Fully Furnished,0,Yes,Yes,No,No,No,13.66,7.18,3.38,North,12 Hours,17.290154,78.507406,124.12
Banjara Hills,Apartment,1126,2,2,2,18,18,10,Unfurnished,0,No,No,No,Yes,No,11.58,3.41,4.92,South-East,24x7,17.422609,78.410778,129.65
Attapur,Apartment,1185,2,3,2,1,8,20,Semi-Furnished,0,Yes,Yes,Yes,Yes,No,8.91,3.54,8.37,South-West,12 Hours,17.321237,78.511251,58.61
ECIL,Apartment,827,1,1,0,9,19,22,Semi-Furnished,2,Yes,Yes,Yes,No,No,0.78,2.92,3.25,South-West,24x7,17.346443,78.495992,37.63
Balapur,Independent House,1506,3,4,3,0,4,3,Unfurnished,1,No,No,No,No,No,4.7,6.02,4.47,South-West,24x7,17.317045,78.420887,60.98
Meerpet,Apartment,1145,2,2,1,10,17,8,Fully Furnished,0,Yes,Yes,No,No,No,11.25,0.39,4.62,North,Limited,17.436457,78.566293,50.79
Kokapet,Apartment,2500,4,5,0,14,20,14,Semi-Furnished,1,No,No,Yes,Yes,No,2.59,2.02,4.95,North,Limited,17.363621,78.406749,168.73
Bollaram,Apartment,972,2,2,0,4,5,19,Semi-Furnished,0,Yes,Yes,No,Yes,No,3.42,2.09,7.0,South,24x7,17.417344,78.50719,27.88
Nizampet,Apartment,993,2,3,0,13,13,22,Unfurnished,1,No,Yes,Yes,No,No,9.99,1.77,4.66,South-East,12 Hours,17.331763,78.391442,49.45
Bandlaguda Jagir,Apartment,1448,3,4,0,1,2,8,Semi-Furnished,2,No,No,No,No,Yes,2.05,7.71,6.5,East,12 Hours,17.479938,78.413792,72.04
Masab Tank,Builder Floor,2242,4,3,2,7,8,13,Semi-Furnished,0,No,No,Yes,No,No,8.48,5.21,4.74,South-East,24x7,17.458682,78.571993,135.34
Madinaguda,Apartment,1333,3,3,0,1,8,15,Unfurnished,0,No,No,No,Yes,Yes,8.33,3.93,5.48,South-West,24x7,17.295124,78.394578,64.31
Ramanthapur,Independent House,1457,3,3,2,11,19,25,Semi-Furnished,0,Yes,No,No,No,No,2.17,0.36,2.35,North,Limited,17.363579,78.39243,61.85
LB Nagar,Apartment,590,1,1,0,15,17,9,Semi-Furnished,2,Yes,Yes,Yes,Yes,Yes,11.09,5.35,0.53,South-West,12 Hours,17.287261,78.544174,26.44
Masab Tank,Apartment,1121,2,3,2,5,5,22,Unfurnished,0,No,No,No,Yes,No,5.13,6.0,7.91,North-West,24x7,17.293052,78.50437,73.13
Badangpet,Apartment,876,2,2,2,0,13,15,Fully Furnished,1,No,Yes,Yes,Yes,No,7.86,4.1,9.07,South,12 Hours,17.47976,78.49554,35.48
Patancheru,Apartment,1465,3,3,3,4,20,7,Unfurnished,1,No,Yes,No,No,Yes,9.5,3.84,1.41,East,Limited,17.426888,78.440998,42.67
Meerpet,Apartment,3189,5,5,0,4,20,11,Unfurnished,2,Yes,Yes,Yes,Yes,No,2.33,2.05,1.92,South-West,24x7,17.359944,78.496674,151.56
Badangpet,Independent House,1717,3,3,0,8,11,20,Semi-Furnished,1,Yes,Yes,No,Yes,No,1.71,4.93,9.75,South-West,12 Hours,17.370224,78.553173,60.81
Khajaguda,Builder Floor,2006,4,5,1,13,19,5,Semi-Furnished,0,No,Yes,Yes,Yes,Yes,4.86,4.73,9.78,South-West,Limited,17.329864,78.431916,163.67
Alwal,Apartment,1691,3,3,2,3,10,20,Semi-Furnished,0,No,No,No,No,Yes,9.25,6.98,3.94,West,12 Hours,17.47108,78.405772,85.01
Ameerpet,Villa,2363,4,3,1,18,20,1,Unfurnished,1,Yes,No,Yes,No,No,8.93,3.52,0.98,East,Limited,17.352491,78.560838,163.2
Meerpet,Apartment,731,1,2,0,13,16,4,Semi-Furnished,0,No,No,Yes,Yes,No,4.29,1.48,0.81,South-East,Limited,17.327225,78.537194,28.49
Financial District,Independent House,1474,3,2,0,2,11,14,Unfurnished,0,Yes,No,Yes,Yes,No,5.01,0.81,5.17,North-West,12 Hours,17.383507,78.475121,145.46
Jubilee Hills,Apartment,1328,3,3,1,9,11,16,Fully Furnished,1,No,No,Yes,Yes,Yes,12.59,7.71,6.65,North-West,Limited,17.363914,78.492688,127.56
Tarnaka,Apartment,892,2,2,0,0,20,25,Unfurnished,0,No,Yes,No,No,Yes,6.34,0.38,7.34,North,Limited,17.399399,78.547786,47.93
Film Nagar,Apartment,2313,5,5,2,13,15,2,Fully Furnished,1,No,Yes,No,No,Yes,12.71,5.73,3.52,East,Limited,17.31578,78.41655,300.0
Chandanagar,Apartment,1102,2,2,2,2,2,13,Semi-Furnished,1,No,Yes,Yes,No,Yes,10.42,3.38,0.68,North-West,24x7,17.357215,78.468391,63.71
Rajendra Nagar,Independent House,1378,3,4,1,7,11,6,Unfurnished,2,Yes,Yes,Yes,Yes,No,3.87,2.92,6.48,South,24x7,17.296336,78.393635,69.17
Suchitra,Apartment,1356,3,3,3,0,9,20,Fully Furnished,2,No,Yes,No,Yes,Yes,4.01,2.97,3.58,West,12 Hours,17.424433,78.425387,64.01
Tellapur,Independent House,1269,2,1,1,2,3,11,Semi-Furnished,2,No,Yes,No,Yes,No,2.7,7.19,8.27,North-East,12 Hours,17.336966,78.563917,78.19
Ameerpet,Apartment,1580,3,3,0,2,5,7,Fully Furnished,0,No,Yes,Yes,Yes,No,13.6,2.99,7.56,North-East,Limited,17.344457,78.432699,94.14
Kokapet,Apartment,1521,3,3,3,3,4,13,Unfurnished,0,Yes,No,No,Yes,Yes,12.68,3.62,7.58,North,24x7,17.333106,78.521177,124.3
Hayathnagar,Villa,1443,3,3,1,0,1,14,Semi-Furnished,0,No,Yes,No,Yes,Yes,5.06,4.63,4.16,North-West,Limited,17.419618,78.55157,63.76
Tarnaka,Apartment,2013,4,4,1,0,14,16,Unfurnished,2,Yes,Yes,Yes,Yes,No,11.6,3.52,1.41,East,Limited,17.316263,78.53429,117.63
Bandlaguda Jagir,Apartment,1712,3,2,1,1,2,25,Semi-Furnished,2,Yes,No,Yes,Yes,No,14.52,3.94,5.59,North-West,24x7,17.419254,78.440829,67.52
Nampally,Apartment,1558,3,2,3,6,11,24,Fully Furnished,2,Yes,No,No,Yes,Yes,0.67,7.61,7.29,North,24x7,17.483516,78.41794,97.74
Khajaguda,Apartment,2158,4,4,1,6,15,11,Semi-Furnished,1,Yes,No,Yes,Yes,Yes,1.22,3.38,4.71,North-West,24x7,17.480456,78.545464,175.68
Abids,Apartment,1621,3,4,0,6,9,15,Semi-Furnished,2,Yes,No,No,No,No,5.9,6.99,3.71,South-West,24x7,17.400561,78.55992,120.47
Nacharam,Apartment,737,1,2,0,3,10,24,Unfurnished,2,Yes,No,Yes,Yes,Yes,10.94,1.34,5.53,North-West,12 Hours,17.378536,78.510578,30.6
Nizampet,Independent House,1693,3,3,0,1,7,12,Semi-Furnished,2,No,Yes,Yes,No,Yes,5.88,4.52,6.9,East,24x7,17.370497,78.452757,93.61
ECIL,Apartment,2537,4,4,2,0,11,21,Unfurnished,1,No,Yes,Yes,Yes,No,6.32,3.83,5.44,South-West,24x7,17.455115,78.427006,126.98
Tolichowki,Apartment,694,1,1,0,0,2,0,Fully Furnished,0,No,Yes,No,Yes,No,9.47,2.04,0.67,North-East,24x7,17.422818,78.551355,37.92
Meerpet,Builder Floor,988,2,3,1,4,5,19,Semi-Furnished,2,Yes,No,Yes,No,Yes,2.61,1.5,7.89,South-East,24x7,17.440903,78.38994,47.58
Hafeezpet,Apartment,996,2,1,1,11,13,14,Semi-Furnished,0,Yes,No,Yes,No,Yes,12.48,1.09,5.41,North,Limited,17.293028,78.564683,50.98
Himayat Nagar,Apartment,1213,2,1,0,2,7,15,Fully Furnished,2,No,No,No,Yes,No,12.1,3.51,3.6,South-West,12 Hours,17.343813,78.428764,83.21
Somajiguda,Independent House,1488,3,3,2,0,5,4,Unfurnished,1,Yes,No,No,Yes,Yes,4.04,3.85,4.89,North-East,12 Hours,17.335605,78.559812,158.23
Kompally,Independent House,2245,4,3,1,10,13,12,Fully Furnished,2,Yes,No,Yes,Yes,No,0.59,0.96,3.01,West,Limited,17.310191,78.58253,115.17
Neknampur,Independent House,1830,3,3,2,10,13,21,Fully Furnished,0,No,No,No,Yes,No,1.42,0.65,2.99,North-East,24x7,17.454377,78.451566,104.03
Kokapet,Apartment,2575,4,3,2,1,1,2,Fully Furnished,2,Yes,Yes,No,Yes,No,13.17,5.45,3.44,South-West,24x7,17.403848,78.50733,250.95
Tarnaka,Apartment,874,2,3,1,2,4,21,Fully Furnished,1,Yes,Yes,Yes,Yes,Yes,4.31,6.52,7.75,South-East,12 Hours,17.400072,78.472512,43.79
Boduppal,Builder Floor,1017,2,3,2,0,9,14,Fully Furnished,1,Yes,Yes,Yes,No,No,4.24,5.13,6.33,South-West,24x7,17.438716,78.431954,39.27
Suchitra,Apartment,1602,3,3,0,6,6,20,Semi-Furnished,1,Yes,Yes,No,Yes,Yes,2.93,6.14,4.78,South,24x7,17.331667,78.511766,72.91
Champapet,Apartment,2106,4,4,0,0,2,0,Fully Furnished,2,No,No,No,No,Yes,2.9,2.04,0.86,North-East,24x7,17.328743,78.398689,97.4
Malkajgiri,Apartment,1675,3,3,3,16,19,18,Semi-Furnished,2,No,Yes,No,Yes,Yes,6.38,1.12,9.89,South-West,12 Hours,17.406199,78.556589,76.36
Raidurg,Apartment,2582,4,4,3,9,11,9,Fully Furnished,0,Yes,Yes,No,Yes,Yes,14.01,0.87,1.51,South-East,24x7,17.43183,78.454964,251.95
Malkajgiri,Apartment,1974,4,4,2,2,3,10,Fully Furnished,1,No,No,Yes,Yes,Yes,10.15,4.3,6.8,South-East,Limited,17.470772,78.453094,104.26
Mehdipatnam,Apartment,1311,3,4,0,3,7,11,Unfurnished,0,Yes,No,Yes,No,No,14.71,1.95,4.17,West,Limited,17.287736,78.40302,83.61
Peerzadiguda,Independent House,1082,2,2,2,6,10,22,Unfurnished,1,No,Yes,Yes,No,No,12.94,7.77,2.81,North,12 Hours,17.29057,78.512975,49.22
Attapur,Apartment,1209,2,1,0,9,9,6,Unfurnished,1,No,No,Yes,No,Yes,5.8,4.61,1.46,South,12 Hours,17.394629,78.421629,68.49
Kismatpur,Apartment,1597,3,3,2,1,1,22,Fully Furnished,2,Yes,No,No,No,No,6.31,6.61,5.58,South-West,24x7,17.417765,78.579761,63.77
Quthbullapur,Builder Floor,1569,3,4,0,3,8,8,Fully Furnished,0,No,Yes,No,No,Yes,5.75,1.27,8.42,East,12 Hours,17.463077,78.502076,82.78
Adibatla,Apartment,574,1,1,0,0,2,10,Semi-Furnished,0,No,Yes,No,Yes,No,11.92,7.75,7.6,West,24x7,17.385056,78.400579,19.33
Suchitra,Apartment,1724,3,3,1,9,17,21,Semi-Furnished,2,Yes,No,No,Yes,Yes,10.27,1.98,1.08,North-East,Limited,17.405182,78.454892,61.94
Ramanthapur,Villa,3486,5,5,3,5,12,23,Semi-Furnished,0,Yes,Yes,Yes,Yes,Yes,0.8,1.94,1.28,South-East,12 Hours,17.366318,78.415356,222.53
Attapur,Apartment,1428,3,2,1,6,7,8,Unfurnished,2,No,Yes,No,Yes,No,13.74,4.99,1.13,South-West,12 Hours,17.343671,78.491794,67.55
Jubilee Hills,Apartment,1882,3,2,1,2,6,4,Fully Furnished,0,No,No,Yes,Yes,No,13.38,2.15,6.04,North-West,24x7,17.465053,78.545138,245.52
Punjagutta,Villa,981,2,2,1,8,17,24,Unfurnished,2,No,No,Yes,Yes,Yes,4.98,7.78,2.6,South-East,12 Hours,17.420927,78.575885,75.69
Kismatpur,Apartment,1105,2,3,0,5,11,22,Semi-Furnished,2,Yes,No,Yes,No,No,13.97,0.7,9.26,West,Limited,17.285222,78.441091,53.76
Film Nagar,Builder Floor,2179,4,4,0,2,14,23,Semi-Furnished,1,Yes,Yes,Yes,Yes,No,7.88,0.86,8.06,North,Limited,17.417367,78.513442,222.98
Abids,Apartment,1701,3,4,1,6,15,19,Semi-Furnished,1,No,No,Yes,Yes,No,10.94,2.37,1.31,West,12 Hours,17.288249,78.532456,110.55
Nizampet,Builder Floor,961,2,3,0,6,12,20,Semi-Furnished,1,Yes,Yes,Yes,No,No,11.09,1.53,2.48,East,Limited,17.418011,78.498016,47.17
Masab Tank,Builder Floor,810,1,1,0,8,9,4,Fully Furnished,1,Yes,Yes,Yes,Yes,No,10.4,4.32,2.43,North,Limited,17.311915,78.405584,54.17
Suchitra,Apartment,998,2,2,0,0,6,15,Unfurnished,0,Yes,No,Yes,No,Yes,8.4,2.25,6.9,South-East,Limited,17.46868,78.516658,51.76
Ghatkesar,Apartment,1414,3,4,2,1,3,19,Fully Furnished,2,No,No,No,Yes,Yes,0.77,3.1,1.27,West,Limited,17.365405,78.532488,58.1
Hayathnagar,Independent House,1299,2,2,0,0,2,6,Semi-Furnished,0,No,Yes,Yes,Yes,No,1.06,6.04,5.52,East,Limited,17.308644,78.386706,54.37
Kapra,Apartment,1481,3,3,3,3,11,18,Unfurnished,1,Yes,Yes,Yes,No,No,3.71,3.55,9.05,South-East,Limited,17.356319,78.437596,73.51
Champapet,Independent House,977,2,2,0,5,9,8,Semi-Furnished,0,Yes,No,Yes,No,No,4.33,3.88,0.79,North-East,12 Hours,17.39306,78.55693,48.33
Karmanghat,Apartment,1297,3,4,3,2,10,18,Semi-Furnished,2,Yes,Yes,Yes,No,Yes,2.23,0.35,8.27,South-East,Limited,17.398149,78.489592,54.15
Tarnaka,Independent House,1325,3,3,1,5,11,5,Fully Furnished,0,Yes,Yes,Yes,No,Yes,14.77,5.29,6.54,South,12 Hours,17.394775,78.462696,76.37
Nanakramguda,Apartment,1024,2,2,2,0,12,24,Unfurnished,0,Yes,No,Yes,No,No,7.84,3.65,2.22,South-West,Limited,17.362745,78.43476,72.35
Karmanghat,Apartment,592,1,2,1,18,18,0,Unfurnished,0,No,No,Yes,No,Yes,12.63,3.62,8.09,North-East,24x7,17.347984,78.406029,30.76
Kismatpur,Apartment,1502,3,3,1,1,2,23,Semi-Furnished,2,No,No,No,No,No,9.19,7.87,1.34,South,12 Hours,17.482467,78.475521,58.59
Karmanghat,Apartment,1019,2,3,1,3,5,8,Semi-Furnished,2,Yes,Yes,No,Yes,No,14.54,4.69,9.16,East,24x7,17.459724,78.585814,47.9
Ameenpur,Apartment,1406,3,4,3,0,2,16,Unfurnished,1,No,No,Yes,Yes,Yes,0.6,7.91,5.21,South-East,24x7,17.447495,78.452088,55.43
Bowenpally,Independent House,1854,3,4,1,3,15,20,Semi-Furnished,2,No,Yes,Yes,Yes,No,11.35,7.09,6.93,North,Limited,17.365541,78.521201,107.72
Patancheru,Villa,1724,3,2,2,7,8,12,Fully Furnished,0,Yes,Yes,Yes,No,Yes,7.7,2.49,6.03,North-East,12 Hours,17.348048,78.413342,86.6
Pocharam,Villa,1517,3,3,0,1,2,12,Fully Furnished,0,No,Yes,No,No,No,9.99,2.59,4.79,North-West,Limited,17.310665,78.502399,82.68
Lakdikapul,Builder Floor,1455,3,3,1,16,20,10,Fully Furnished,2,Yes,No,No,No,No,7.03,6.12,9.26,South-West,12 Hours,17.425122,78.537394,86.41
Bollaram,Apartment,1008,2,2,1,1,2,22,Unfurnished,0,No,Yes,No,No,No,1.86,7.39,6.55,South,12 Hours,17.384992,78.53275,38.61
Patancheru,Apartment,1423,3,4,1,1,5,6,Fully Furnished,2,No,No,Yes,Yes,Yes,6.43,4.83,3.73,North-West,Limited,17.322328,78.391838,64.25
Madinaguda,Apartment,2483,5,5,2,2,7,14,Unfurnished,1,No,Yes,No,No,Yes,4.31,5.61,2.29,North,24x7,17.373607,78.510121,128.93
Peerzadiguda,Apartment,1163,2,2,0,7,19,22,Semi-Furnished,1,No,No,No,Yes,Yes,1.03,3.47,4.97,West,24x7,17.324249,78.41181,51.88
ECIL,Apartment,1601,3,2,1,4,4,18,Unfurnished,2,Yes,Yes,No,Yes,No,5.21,3.67,4.35,North,24x7,17.306609,78.482398,75.89
Saroornagar,Apartment,1573,3,4,2,6,10,17,Fully Furnished,1,Yes,Yes,No,No,No,5.2,7.53,6.02,East,24x7,17.393275,78.403906,74.39
Nizampet,Apartment,805,1,2,1,3,7,20,Unfurnished,1,No,Yes,Yes,No,No,1.01,4.3,7.1,South,12 Hours,17.306097,78.503818,42.3
Ameenpur,Builder Floor,1138,2,1,0,1,6,1,Fully Furnished,1,No,No,Yes,No,Yes,7.14,4.96,4.6,South-West,24x7,17.331748,78.514255,49.44
Himayat Nagar,Apartment,656,1,1,1,9,10,1,Semi-Furnished,1,No,Yes,Yes,No,Yes,11.06,4.54,2.34,South,Limited,17.293316,78.486326,55.19
Rajendra Nagar,Villa,630,1,2,0,0,4,10,Unfurnished,0,No,Yes,Yes,Yes,No,1.11,0.73,5.81,North,Limited,17.335462,78.448254,38.24
Pocharam,Independent House,1249,2,1,1,9,10,17,Semi-Furnished,1,No,Yes,Yes,Yes,No,3.31,1.52,6.77,East,24x7,17.464587,78.548685,59.08
Tarnaka,Apartment,1964,4,5,3,8,12,18,Semi-Furnished,0,No,No,No,Yes,No,12.37,6.63,6.64,North-East,12 Hours,17.431044,78.459664,113.61
Tukkuguda,Villa,2562,5,5,3,7,7,17,Semi-Furnished,2,No,No,No,No,Yes,6.9,6.54,7.14,North-East,12 Hours,17.378236,78.424687,101.4
Peerzadiguda,Apartment,2144,4,3,1,16,20,16,Fully Furnished,1,Yes,No,Yes,No,Yes,12.04,1.35,8.07,North,12 Hours,17.396293,78.458424,97.27
Patancheru,Apartment,850,2,2,0,2,16,20,Fully Furnished,1,Yes,No,No,No,Yes,12.03,0.87,8.47,South-East,12 Hours,17.289187,78.449855,32.74
Boduppal,Independent House,1347,3,4,1,1,4,24,Semi-Furnished,0,No,Yes,No,No,Yes,12.66,6.4,1.31,West,Limited,17.438305,78.527121,57.36
ECIL,Apartment,1209,2,1,1,1,1,15,Unfurnished,1,Yes,Yes,No,No,Yes,11.01,0.72,8.36,East,12 Hours,17.420133,78.465887,60.18
Kompally,Builder Floor,1653,3,4,3,5,5,9,Semi-Furnished,0,Yes,No,Yes,Yes,Yes,13.93,4.69,0.5,South-West,24x7,17.375837,78.469156,97.94
Ramanthapur,Independent House,640,1,1,1,0,2,11,Fully Furnished,1,No,Yes,Yes,Yes,Yes,1.69,7.92,2.14,South-West,12 Hours,17.335176,78.410789,39.34
Kismatpur,Apartment,1204,2,2,2,6,8,10,Fully Furnished,2,No,No,No,Yes,No,2.69,5.41,6.96,North-East,Limited,17.478864,78.462268,61.3
Hafeezpet,Apartment,907,2,2,2,7,7,9,Unfurnished,2,No,Yes,Yes,Yes,No,14.09,7.87,7.79,South-West,12 Hours,17.352861,78.487886,44.1
Badangpet,Apartment,1892,3,4,0,10,17,10,Semi-Furnished,0,No,No,Yes,No,No,9.42,3.31,5.34,North-East,12 Hours,17.41662,78.58625,79.47
Shamshabad,Apartment,1269,2,2,2,2,13,9,Fully Furnished,0,No,No,No,No,No,0.89,5.05,5.8,South,24x7,17.355946,78.466841,47.98
Bowenpally,Apartment,1152,2,1,0,0,4,22,Unfurnished,2,No,Yes,No,No,No,13.51,4.99,6.85,North-West,Limited,17.461655,78.469665,49.47
Hafeezpet,Apartment,1621,3,2,1,2,2,14,Fully Furnished,2,Yes,No,Yes,Yes,Yes,2.64,6.91,3.01,North-West,Limited,17.416938,78.475107,84.29
Ameenpur,Apartment,1503,3,3,3,3,18,22,Fully Furnished,0,Yes,No,No,No,No,6.98,3.28,3.3,South,12 Hours,17.297289,78.549445,52.99
Peerzadiguda,Apartment,1092,2,2,0,6,9,2,Semi-Furnished,0,No,No,Yes,No,No,12.11,5.09,9.02,South-East,12 Hours,17.414753,78.577613,57.74
Adibatla,Apartment,1803,3,4,3,4,11,8,Semi-Furnished,2,No,No,No,Yes,Yes,4.53,1.19,6.3,North,Limited,17.380483,78.507061,69.43
Nizampet,Builder Floor,2407,4,4,3,5,6,14,Semi-Furnished,2,Yes,Yes,No,No,Yes,7.98,0.51,1.96,North-East,Limited,17.365292,78.454317,133.86
Quthbullapur,Apartment,1253,2,2,1,0,4,11,Semi-Furnished,2,No,Yes,Yes,Yes,Yes,14.51,6.55,0.77,South-East,12 Hours,17.363348,78.419232,59.47
Sainikpuri,Apartment,968,2,1,1,0,2,22,Unfurnished,1,No,Yes,Yes,Yes,Yes,12.64,7.69,2.17,South-West,24x7,17.326766,78.398413,56.43
Habsiguda,Apartment,1083,2,2,1,1,7,25,Unfurnished,0,Yes,Yes,Yes,No,Yes,8.59,4.06,7.7,East,12 Hours,17.404046,78.561083,56.98
Raidurg,Apartment,1168,2,2,2,6,13,7,Semi-Furnished,1,No,No,Yes,Yes,Yes,9.61,4.54,5.46,North-West,24x7,17.354096,78.547302,108.56
Hafeezpet,Apartment,1590,3,4,0,9,11,8,Semi-Furnished,2,No,Yes,Yes,No,No,13.31,2.83,0.92,West,Limited,17.300856,78.49987,108.61
Isnapur,Independent House,1671,3,2,1,2,7,0,Unfurnished,1,No,No,No,Yes,No,13.98,6.07,5.68,North,12 Hours,17.364263,78.445965,60.22
Ameenpur,Apartment,1086,2,3,0,2,8,0,Fully Furnished,1,No,Yes,No,No,Yes,14.37,0.36,2.23,South,24x7,17.315289,78.473254,49.9
Maheshwaram,Apartment,2474,4,4,3,5,8,13,Unfurnished,0,Yes,No,No,Yes,Yes,4.19,1.94,5.54,South-West,24x7,17.301123,78.574614,100.11
Tellapur,Apartment,1885,3,3,1,11,18,25,Semi-Furnished,0,No,Yes,No,Yes,Yes,5.3,2.9,9.13,South,Limited,17.402325,78.552388,111.46
Nagole,Apartment,1062,2,3,2,2,18,11,Fully Furnished,1,No,No,No,Yes,No,12.7,7.9,3.76,East,12 Hours,17.380368,78.512719,59.92
Dilsukhnagar,Villa,1193,2,3,1,3,8,5,Fully Furnished,0,Yes,Yes,No,No,No,8.25,7.37,4.66,East,Limited,17.441694,78.442114,84.73
Kothaguda,Apartment,1010,2,2,0,4,14,1,Semi-Furnished,1,Yes,No,Yes,Yes,Yes,2.37,5.83,2.64,South,Limited,17.309869,78.561727,78.47
Hitech City,Apartment,1716,3,4,0,2,13,17,Unfurnished,0,No,No,Yes,No,Yes,1.05,5.49,9.49,North-West,24x7,17.320431,78.531113,196.13
Pragathi Nagar,Apartment,780,1,2,0,14,17,2,Semi-Furnished,1,No,No,No,No,No,5.63,4.11,5.9,North-West,12 Hours,17.366085,78.489957,39.14
Himayat Nagar,Villa,1172,2,3,0,2,19,14,Unfurnished,1,No,No,Yes,Yes,No,14.16,5.61,1.74,North-West,24x7,17.472187,78.52115,94.62
Nagole,Independent House,1712,3,3,0,10,13,10,Unfurnished,0,Yes,Yes,No,No,No,4.78,2.58,1.91,South,24x7,17.446935,78.576807,107.0
Osman Nagar,Apartment,1468,3,4,1,0,1,9,Unfurnished,0,No,Yes,Yes,Yes,Yes,11.2,2.49,9.92,East,Limited,17.481504,78.403926,74.46
Balapur,Builder Floor,998,2,1,2,1,9,5,Fully Furnished,0,Yes,No,Yes,No,No,8.79,4.79,1.08,East,12 Hours,17.341067,78.413136,38.32
Kismatpur,Apartment,1871,3,3,1,4,11,13,Unfurnished,0,Yes,Yes,Yes,No,Yes,4.3,4.17,3.99,West,24x7,17.413791,78.46289,83.02
Bandlaguda Jagir,Apartment,1672,3,4,3,1,3,15,Unfurnished,1,Yes,Yes,Yes,Yes,Yes,11.71,5.07,8.89,South,Limited,17.404892,78.567181,81.69
Kompally,Apartment,1512,3,2,1,16,20,19,Unfurnished,2,Yes,No,No,No,No,2.79,1.2,5.94,East,Limited,17.328267,78.475215,62.43
Kokapet,Apartment,1137,2,2,0,4,15,7,Semi-Furnished,2,No,No,Yes,No,Yes,13.71,0.96,8.65,South,Limited,17.449098,78.551968,81.48
Manikonda,Apartment,1690,3,3,0,0,11,3,Unfurnished,2,Yes,Yes,Yes,Yes,No,14.31,2.33,3.99,East,12 Hours,17.355621,78.546657,112.46
Kothapet,Independent House,1273,2,3,1,12,12,22,Unfurnished,1,No,Yes,Yes,Yes,No,11.46,1.91,4.25,South,Limited,17.450186,78.512992,66.27
Patancheru,Independent House,1286,2,1,1,0,15,6,Fully Furnished,2,No,Yes,Yes,No,No,13.11,0.47,3.78,North-East,12 Hours,17.404713,78.469528,62.47
Lakdikapul,Apartment,1216,2,2,0,7,7,1,Unfurnished,1,Yes,No,Yes,Yes,No,13.07,0.81,6.73,South-East,24x7,17.393223,78.507718,86.39
Madinaguda,Apartment,1615,3,3,3,4,10,22,Fully Furnished,2,Yes,Yes,Yes,No,No,9.2,0.34,5.99,North,24x7,17.41013,78.501022,85.13
Somajiguda,Independent House,1041,2,2,2,5,9,10,Unfurnished,0,Yes,No,Yes,Yes,No,8.03,1.57,7.63,South-East,12 Hours,17.296917,78.507572,97.21
Champapet,Apartment,1605,3,3,1,8,8,0,Unfurnished,1,Yes,No,No,No,No,8.02,3.48,9.04,North-East,Limited,17.38968,78.432055,69.51
Peerzadiguda,Apartment,1101,2,1,0,1,2,7,Unfurnished,1,No,No,Yes,No,No,6.29,1.24,3.9,North-East,24x7,17.301021,78.475067,55.86
Puppalaguda,Independent House,1259,2,1,1,5,15,17,Unfurnished,2,No,Yes,No,Yes,Yes,6.5,3.24,1.47,South-East,24x7,17.321892,78.427159,73.88
Tolichowki,Apartment,1609,3,2,2,5,11,22,Fully Furnished,1,No,No,No,Yes,No,7.76,2.2,5.31,North-East,24x7,17.29523,78.466259,70.93
Safilguda,Builder Floor,1403,3,3,2,4,11,10,Fully Furnished,1,No,No,Yes,Yes,Yes,14.89,6.85,1.38,South-East,Limited,17.381659,78.463257,61.5
Nallagandla,Independent House,2235,4,5,3,2,9,22,Unfurnished,2,No,Yes,No,Yes,No,10.04,7.04,9.45,North-West,Limited,17.314065,78.487839,153.39
Safilguda,Builder Floor,1464,3,2,0,10,14,11,Unfurnished,2,Yes,Yes,Yes,No,No,12.91,6.1,9.5,South,12 Hours,17.299231,78.501473,57.22
Tukkuguda,Apartment,1231,2,3,1,0,2,22,Semi-Furnished,0,No,No,No,Yes,No,12.26,4.87,3.88,North-East,Limited,17.460607,78.498275,38.16
Nacharam,Apartment,893,2,3,2,6,12,4,Semi-Furnished,1,Yes,Yes,Yes,Yes,No,14.52,6.02,9.96,West,Limited,17.294739,78.406302,49.1
Bachupally,Apartment,1491,3,3,1,5,8,21,Unfurnished,1,Yes,Yes,Yes,No,No,13.69,4.26,5.12,West,Limited,17.322055,78.494954,57.17
Financial District,Apartment,902,2,2,2,9,20,20,Fully Furnished,1,No,No,Yes,Yes,Yes,12.92,7.03,7.89,North-East,Limited,17.294117,78.575894,68.52
Manikonda,Villa,1170,2,2,1,12,12,4,Fully Furnished,0,Yes,No,Yes,No,No,12.96,5.37,5.95,West,Limited,17.344322,78.402138,90.75
Osman Nagar,Villa,1176,2,3,2,3,16,2,Semi-Furnished,2,Yes,Yes,No,Yes,No,1.56,5.86,0.52,West,24x7,17.310389,78.411357,77.85
Raidurg,Builder Floor,1045,2,1,0,16,19,7,Unfurnished,2,No,No,No,Yes,No,13.16,4.07,9.62,North-West,Limited,17.334169,78.458328,90.13
Alwal,Builder Floor,1499,3,4,3,0,1,15,Fully Furnished,2,Yes,Yes,No,Yes,Yes,5.35,1.03,1.32,East,Limited,17.421863,78.576496,82.35
Hafeezpet,Apartment,2323,5,5,3,11,14,0,Unfurnished,2,No,No,Yes,Yes,No,7.16,3.46,4.32,North,24x7,17.361428,78.497646,138.62
Jubilee Hills,Apartment,1209,3,2,3,0,2,15,Fully Furnished,0,No,No,Yes,Yes,Yes,7.73,6.77,7.65,East,Limited,17.285837,78.520787,130.22
Alwal,Apartment,1888,3,4,3,8,10,14,Semi-Furnished,2,Yes,No,No,Yes,No,12.08,5.48,3.06,North-West,12 Hours,17.367158,78.484629,84.86
Neredmet,Apartment,1196,2,2,0,16,20,5,Fully Furnished,0,No,No,No,No,No,0.55,7.38,0.88,North-East,12 Hours,17.289801,78.453774,55.27
Nallagandla,Apartment,3013,5,5,0,2,7,23,Semi-Furnished,2,No,No,Yes,No,No,3.73,0.38,9.15,East,12 Hours,17.304685,78.578044,166.62
Gachibowli,Apartment,1071,2,2,0,2,5,14,Semi-Furnished,2,No,No,Yes,Yes,No,10.77,1.84,7.72,East,24x7,17.430731,78.449773,113.75
Uppal,Apartment,919,2,3,1,3,8,8,Unfurnished,0,No,No,Yes,Yes,No,2.53,6.36,8.62,South,12 Hours,17.332385,78.406093,45.34
Chandanagar,Apartment,1304,3,2,1,7,8,24,Fully Furnished,2,Yes,Yes,No,Yes,Yes,4.14,7.2,2.44,South-West,24x7,17.444503,78.522209,60.54
Pragathi Nagar,Apartment,1899,3,2,1,8,18,11,Semi-Furnished,2,Yes,Yes,No,No,Yes,4.41,1.99,1.46,North-West,Limited,17.380018,78.571187,92.44
Khajaguda,Builder Floor,1594,3,2,3,5,10,22,Semi-Furnished,1,No,Yes,Yes,No,No,10.15,4.45,2.61,North,12 Hours,17.34112,78.456688,100.03
Hitech City,Apartment,1271,2,3,0,13,20,16,Fully Furnished,1,Yes,No,Yes,Yes,Yes,3.7,3.82,9.15,South-West,Limited,17.483503,78.434834,125.46
Nizampet,Apartment,1223,3,3,1,4,4,16,Semi-Furnished,2,No,No,No,Yes,Yes,2.35,0.39,4.64,South-East,Limited,17.451125,78.431631,73.04
Madhapur,Apartment,1002,2,3,1,2,16,9,Fully Furnished,2,No,Yes,Yes,No,Yes,13.41,0.31,5.51,North,12 Hours,17.366935,78.582344,102.94
Tolichowki,Apartment,1139,2,3,0,9,15,6,Fully Furnished,2,No,Yes,No,No,No,0.6,4.58,3.8,North-East,12 Hours,17.444832,78.453539,59.08
Ameenpur,Apartment,579,1,2,0,0,2,4,Fully Furnished,0,Yes,Yes,No,Yes,No,10.24,2.01,7.56,North,12 Hours,17.369002,78.502372,30.25
Ameenpur,Apartment,1390,3,3,1,8,10,14,Semi-Furnished,2,Yes,Yes,No,No,Yes,12.06,4.77,0.82,East,12 Hours,17.445833,78.559985,64.56
Kothapet,Apartment,2246,5,5,1,3,5,9,Semi-Furnished,1,Yes,No,No,No,No,1.82,7.94,8.05,East,Limited,17.42341,78.414697,113.66
Narsingi,Apartment,2489,4,4,0,1,1,11,Semi-Furnished,0,No,No,No,No,No,13.76,6.4,7.04,South,Limited,17.394718,78.467248,168.34
Karmanghat,Independent House,1533,3,3,0,6,11,13,Semi-Furnished,0,Yes,No,No,No,No,1.81,4.37,7.66,South,12 Hours,17.484305,78.413743,66.15
ECIL,Apartment,1720,3,3,1,1,17,12,Unfurnished,2,No,Yes,Yes,Yes,Yes,7.92,4.69,6.12,South-East,12 Hours,17.3642,78.413302,82.28
Kismatpur,Apartment,2005,4,4,2,8,9,12,Fully Furnished,1,Yes,Yes,Yes,Yes,No,6.14,6.63,5.29,West,24x7,17.474855,78.56262,107.42
Saroornagar,Apartment,2129,4,4,3,0,14,9,Fully Furnished,0,Yes,No,No,No,No,4.5,3.61,9.18,West,Limited,17.483307,78.428363,92.54
Nacharam,Apartment,1023,2,1,0,12,19,22,Semi-Furnished,1,No,Yes,Yes,Yes,No,2.28,4.31,2.61,South,12 Hours,17.418844,78.483461,39.47
Saroornagar,Independent House,1201,3,2,1,10,17,10,Fully Furnished,0,Yes,Yes,No,No,Yes,11.95,0.39,9.92,East,24x7,17.356562,78.505456,70.12
Quthbullapur,Villa,1127,2,1,1,1,18,12,Fully Furnished,2,Yes,No,Yes,Yes,No,9.57,5.87,0.84,North-West,12 Hours,17.317292,78.481048,61.1
Badangpet,Apartment,1807,3,3,3,14,18,2,Fully Furnished,1,No,Yes,No,Yes,Yes,9.81,5.0,1.9,South,Limited,17.399057,78.428721,65.86
Champapet,Apartment,2418,4,3,3,1,3,18,Unfurnished,0,Yes,Yes,Yes,No,No,2.87,1.34,5.84,North-East,24x7,17.29004,78.457666,108.77
Financial District,Apartment,1682,3,4,2,17,17,11,Semi-Furnished,0,No,No,Yes,No,No,2.04,5.62,9.01,North,12 Hours,17.397779,78.438932,142.09
Madhapur,Apartment,748,1,1,0,5,14,15,Fully Furnished,0,Yes,Yes,Yes,No,Yes,12.56,0.79,1.28,West,Limited,17.398478,78.545949,81.58
Patancheru,Villa,1823,3,3,1,0,2,10,Semi-Furnished,2,No,Yes,Yes,No,Yes,3.71,6.39,8.25,North-West,Limited,17.407022,78.484336,73.51
Champapet,Independent House,2415,5,4,3,4,4,24,Semi-Furnished,2,Yes,No,No,Yes,No,2.87,0.8,7.67,South,12 Hours,17.337267,78.47052,114.8
Kothapet,Apartment,902,2,1,1,6,9,1,Fully Furnished,2,Yes,No,Yes,No,Yes,12.16,4.55,2.74,South-East,Limited,17.387742,78.444337,46.49
ECIL,Apartment,1269,2,3,0,10,19,16,Unfurnished,1,Yes,No,No,No,No,6.77,4.59,7.0,North-West,Limited,17.384248,78.443825,49.36
Gachibowli,Apartment,1480,3,2,2,5,5,19,Fully Furnished,0,No,No,No,No,No,3.1,6.83,6.91,North-East,12 Hours,17.289789,78.503666,135.14
Attapur,Apartment,1553,3,3,0,3,4,9,Semi-Furnished,0,No,Yes,No,No,No,13.41,2.77,9.11,North,Limited,17.319882,78.48103,87.96
Tellapur,Independent House,1786,4,3,3,2,13,24,Fully Furnished,2,No,No,Yes,Yes,No,9.15,1.28,8.18,South-East,Limited,17.410136,78.496806,104.83
Tukkuguda,Apartment,1327,3,4,2,2,13,15,Fully Furnished,1,No,Yes,Yes,Yes,No,12.42,4.13,1.76,West,Limited,17.389275,78.566015,56.12
Somajiguda,Apartment,2048,4,4,2,13,13,1,Unfurnished,2,No,No,No,Yes,No,3.11,3.09,8.57,North-West,24x7,17.289513,78.559033,157.76
Tukkuguda,Villa,2038,4,4,0,1,7,16,Semi-Furnished,1,No,Yes,No,Yes,No,10.13,2.16,1.71,West,24x7,17.463132,78.506089,86.38
Kondapur,Villa,1464,3,3,0,1,9,8,Unfurnished,2,No,Yes,No,Yes,No,13.2,4.01,7.74,North,Limited,17.370935,78.536672,118.43
Nallagandla,Villa,1121,2,2,0,1,3,15,Fully Furnished,2,Yes,Yes,Yes,Yes,No,2.68,2.69,9.75,North-West,12 Hours,17.399425,78.422857,86.06
Shamshabad,Independent House,1570,3,4,3,5,10,4,Semi-Furnished,0,No,Yes,Yes,No,Yes,5.06,2.57,2.26,North-West,24x7,17.324729,78.436071,76.85
Khajaguda,Villa,2395,4,4,0,0,11,7,Semi-Furnished,1,No,Yes,Yes,No,Yes,0.6,2.32,4.27,South-East,12 Hours,17.396027,78.504298,178.76
Gachibowli,Apartment,1707,3,3,2,14,17,2,Fully Furnished,2,Yes,Yes,No,No,Yes,1.55,6.78,2.54,South-East,Limited,17.408084,78.403015,178.68
Puppalaguda,Independent House,1605,3,3,0,1,2,9,Fully Furnished,0,No,No,Yes,Yes,Yes,0.72,3.29,3.13,North-East,12 Hours,17.319366,78.490315,114.03
Bandlaguda Jagir,Builder Floor,1086,2,2,1,3,7,2,Fully Furnished,2,No,Yes,Yes,No,Yes,3.79,2.17,3.13,South-West,24x7,17.341657,78.466763,58.35
Mallapur,Apartment,1234,2,1,2,4,7,7,Semi-Furnished,1,No,No,No,No,Yes,11.14,4.33,1.38,South-West,Limited,17.287772,78.516576,66.01
Financial District,Builder Floor,1333,3,2,2,18,19,4,Semi-Furnished,2,No,Yes,No,No,Yes,7.97,4.08,3.24,East,24x7,17.444731,78.573251,156.63
Neknampur,Apartment,1158,2,2,1,1,18,14,Unfurnished,1,No,Yes,Yes,No,Yes,12.06,4.58,3.44,South-West,Limited,17.315757,78.563934,54.85
Sainikpuri,Apartment,1047,2,3,1,0,13,0,Fully Furnished,1,No,Yes,Yes,Yes,Yes,13.05,1.69,7.03,North,24x7,17.397918,78.519305,59.42
Nizampet,Apartment,1868,4,5,2,4,15,13,Semi-Furnished,2,Yes,Yes,Yes,Yes,No,10.97,3.07,6.07,South-East,Limited,17.471348,78.58609,101.83
Ameenpur,Villa,1053,2,1,1,11,18,7,Unfurnished,0,Yes,No,No,Yes,No,8.06,5.9,5.99,West,24x7,17.342444,78.56265,44.1
Ameenpur,Builder Floor,1559,3,2,1,2,9,3,Unfurnished,1,Yes,No,Yes,No,Yes,4.95,5.77,9.41,South-East,12 Hours,17.331216,78.566177,65.4
Vanasthalipuram,Apartment,1023,2,2,1,11,18,18,Semi-Furnished,0,Yes,Yes,No,Yes,Yes,3.52,6.87,2.34,South-East,12 Hours,17.32913,78.414325,40.02
Ramanthapur,Apartment,1116,2,3,1,11,16,18,Unfurnished,1,No,Yes,Yes,No,Yes,7.54,7.99,1.19,North-West,24x7,17.385012,78.521679,48.71
Hitech City,Apartment,1383,3,4,3,1,5,6,Fully Furnished,2,Yes,No,No,Yes,No,13.06,0.56,1.21,South,Limited,17.436608,78.538701,152.29
Ameerpet,Builder Floor,943,2,2,1,7,9,19,Unfurnished,0,No,Yes,Yes,Yes,No,1.91,7.49,7.88,North-East,12 Hours,17.367137,78.428638,58.94
Ameerpet,Apartment,1817,3,2,2,7,16,16,Fully Furnished,0,No,No,No,No,Yes,6.11,1.7,0.85,South-East,24x7,17.414121,78.573609,137.05
Madinaguda,Apartment,964,2,2,0,8,12,25,Semi-Furnished,2,No,Yes,No,No,No,2.0,6.8,6.63,North-West,Limited,17.441378,78.539872,45.06
Adibatla,Apartment,2178,4,3,0,2,4,9,Fully Furnished,2,Yes,No,No,Yes,Yes,11.09,6.85,0.54,South-East,Limited,17.478128,78.465411,77.95
Habsiguda,Apartment,1856,3,4,0,2,2,10,Fully Furnished,2,No,Yes,No,No,No,13.0,6.6,8.39,North-East,24x7,17.419342,78.532562,103.75
Habsiguda,Apartment,1372,3,4,1,3,5,12,Semi-Furnished,2,No,No,No,No,No,8.01,5.35,4.18,North-East,Limited,17.326364,78.487591,66.16
ECIL,Independent House,1281,2,2,1,8,15,10,Fully Furnished,0,Yes,No,Yes,No,Yes,6.92,1.61,6.65,North-East,Limited,17.370493,78.515744,67.01
Shamshabad,Apartment,1169,2,2,1,0,1,14,Semi-Furnished,1,Yes,No,Yes,No,Yes,8.22,1.83,5.57,South-East,Limited,17.331445,78.467765,49.22
Madinaguda,Apartment,1157,2,3,1,1,17,22,Semi-Furnished,0,No,Yes,No,Yes,Yes,14.53,7.04,1.33,East,Limited,17.324726,78.543377,66.73
Nizampet,Independent House,1230,3,3,0,2,2,4,Semi-Furnished,1,Yes,No,No,Yes,Yes,13.42,7.42,4.94,South-East,12 Hours,17.359046,78.536956,70.32
Mallapur,Apartment,1339,3,4,1,19,19,15,Semi-Furnished,0,No,Yes,Yes,No,Yes,1.27,0.98,2.2,South-West,12 Hours,17.454225,78.423263,57.02
Hayathnagar,Apartment,1317,3,4,2,8,17,18,Semi-Furnished,1,No,Yes,Yes,Yes,Yes,6.69,2.33,2.54,North-West,12 Hours,17.360335,78.454548,45.55
Mehdipatnam,Independent House,1152,2,2,1,1,1,21,Fully Furnished,2,Yes,No,Yes,Yes,No,0.92,3.41,5.51,North-West,12 Hours,17.382235,78.408503,66.89
Peerzadiguda,Apartment,2254,4,3,1,5,20,7,Fully Furnished,1,Yes,Yes,Yes,Yes,Yes,7.63,2.25,6.18,North-East,Limited,17.348389,78.548465,85.29
Bachupally,Apartment,2156,4,3,2,0,17,15,Fully Furnished,0,Yes,No,No,Yes,Yes,12.37,2.36,5.21,South-West,Limited,17.345493,78.55844,97.25
Hayathnagar,Apartment,1724,3,3,0,4,8,16,Semi-Furnished,1,Yes,No,No,No,Yes,13.09,7.06,6.39,South-West,24x7,17.43793,78.416039,66.7
Nanakramguda,Apartment,2267,4,4,3,3,9,23,Unfurnished,1,No,No,No,No,No,13.39,4.54,6.76,North-West,Limited,17.474005,78.523208,137.34
Nizampet,Apartment,1170,2,1,1,6,12,0,Fully Furnished,1,Yes,No,Yes,Yes,No,2.8,6.72,6.67,North,Limited,17.385116,78.515845,56.57
Ameenpur,Apartment,860,2,2,0,6,12,11,Semi-Furnished,0,Yes,Yes,No,Yes,No,4.49,6.42,1.07,North,Limited,17.308991,78.449113,39.52
Bachupally,Apartment,1171,2,2,0,2,3,0,Unfurnished,1,Yes,Yes,Yes,Yes,Yes,11.49,5.64,4.15,North,24x7,17.457284,78.41416,57.17
Neknampur,Apartment,878,2,2,1,9,17,22,Semi-Furnished,0,No,No,No,No,Yes,9.01,4.35,7.61,North-East,Limited,17.350765,78.519163,52.12
Maheshwaram,Apartment,1307,3,3,0,5,18,15,Unfurnished,2,Yes,Yes,No,No,Yes,9.01,6.98,1.44,North-West,24x7,17.447389,78.57585,55.89
Masab Tank,Apartment,1120,2,1,1,9,11,1,Unfurnished,0,Yes,No,No,No,No,11.26,3.79,1.48,North-West,24x7,17.456701,78.413037,77.57
Dilsukhnagar,Apartment,1533,3,2,1,4,9,13,Fully Furnished,1,Yes,Yes,No,Yes,No,14.03,3.48,9.34,North-West,12 Hours,17.433396,78.522245,88.81
Bachupally,Villa,1279,3,2,1,3,5,14,Semi-Furnished,1,No,No,No,No,No,5.9,7.03,4.01,West,24x7,17.459609,78.420472,65.64
Safilguda,Villa,1454,3,4,3,1,20,0,Semi-Furnished,0,No,No,No,No,No,8.75,5.98,4.89,North-East,Limited,17.428493,78.481795,68.69
Mallapur,Apartment,1549,3,4,3,1,4,10,Semi-Furnished,2,Yes,No,Yes,Yes,No,6.75,2.33,7.48,East,12 Hours,17.361679,78.420356,79.5
Neknampur,Villa,3205,5,5,3,5,13,6,Unfurnished,1,No,Yes,Yes,No,Yes,7.7,7.45,8.28,East,12 Hours,17.394782,78.424539,207.27
Masab Tank,Apartment,1561,3,3,2,6,12,25,Unfurnished,0,No,Yes,Yes,No,No,10.64,6.93,4.44,East,Limited,17.387223,78.507563,83.86
Nampally,Apartment,3388,5,4,0,13,17,24,Fully Furnished,0,No,Yes,Yes,No,Yes,5.87,2.84,4.98,North-West,24x7,17.450742,78.552613,194.86
Tukkuguda,Apartment,1428,3,4,3,2,2,21,Unfurnished,0,No,Yes,No,Yes,Yes,0.98,3.16,7.74,South,Limited,17.30608,78.554471,60.36
Puppalaguda,Independent House,932,2,3,1,0,2,19,Fully Furnished,0,Yes,Yes,No,Yes,No,9.02,1.72,0.52,South,Limited,17.424405,78.459297,60.14
Maheshwaram,Apartment,1764,4,4,2,7,10,16,Unfurnished,1,No,No,No,Yes,No,13.27,6.49,7.52,South,12 Hours,17.430074,78.409218,62.74
Manikonda,Apartment,1614,3,4,2,8,16,4,Fully Furnished,1,No,No,Yes,No,No,9.9,1.79,7.0,North,12 Hours,17.462276,78.396139,89.94
Habsiguda,Apartment,1535,3,2,3,9,15,8,Fully Furnished,2,Yes,No,No,No,Yes,4.94,7.61,4.15,South,Limited,17.420833,78.512975,81.64
Khairatabad,Apartment,1263,2,3,1,10,10,4,Unfurnished,2,No,Yes,Yes,No,Yes,12.78,7.53,8.15,North-East,Limited,17.334758,78.575112,81.52
Attapur,Apartment,1265,3,2,1,4,5,25,Unfurnished,0,Yes,No,No,No,Yes,3.19,0.7,4.94,South,12 Hours,17.440101,78.465324,59.3
Kapra,Builder Floor,1265,3,3,3,9,16,22,Fully Furnished,1,No,Yes,Yes,No,No,5.25,3.26,8.1,North-West,Limited,17.287143,78.495551,47.01
Ameenpur,Apartment,1580,3,4,3,0,18,1,Semi-Furnished,1,Yes,Yes,No,No,No,4.29,2.27,6.22,South,12 Hours,17.358827,78.458138,74.64
Hafeezpet,Apartment,980,2,3,1,4,7,25,Semi-Furnished,0,Yes,Yes,No,Yes,Yes,14.72,4.23,4.71,South-West,Limited,17.389109,78.474833,50.78
Mehdipatnam,Apartment,1173,2,1,2,11,17,21,Fully Furnished,0,No,No,No,Yes,Yes,3.75,7.07,5.7,East,Limited,17.386104,78.488252,59.56
Tukkuguda,Builder Floor,2552,4,4,3,6,14,22,Unfurnished,0,No,Yes,No,Yes,Yes,3.46,1.04,4.32,West,Limited,17.481548,78.436695,78.53
Gachibowli,Apartment,891,2,2,1,9,15,18,Semi-Furnished,1,Yes,No,Yes,No,Yes,10.7,3.01,6.39,West,24x7,17.417629,78.505773,63.69
Punjagutta,Independent House,553,1,2,1,1,12,7,Unfurnished,1,Yes,Yes,Yes,Yes,Yes,6.32,4.83,3.23,South,12 Hours,17.369438,78.543713,52.08
Old Alwal,Apartment,1244,3,3,1,1,3,14,Semi-Furnished,0,Yes,Yes,No,No,No,5.6,6.89,2.17,South,12 Hours,17.449051,78.516449,54.2
Habsiguda,Apartment,624,1,1,1,5,11,10,Unfurnished,1,No,Yes,Yes,Yes,No,9.62,3.94,1.05,South-West,Limited,17.376606,78.438029,31.01
Khajaguda,Apartment,2466,4,5,3,1,2,18,Unfurnished,1,No,Yes,Yes,Yes,Yes,10.62,1.0,4.14,South,24x7,17.387575,78.450871,146.86
Masab Tank,Independent House,1435,3,3,0,4,12,16,Semi-Furnished,2,No,Yes,No,No,No,12.36,7.2,6.03,South,24x7,17.484147,78.473752,108.2
Vanasthalipuram,Apartment,1052,2,2,1,10,17,20,Fully Furnished,1,Yes,Yes,Yes,Yes,No,1.5,6.27,9.11,North-West,Limited,17.354003,78.397647,47.03
LB Nagar,Independent House,1160,2,2,0,6,10,24,Semi-Furnished,2,Yes,Yes,No,Yes,Yes,0.59,4.01,7.84,North-East,24x7,17.368739,78.430627,52.52
Financial District,Apartment,1488,3,2,3,3,9,14,Semi-Furnished,0,Yes,Yes,No,Yes,No,6.89,1.16,2.25,North,Limited,17.468,78.555476,99.14
Kompally,Villa,1778,3,4,0,11,15,12,Fully Furnished,0,No,No,No,No,Yes,5.64,1.03,9.54,South,Limited,17.318563,78.410773,99.62
Alwal,Independent House,579,1,1,1,2,19,24,Semi-Furnished,2,Yes,Yes,Yes,No,Yes,14.93,3.19,6.61,East,Limited,17.429806,78.572462,22.28
Sainikpuri,Apartment,1210,2,2,1,5,5,10,Fully Furnished,0,No,No,Yes,No,No,13.04,0.35,2.98,North,24x7,17.308828,78.489179,80.76
Hayathnagar,Apartment,1386,3,4,0,5,19,13,Unfurnished,0,No,Yes,Yes,No,Yes,11.22,0.5,6.26,South,12 Hours,17.359965,78.510966,51.51
Rajendra Nagar,Apartment,1142,2,1,2,3,3,1,Unfurnished,0,Yes,No,No,Yes,Yes,5.5,6.8,6.85,South-West,12 Hours,17.307121,78.393818,64.32
Ramanthapur,Apartment,1675,3,3,3,4,17,3,Unfurnished,2,No,No,No,No,No,0.91,4.08,2.42,North-West,Limited,17.331546,78.397466,73.54
Meerpet,Builder Floor,1352,3,2,2,1,4,11,Semi-Furnished,0,No,No,Yes,No,Yes,1.21,3.05,4.53,North-East,Limited,17.292792,78.465062,49.35
Maheshwaram,Apartment,1764,3,3,0,15,16,8,Fully Furnished,1,No,No,No,Yes,No,13.02,5.03,6.42,North-West,Limited,17.353249,78.475537,67.73
Ameerpet,Apartment,1159,2,3,0,2,6,4,Unfurnished,0,Yes,Yes,No,No,No,9.79,1.25,4.12,South-West,24x7,17.386779,78.558989,71.17
Manikonda,Apartment,1393,3,3,2,0,8,6,Fully Furnished,0,Yes,No,Yes,Yes,No,9.8,4.38,5.4,South-West,12 Hours,17.286982,78.542309,92.82
Khairatabad,Apartment,937,2,1,0,8,20,24,Fully Furnished,1,No,No,Yes,Yes,Yes,8.6,3.4,8.62,South,12 Hours,17.482768,78.483346,68.11
Neknampur,Apartment,2461,5,5,1,3,3,20,Semi-Furnished,2,No,No,Yes,Yes,No,10.44,6.55,4.67,East,12 Hours,17.435914,78.436421,144.24
Peerzadiguda,Apartment,1776,3,2,3,3,10,2,Unfurnished,2,No,Yes,No,No,Yes,5.57,4.17,7.11,West,Limited,17.483427,78.558206,88.3
Ramanthapur,Apartment,1670,3,3,0,8,20,16,Unfurnished,2,Yes,No,No,No,No,14.88,1.74,6.31,South,24x7,17.426274,78.455816,71.86
Narsingi,Apartment,2509,4,5,0,17,17,10,Semi-Furnished,0,No,No,Yes,No,No,12.13,0.77,7.31,East,12 Hours,17.365696,78.433651,150.7
Rajendra Nagar,Apartment,992,2,2,0,0,1,16,Unfurnished,2,No,Yes,Yes,Yes,Yes,5.86,7.78,3.55,North-East,Limited,17.352466,78.552205,48.3
Raidurg,Apartment,1238,3,3,2,11,15,12,Unfurnished,2,Yes,No,No,Yes,No,3.22,6.71,3.68,North-West,12 Hours,17.346564,78.434933,89.86
Kothaguda,Villa,2550,4,4,2,6,9,19,Fully Furnished,2,Yes,Yes,Yes,No,Yes,7.61,6.92,7.63,South,Limited,17.298637,78.424125,179.63
Suchitra,Apartment,2520,4,4,2,1,16,23,Fully Furnished,0,No,Yes,Yes,Yes,Yes,6.9,7.96,3.9,South-East,24x7,17.343272,78.470179,112.23
Osman Nagar,Apartment,1287,3,3,0,1,6,9,Fully Furnished,0,No,No,No,Yes,No,7.96,7.27,3.71,North-East,Limited,17.460181,78.56776,58.12
Vanasthalipuram,Builder Floor,912,2,2,0,6,7,12,Semi-Furnished,2,Yes,Yes,No,Yes,No,13.62,5.66,8.85,West,12 Hours,17.351031,78.40806,51.34
Shamshabad,Apartment,1761,3,3,0,2,11,23,Semi-Furnished,2,Yes,Yes,Yes,Yes,Yes,9.93,1.53,6.04,North-East,Limited,17.297045,78.44623,63.55
Quthbullapur,Apartment,1421,3,3,3,18,19,6,Fully Furnished,0,No,Yes,No,No,Yes,0.58,1.23,2.04,East,24x7,17.34908,78.419557,63.21
Gachibowli,Apartment,2362,4,4,2,9,14,16,Fully Furnished,2,No,No,No,No,Yes,10.52,1.43,2.27,West,24x7,17.3095,78.513681,198.74
Nagole,Apartment,1304,3,4,2,9,9,3,Semi-Furnished,0,Yes,Yes,Yes,Yes,Yes,3.26,4.28,8.89,South,24x7,17.299107,78.568586,79.86
Uppal,Independent House,1941,4,4,1,8,18,22,Unfurnished,2,Yes,Yes,No,No,Yes,14.17,3.97,1.28,South,24x7,17.44925,78.495626,102.02
Osman Nagar,Apartment,1459,3,3,1,13,18,14,Unfurnished,1,No,No,Yes,No,Yes,9.48,5.93,6.69,South-West,Limited,17.47609,78.436092,66.42
Lakdikapul,Apartment,826,1,2,1,0,5,1,Semi-Furnished,2,No,Yes,No,Yes,Yes,4.0,1.98,0.84,North-West,24x7,17.318762,78.557489,69.84
Isnapur,Builder Floor,1258,2,3,0,4,12,5,Semi-Furnished,1,No,Yes,No,Yes,Yes,7.54,6.8,7.65,South,Limited,17.387356,78.540589,47.35
Punjagutta,Apartment,1764,3,3,1,10,13,6,Fully Furnished,2,Yes,No,No,Yes,No,13.33,5.98,0.88,North,Limited,17.46684,78.550625,137.85
Nampally,Villa,1436,3,2,2,7,19,2,Unfurnished,2,No,Yes,Yes,Yes,No,4.12,5.74,7.34,North-West,24x7,17.324844,78.443537,115.37
Beeramguda,Apartment,1220,2,2,2,10,10,18,Fully Furnished,2,No,Yes,No,No,No,7.82,5.72,4.44,West,24x7,17.360411,78.465364,35.33
Jubilee Hills,Villa,1162,2,2,2,5,9,8,Fully Furnished,0,Yes,No,No,No,Yes,3.34,6.82,2.29,East,Limited,17.316976,78.524949,171.51
Shamshabad,Apartment,1061,2,2,2,1,12,23,Fully Furnished,0,Yes,No,No,No,No,2.06,2.07,8.68,South-East,24x7,17.347062,78.487369,35.48
Nampally,Apartment,2043,4,3,2,3,3,7,Semi-Furnished,0,Yes,Yes,No,Yes,No,13.06,4.05,5.27,South-West,24x7,17.432894,78.515807,129.67
Isnapur,Apartment,1314,3,3,0,2,15,25,Fully Furnished,2,Yes,No,No,No,No,13.22,7.65,1.64,North,12 Hours,17.394409,78.404189,37.15
Balapur,Apartment,1422,3,2,0,9,10,6,Unfurnished,0,Yes,No,Yes,Yes,Yes,12.34,5.94,3.68,North-East,Limited,17.367703,78.394662,53.89
Hitech City,Independent House,1721,3,2,1,4,14,17,Semi-Furnished,2,Yes,Yes,Yes,Yes,Yes,7.76,2.65,7.21,East,Limited,17.47613,78.577427,167.0
Gachibowli,Apartment,2328,5,5,3,14,18,20,Fully Furnished,0,Yes,Yes,No,No,Yes,3.54,1.29,0.7,South,Limited,17.29362,78.422519,173.93
Ramanthapur,Apartment,1006,2,2,0,1,2,11,Unfurnished,0,Yes,No,No,Yes,Yes,0.67,2.55,2.39,South,12 Hours,17.474556,78.41494,45.93
Nagole,Apartment,791,1,1,0,5,8,13,Fully Furnished,1,Yes,Yes,No,No,Yes,10.81,6.47,6.2,South-West,Limited,17.306737,78.582952,45.42
Nagole,Apartment,1579,3,2,1,15,17,14,Fully Furnished,0,Yes,Yes,Yes,Yes,No,9.83,6.46,0.9,South-West,24x7,17.440047,78.455218,88.56
Malkajgiri,Apartment,1024,2,3,2,3,3,23,Unfurnished,1,Yes,Yes,No,No,No,11.05,0.61,6.45,West,12 Hours,17.323403,78.415904,44.52
Punjagutta,Apartment,1141,2,1,2,3,11,21,Semi-Furnished,2,Yes,Yes,No,No,No,9.21,6.21,6.04,South-West,24x7,17.468529,78.564194,96.77
Meerpet,Apartment,1933,4,4,3,0,15,4,Unfurnished,2,No,Yes,No,Yes,No,8.6,2.45,1.02,North-West,12 Hours,17.446654,78.400507,83.25
Beeramguda,Independent House,1889,3,3,2,0,10,14,Fully Furnished,2,No,No,No,Yes,Yes,14.64,6.45,7.74,East,Limited,17.347741,78.513829,73.76
Nagole,Apartment,691,1,1,1,2,16,3,Unfurnished,1,No,Yes,No,No,No,8.29,0.42,9.46,West,24x7,17.314701,78.505993,33.97
Karmanghat,Apartment,1064,2,2,1,3,5,4,Semi-Furnished,1,No,Yes,No,No,No,1.69,6.5,9.81,South-West,12 Hours,17.361425,78.413154,55.42
Bowenpally,Apartment,1492,3,3,1,1,1,7,Unfurnished,1,No,No,No,No,Yes,11.44,5.22,1.04,South,Limited,17.332497,78.44668,67.44
Pocharam,Apartment,2212,4,4,2,13,13,18,Unfurnished,1,No,Yes,No,Yes,Yes,13.97,5.54,1.06,South-East,12 Hours,17.405189,78.525916,93.57
Osman Nagar,Apartment,1032,2,3,1,4,4,25,Unfurnished,0,No,No,Yes,No,Yes,0.81,2.39,9.08,South-West,12 Hours,17.4498,78.427518,46.85
Nallagandla,Villa,1680,3,3,0,3,11,12,Unfurnished,1,Yes,Yes,Yes,Yes,Yes,12.41,2.29,6.55,West,Limited,17.445188,78.422732,124.99
Maheshwaram,Apartment,602,1,1,1,6,19,1,Unfurnished,1,Yes,Yes,Yes,No,No,2.88,6.96,7.95,South-West,Limited,17.461737,78.455286,18.24
Masab Tank,Apartment,919,2,2,1,0,4,13,Unfurnished,2,No,No,No,Yes,No,11.99,0.96,3.11,North-West,12 Hours,17.29007,78.524709,65.02
Neredmet,Apartment,1121,2,2,2,11,20,1,Fully Furnished,0,No,No,Yes,Yes,Yes,2.44,2.97,4.02,South,12 Hours,17.296148,78.508663,56.65
Nanakramguda,Builder Floor,1843,3,3,1,16,17,0,Semi-Furnished,0,No,No,Yes,No,Yes,9.0,7.1,6.49,South-West,24x7,17.362361,78.402816,155.46
ECIL,Villa,993,2,3,1,15,16,8,Semi-Furnished,1,No,No,Yes,Yes,No,6.69,6.51,0.96,East,12 Hours,17.344595,78.404652,51.75
Hayathnagar,Villa,1129,2,3,0,11,15,25,Semi-Furnished,0,No,No,Yes,No,No,9.97,3.22,6.04,North,24x7,17.286209,78.483472,51.26
Sainikpuri,Apartment,1459,3,3,1,13,20,1,Unfurnished,1,Yes,Yes,Yes,No,No,0.95,4.64,4.27,North,12 Hours,17.346536,78.571912,76.99
Puppalaguda,Apartment,1201,2,3,0,2,7,11,Unfurnished,2,Yes,No,Yes,No,No,14.1,3.84,5.95,North,Limited,17.478166,78.427859,75.99
Nacharam,Independent House,1470,3,4,2,4,11,19,Fully Furnished,2,No,No,No,Yes,Yes,7.01,1.79,1.54,North-East,Limited,17.394335,78.563596,65.82
Kollur,Independent House,1335,3,3,2,0,1,6,Fully Furnished,0,No,Yes,No,No,Yes,7.19,7.37,3.07,East,Limited,17.391912,78.425792,72.55
Gachibowli,Independent House,1189,2,2,0,1,3,17,Semi-Furnished,0,Yes,Yes,Yes,No,Yes,14.1,5.75,8.14,North,24x7,17.468298,78.452268,105.29
Beeramguda,Apartment,1032,2,2,2,3,5,24,Semi-Furnished,1,No,No,Yes,Yes,Yes,5.12,2.34,9.15,South,Limited,17.436965,78.454465,32.62
Miyapur,Independent House,1732,3,3,3,5,19,2,Semi-Furnished,0,Yes,Yes,Yes,No,Yes,7.6,6.13,1.14,South,Limited,17.432586,78.506186,121.65
Kothapet,Builder Floor,1591,3,3,1,2,16,11,Semi-Furnished,1,Yes,Yes,Yes,No,Yes,0.56,4.67,2.35,South-West,24x7,17.294921,78.438113,97.44
Meerpet,Apartment,1438,3,4,3,1,8,4,Fully Furnished,1,Yes,No,Yes,No,No,1.25,7.84,2.02,South-West,Limited,17.330396,78.535481,63.47
Maheshwaram,Apartment,1216,2,1,0,1,20,15,Unfurnished,0,Yes,No,Yes,Yes,Yes,8.08,6.81,9.77,North-West,24x7,17.369754,78.455127,35.27
Bandlaguda Jagir,Apartment,1238,3,3,1,1,7,10,Fully Furnished,2,No,No,Yes,No,No,6.96,5.08,2.38,South,24x7,17.37397,78.48451,71.42
Vanasthalipuram,Apartment,851,2,2,0,10,15,0,Unfurnished,2,No,Yes,Yes,Yes,Yes,6.93,5.11,4.52,North-West,Limited,17.46691,78.500491,44.47
Somajiguda,Apartment,852,2,2,2,2,4,10,Unfurnished,1,No,Yes,Yes,No,No,9.52,5.51,1.72,North,Limited,17.447361,78.45507,69.64
Himayat Nagar,Apartment,1242,2,2,0,3,10,20,Fully Furnished,1,No,Yes,No,No,Yes,2.04,7.05,2.98,South,12 Hours,17.454694,78.459351,81.22
Pragathi Nagar,Villa,1251,2,3,1,0,9,14,Fully Furnished,2,No,No,No,No,No,9.5,7.67,1.32,South-East,Limited,17.473198,78.511342,80.78
Nagole,Apartment,896,2,3,2,7,8,17,Fully Furnished,1,Yes,No,No,Yes,Yes,14.52,2.45,2.52,West,12 Hours,17.446019,78.555708,52.85
Nampally,Apartment,1350,3,3,1,0,15,8,Semi-Furnished,0,No,Yes,No,Yes,No,5.5,6.47,8.46,North-West,12 Hours,17.295253,78.467075,77.86
Chandanagar,Villa,1842,4,3,1,3,6,6,Semi-Furnished,1,Yes,Yes,No,No,No,14.86,7.92,1.97,South,24x7,17.37507,78.536493,121.1
Karmanghat,Apartment,1789,3,3,0,3,12,4,Fully Furnished,1,Yes,No,No,No,Yes,0.6,4.46,7.38,East,12 Hours,17.411949,78.423984,93.7
Hayathnagar,Apartment,1410,3,2,1,1,9,7,Fully Furnished,1,No,Yes,Yes,No,No,11.12,4.43,6.36,South-West,Limited,17.394139,78.427513,52.81
Hitech City,Apartment,572,1,1,1,6,9,3,Semi-Furnished,0,Yes,No,Yes,Yes,No,11.13,0.91,8.74,South-West,12 Hours,17.434722,78.48322,67.9
Attapur,Apartment,1852,3,4,1,14,17,13,Unfurnished,0,No,No,No,No,Yes,11.22,2.26,4.06,South-East,12 Hours,17.478454,78.529725,95.54
Vanasthalipuram,Apartment,1711,3,3,0,2,9,15,Fully Furnished,1,Yes,Yes,No,Yes,No,3.01,1.9,2.95,North,24x7,17.370421,78.48172,78.12
Kothaguda,Apartment,1295,2,2,0,9,11,25,Unfurnished,0,No,Yes,Yes,Yes,Yes,4.7,2.4,5.36,North-West,12 Hours,17.39001,78.528156,81.54
Peerzadiguda,Apartment,1472,3,2,3,6,13,0,Semi-Furnished,1,No,Yes,Yes,Yes,No,10.44,5.99,4.02,South-East,12 Hours,17.374345,78.41139,55.54
Safilguda,Builder Floor,1643,3,4,3,7,9,12,Unfurnished,2,No,Yes,Yes,No,Yes,9.0,2.69,8.86,North,24x7,17.285189,78.394553,79.5
Masab Tank,Apartment,1731,3,4,1,17,19,16,Semi-Furnished,0,No,No,No,No,Yes,2.92,3.62,7.03,North-West,Limited,17.333471,78.519362,94.96
Tarnaka,Apartment,1678,3,3,3,0,9,1,Semi-Furnished,1,Yes,No,No,No,Yes,8.97,2.19,8.1,West,12 Hours,17.395132,78.417329,114.26
Nanakramguda,Apartment,1780,3,3,1,0,1,3,Unfurnished,2,No,Yes,No,No,No,7.78,2.79,5.47,North-West,12 Hours,17.40505,78.53295,143.55
Quthbullapur,Apartment,1025,2,1,1,6,7,19,Semi-Furnished,1,No,No,Yes,No,Yes,14.09,7.67,8.86,South,Limited,17.480082,78.501413,43.47
Nagole,Villa,1536,3,3,3,14,14,19,Semi-Furnished,0,Yes,No,No,No,Yes,7.23,4.41,1.84,South-East,24x7,17.414693,78.400388,99.36
Bandlaguda Jagir,Independent House,3085,5,5,2,14,14,19,Semi-Furnished,2,No,No,Yes,Yes,No,12.12,5.57,5.6,North,12 Hours,17.308876,78.452269,171.28
Masab Tank,Apartment,2168,4,4,3,1,16,2,Unfurnished,0,No,Yes,Yes,No,Yes,12.63,1.75,9.57,South-West,24x7,17.404462,78.465427,169.15
Tellapur,Independent House,1852,3,2,0,5,9,23,Semi-Furnished,0,No,No,No,Yes,Yes,1.02,3.31,4.54,South,Limited,17.455909,78.454701,93.93
Nizampet,Apartment,1494,3,3,1,2,13,10,Unfurnished,2,Yes,No,Yes,Yes,Yes,9.83,2.72,9.47,North-East,24x7,17.302627,78.54206,94.69
Malkajgiri,Apartment,2241,4,4,1,0,12,15,Semi-Furnished,1,Yes,Yes,Yes,Yes,Yes,12.9,5.23,8.88,South-West,24x7,17.321364,78.472769,101.82
ECIL,Apartment,1907,4,3,0,0,20,14,Semi-Furnished,0,Yes,Yes,No,Yes,Yes,11.47,4.07,6.48,South,12 Hours,17.426321,78.49377,82.38
Nampally,Apartment,1074,2,2,1,7,12,7,Semi-Furnished,1,No,Yes,No,No,Yes,3.11,3.3,4.57,North-West,Limited,17.324297,78.429049,55.85
Balapur,Independent House,1330,3,3,1,1,15,4,Unfurnished,1,Yes,Yes,Yes,No,Yes,9.73,4.68,4.65,South-West,Limited,17.349414,78.498649,47.43
Shamshabad,Villa,1494,3,4,3,3,7,22,Fully Furnished,0,Yes,Yes,Yes,No,Yes,10.49,1.14,9.87,North-West,Limited,17.418385,78.473779,79.66
Meerpet,Apartment,1289,3,3,1,0,3,13,Fully Furnished,0,Yes,Yes,No,No,Yes,1.16,5.82,8.42,South,12 Hours,17.428849,78.572733,58.73
Nizampet,Apartment,1271,2,2,2,13,19,18,Unfurnished,1,Yes,Yes,Yes,Yes,No,9.62,1.57,8.95,South-West,12 Hours,17.336781,78.397265,63.36
Alwal,Apartment,1842,3,4,2,3,16,1,Fully Furnished,0,Yes,No,Yes,Yes,Yes,1.13,0.63,1.07,South-East,24x7,17.309261,78.447255,103.04
Himayat Nagar,Independent House,1093,2,3,1,6,10,11,Fully Furnished,1,Yes,No,Yes,No,No,9.99,2.16,3.11,South-East,Limited,17.397883,78.506817,87.67
Kompally,Independent House,1562,3,4,2,2,3,9,Fully Furnished,1,Yes,No,Yes,No,No,7.68,2.71,9.89,West,Limited,17.360947,78.510139,78.93
Puppalaguda,Independent House,3010,5,5,2,11,19,18,Semi-Furnished,1,No,Yes,Yes,Yes,Yes,6.99,2.72,2.23,South-East,Limited,17.430526,78.571221,226.78
Kothapet,Apartment,1138,2,2,0,2,5,2,Fully Furnished,1,No,No,No,No,Yes,7.07,1.3,5.1,South-East,24x7,17.403343,78.425105,63.96
Kokapet,Apartment,959,2,1,0,15,20,1,Fully Furnished,0,Yes,No,Yes,Yes,Yes,2.27,5.07,2.4,North,12 Hours,17.409676,78.507194,83.62
Kismatpur,Apartment,1233,3,2,2,12,19,4,Fully Furnished,1,Yes,No,No,No,Yes,9.25,7.39,4.94,South,Limited,17.390731,78.453589,54.94
Quthbullapur,Apartment,1224,3,2,3,4,17,9,Semi-Furnished,1,No,No,No,No,Yes,6.76,5.57,0.55,North-East,24x7,17.324511,78.547735,61.15
Habsiguda,Apartment,1564,3,2,2,9,11,5,Semi-Furnished,2,No,Yes,No,Yes,No,6.01,6.08,1.89,North,12 Hours,17.301993,78.473949,87.18
Kothaguda,Apartment,2435,4,5,1,1,16,23,Fully Furnished,1,No,Yes,Yes,Yes,No,9.75,7.04,9.79,South-East,12 Hours,17.372543,78.442051,174.71
Gachibowli,Apartment,2313,4,5,0,1,18,12,Fully Furnished,1,Yes,No,No,Yes,No,14.59,4.95,9.86,East,24x7,17.3544,78.573274,215.28
Beeramguda,Villa,1116,2,3,2,6,11,25,Unfurnished,0,No,No,Yes,Yes,Yes,13.1,4.49,5.67,West,12 Hours,17.385474,78.452277,51.86
Miyapur,Apartment,1338,3,3,3,7,16,20,Fully Furnished,2,Yes,Yes,Yes,Yes,Yes,1.61,1.96,5.26,North-West,24x7,17.292343,78.481654,71.96
Nallagandla,Apartment,960,2,1,0,6,8,20,Fully Furnished,0,Yes,No,Yes,Yes,Yes,2.94,0.65,2.82,South-East,12 Hours,17.469107,78.389101,61.93
Madhapur,Apartment,859,2,2,0,15,15,20,Semi-Furnished,1,Yes,Yes,Yes,Yes,Yes,14.29,3.2,3.76,South,24x7,17.433133,78.483704,71.7
Vanasthalipuram,Apartment,1292,2,3,0,1,12,10,Semi-Furnished,2,No,No,No,Yes,Yes,7.25,5.12,9.03,South-West,24x7,17.479492,78.490302,57.12
Peerzadiguda,Apartment,866,2,2,0,2,2,7,Fully Furnished,2,Yes,Yes,No,Yes,Yes,12.64,1.59,4.11,East,24x7,17.332322,78.4834,36.86
Bandlaguda Jagir,Apartment,888,2,2,0,2,12,22,Semi-Furnished,1,Yes,No,Yes,Yes,Yes,1.78,1.16,4.65,North-West,Limited,17.299979,78.407932,44.71
Vanasthalipuram,Apartment,1197,2,1,0,3,3,14,Fully Furnished,0,Yes,No,No,No,Yes,14.32,0.35,3.54,North-West,24x7,17.332964,78.425692,56.64
Lakdikapul,Apartment,1076,2,2,0,1,6,1,Fully Furnished,2,No,Yes,No,No,Yes,9.79,0.48,9.48,East,12 Hours,17.438749,78.399089,88.68
Raidurg,Apartment,1262,3,3,0,10,15,25,Semi-Furnished,0,No,No,Yes,No,No,13.97,3.74,2.71,South-West,Limited,17.308842,78.393992,107.92
Mallapur,Apartment,553,1,1,0,12,15,8,Fully Furnished,1,Yes,No,Yes,No,No,10.91,0.36,5.23,North,12 Hours,17.451833,78.410294,27.33
Nagole,Apartment,1221,2,2,2,4,6,0,Unfurnished,2,Yes,Yes,Yes,No,Yes,1.8,1.51,8.35,North-East,24x7,17.37258,78.555499,76.31
Pragathi Nagar,Apartment,570,1,1,0,2,6,1,Semi-Furnished,1,Yes,Yes,No,No,No,12.13,5.84,4.88,South-East,12 Hours,17.369343,78.394685,30.72
Nampally,Independent House,1073,2,3,0,1,3,25,Semi-Furnished,0,No,Yes,No,No,Yes,14.13,4.48,6.75,West,Limited,17.400523,78.500881,64.16
Neknampur,Builder Floor,1980,4,4,3,12,16,14,Semi-Furnished,1,Yes,No,Yes,No,No,11.2,1.04,0.87,North,24x7,17.348107,78.408025,103.49
Nacharam,Apartment,2194,4,5,0,1,5,21,Unfurnished,2,Yes,No,No,Yes,No,7.06,7.03,4.68,North,12 Hours,17.304899,78.540019,91.09
Nallagandla,Apartment,1151,2,2,2,8,9,18,Fully Furnished,1,Yes,No,No,Yes,No,14.38,5.07,8.83,South,24x7,17.479015,78.559714,72.58
Himayat Nagar,Apartment,1216,3,3,2,0,1,18,Fully Furnished,1,No,Yes,No,No,No,8.24,2.35,6.93,South,Limited,17.425173,78.443741,90.31
Suchitra,Independent House,1196,2,2,0,1,8,17,Fully Furnished,2,No,No,No,Yes,Yes,7.36,2.87,9.82,South,24x7,17.37613,78.483103,61.53
Banjara Hills,Apartment,603,1,2,1,3,7,8,Unfurnished,0,No,Yes,Yes,No,No,10.5,2.27,7.05,North-West,24x7,17.341384,78.450308,74.74
Nizampet,Apartment,2269,4,5,1,3,7,11,Semi-Furnished,0,No,No,No,No,No,12.09,1.2,9.12,North-East,24x7,17.296245,78.483827,123.53
Quthbullapur,Apartment,1023,2,2,2,4,9,18,Semi-Furnished,1,No,Yes,Yes,No,Yes,12.92,6.22,4.1,West,12 Hours,17.407073,78.495981,41.77
Kothaguda,Apartment,3035,5,5,3,5,20,8,Fully Furnished,1,No,Yes,No,Yes,No,6.89,1.87,2.54,South-West,12 Hours,17.353655,78.55711,237.03
Meerpet,Apartment,1262,3,4,2,2,4,11,Fully Furnished,0,Yes,No,No,Yes,Yes,1.21,7.68,8.22,North,12 Hours,17.387948,78.406616,49.44
Pragathi Nagar,Apartment,1343,3,3,3,3,10,23,Semi-Furnished,2,No,Yes,No,Yes,Yes,14.82,5.19,9.25,South-East,24x7,17.477737,78.462097,56.64
Tarnaka,Apartment,1586,3,4,1,9,15,19,Unfurnished,0,Yes,No,Yes,No,No,0.63,0.9,7.84,South-West,24x7,17.300943,78.523323,98.23
Jubilee Hills,Apartment,851,2,2,2,1,7,13,Unfurnished,0,No,Yes,Yes,No,Yes,8.59,6.55,5.64,South,Limited,17.400133,78.411923,89.54
Khajaguda,Apartment,1281,3,3,2,2,5,1,Semi-Furnished,2,No,No,No,No,Yes,0.97,0.77,1.14,West,12 Hours,17.438269,78.467983,116.34
Sainikpuri,Apartment,1281,2,3,0,8,8,13,Unfurnished,2,No,No,Yes,No,No,7.13,2.79,4.97,South-East,24x7,17.414737,78.56655,74.76
Kismatpur,Apartment,1024,2,2,1,15,16,21,Fully Furnished,2,Yes,No,No,No,Yes,7.3,5.84,1.45,North-West,Limited,17.311258,78.448638,49.27
Kismatpur,Independent House,1524,3,2,2,0,8,7,Semi-Furnished,1,Yes,Yes,No,No,No,6.67,0.42,6.37,South,12 Hours,17.466765,78.53878,74.74
Isnapur,Villa,1098,2,2,0,0,6,1,Unfurnished,2,No,Yes,No,Yes,Yes,6.01,6.76,3.21,West,Limited,17.345193,78.423509,49.41
Tellapur,Apartment,1262,3,3,1,6,11,11,Unfurnished,1,Yes,No,Yes,No,No,11.57,7.58,3.64,South-West,Limited,17.379832,78.431858,81.55
Masab Tank,Independent House,964,2,3,1,11,18,23,Fully Furnished,0,No,Yes,Yes,Yes,No,14.1,6.03,8.38,South-East,12 Hours,17.293067,78.451934,69.58
Maheshwaram,Apartment,1532,3,3,1,5,16,19,Semi-Furnished,2,No,No,Yes,Yes,No,7.7,5.53,6.06,East,24x7,17.314592,78.583631,42.98
Kompally,Apartment,1074,2,1,0,8,18,24,Unfurnished,1,Yes,Yes,No,Yes,No,8.68,2.76,8.94,South,Limited,17.311071,78.427407,52.81
Himayat Nagar,Independent House,1161,2,3,1,5,8,5,Fully Furnished,1,No,Yes,No,Yes,No,11.34,0.47,1.07,North-West,24x7,17.370101,78.499783,94.29
Lakdikapul,Apartment,1058,2,1,0,15,17,16,Semi-Furnished,0,No,Yes,Yes,No,No,14.95,7.18,2.29,South,Limited,17.291886,78.475865,65.43
Gachibowli,Apartment,1767,4,5,0,0,13,7,Unfurnished,2,Yes,Yes,No,No,No,1.76,5.31,2.87,South-East,24x7,17.462048,78.404041,163.98
Film Nagar,Villa,1091,2,1,2,5,6,2,Unfurnished,2,Yes,No,No,No,No,14.12,6.33,4.82,South-East,12 Hours,17.467646,78.464295,178.89
Tolichowki,Apartment,1166,2,1,0,8,9,3,Fully Furnished,1,No,Yes,No,Yes,Yes,13.58,1.38,6.43,North-West,12 Hours,17.311739,78.573779,67.04
Alwal,Apartment,1338,3,3,1,1,7,6,Semi-Furnished,2,Yes,No,No,No,Yes,7.24,1.4,2.88,South-East,24x7,17.473267,78.522023,59.27
Jubilee Hills,Apartment,1527,3,2,2,8,10,15,Semi-Furnished,0,Yes,No,No,Yes,No,10.08,3.79,8.85,South-West,24x7,17.472636,78.441813,191.4
Chandanagar,Apartment,1017,2,3,0,2,12,21,Unfurnished,0,Yes,No,Yes,No,No,11.64,1.54,5.69,North-East,Limited,17.425162,78.539763,49.73
Kismatpur,Apartment,2435,4,4,2,3,3,21,Fully Furnished,1,Yes,No,No,No,No,14.98,3.63,7.79,North,24x7,17.32596,78.5463,101.19
Banjara Hills,Apartment,1873,4,4,1,12,17,15,Fully Furnished,1,No,No,No,Yes,Yes,7.78,3.92,5.14,North-West,24x7,17.297759,78.464145,179.83
Begumpet,Apartment,666,1,2,1,5,5,10,Unfurnished,2,Yes,Yes,Yes,No,Yes,7.19,7.23,0.81,South-West,24x7,17.345898,78.583289,54.37
Nacharam,Apartment,900,2,2,2,0,10,23,Semi-Furnished,2,Yes,Yes,No,No,No,7.48,6.79,5.13,North-East,Limited,17.428535,78.582024,33.44
LB Nagar,Villa,2478,4,5,3,10,17,2,Semi-Furnished,2,Yes,No,No,Yes,No,5.7,3.9,7.08,North-West,12 Hours,17.445368,78.473606,164.25
Tarnaka,Villa,1148,2,2,0,7,19,13,Fully Furnished,0,No,No,No,Yes,No,8.75,3.15,1.63,South-East,24x7,17.321132,78.576237,71.22
Kompally,Apartment,946,2,2,0,5,9,2,Fully Furnished,0,No,No,No,Yes,Yes,1.68,1.42,7.24,South-West,Limited,17.350244,78.537938,47.87
Attapur,Apartment,1096,2,3,2,1,7,18,Semi-Furnished,0,Yes,No,Yes,No,Yes,4.27,1.88,5.92,North,24x7,17.406642,78.475615,59.55
Meerpet,Apartment,852,2,1,0,9,16,12,Fully Furnished,2,Yes,Yes,No,No,Yes,14.61,6.1,1.36,South-East,24x7,17.330666,78.398392,34.03
Beeramguda,Independent House,1027,2,2,1,1,1,25,Unfurnished,0,Yes,Yes,No,Yes,No,6.55,1.89,7.5,South-West,12 Hours,17.379862,78.420304,28.88
Lakdikapul,Independent House,1161,2,2,0,1,1,0,Fully Furnished,0,Yes,Yes,No,Yes,Yes,3.66,1.28,7.79,North,Limited,17.364997,78.398178,89.54
Begumpet,Apartment,1330,3,3,2,1,14,3,Fully Furnished,2,Yes,Yes,Yes,Yes,No,12.93,5.48,7.34,North-West,Limited,17.461869,78.417049,114.75
Habsiguda,Apartment,1404,3,2,0,1,4,16,Unfurnished,1,No,Yes,Yes,No,No,6.08,2.06,6.68,North-East,12 Hours,17.417948,78.470567,63.8
LB Nagar,Apartment,1284,2,2,2,8,17,10,Unfurnished,0,Yes,No,Yes,Yes,No,14.82,0.54,2.64,North-West,24x7,17.367146,78.487627,57.41
Maheshwaram,Apartment,952,2,2,2,5,9,4,Fully Furnished,1,No,No,No,Yes,No,1.19,6.51,7.94,South,24x7,17.423344,78.518969,31.55
LB Nagar,Apartment,884,2,2,2,5,13,4,Semi-Furnished,2,No,Yes,No,Yes,Yes,7.86,7.23,9.14,West,12 Hours,17.35865,78.582506,45.71
Malkajgiri,Apartment,1474,3,2,1,11,13,2,Semi-Furnished,1,No,No,No,Yes,Yes,14.4,5.71,8.15,South-East,24x7,17.385389,78.568686,81.36
Beeramguda,Apartment,1777,3,2,1,9,19,17,Semi-Furnished,2,No,Yes,No,No,No,7.46,6.53,4.39,South-East,24x7,17.401414,78.546261,64.15
Saroornagar,Independent House,1024,2,1,2,2,2,18,Unfurnished,2,No,No,No,No,Yes,2.55,1.9,7.12,North-West,Limited,17.376378,78.481722,55.75
Attapur,Villa,1491,3,2,1,0,15,13,Semi-Furnished,0,No,Yes,No,Yes,No,8.26,7.96,4.66,East,Limited,17.478341,78.526133,72.19
Hitech City,Villa,1763,3,2,0,0,6,24,Fully Furnished,2,No,No,No,No,Yes,6.92,7.57,2.39,South-West,24x7,17.457592,78.482812,174.48
Sainikpuri,Apartment,2070,4,5,3,1,1,20,Unfurnished,2,Yes,No,No,No,No,12.18,6.76,8.54,South-East,12 Hours,17.394943,78.470133,108.28
Madhapur,Apartment,1406,3,3,0,4,13,23,Fully Furnished,0,No,No,No,No,Yes,10.92,0.69,3.86,South-East,Limited,17.325799,78.551993,123.96
Kothaguda,Apartment,1151,2,2,1,2,14,10,Semi-Furnished,1,Yes,Yes,No,Yes,No,0.7,1.0,3.29,West,12 Hours,17.295922,78.581069,87.03
Pocharam,Apartment,846,1,1,0,6,15,16,Fully Furnished,1,No,No,No,Yes,No,11.06,2.48,8.52,South,Limited,17.343175,78.480581,28.05
Madhapur,Apartment,904,2,2,2,7,13,2,Fully Furnished,0,Yes,Yes,Yes,Yes,No,4.76,7.48,5.64,North-East,Limited,17.345981,78.425235,101.71
Tukkuguda,Apartment,2296,4,3,1,9,12,9,Fully Furnished,0,No,Yes,No,Yes,Yes,5.05,3.75,6.44,East,Limited,17.344572,78.54271,70.25
Suchitra,Apartment,1658,3,4,3,13,13,13,Unfurnished,2,No,Yes,No,Yes,Yes,11.83,6.7,0.66,South,Limited,17.330496,78.419937,67.92
Boduppal,Apartment,998,2,2,0,3,17,16,Unfurnished,1,Yes,Yes,Yes,No,Yes,3.12,6.09,2.8,North,24x7,17.472985,78.455305,44.43
Neknampur,Builder Floor,1764,3,3,0,3,8,3,Unfurnished,1,No,Yes,No,No,No,6.39,3.78,1.18,North,Limited,17.382046,78.422533,106.84
Champapet,Apartment,1433,3,2,1,14,17,10,Semi-Furnished,1,Yes,No,Yes,Yes,Yes,3.53,0.4,4.66,South-West,24x7,17.377071,78.528634,77.74
Patancheru,Apartment,1878,3,3,3,5,11,24,Semi-Furnished,0,Yes,No,No,No,No,14.25,5.67,1.4,North-East,12 Hours,17.295035,78.406039,59.28
Safilguda,Independent House,1218,2,2,1,17,17,4,Semi-Furnished,0,No,Yes,Yes,No,Yes,11.55,1.09,1.57,South-East,12 Hours,17.341365,78.42356,66.52
Suchitra,Villa,785,1,2,1,7,14,1,Fully Furnished,1,Yes,No,Yes,Yes,Yes,14.89,6.92,2.62,South-East,12 Hours,17.289369,78.541597,48.77
Chandanagar,Apartment,1752,4,4,2,6,12,6,Fully Furnished,0,Yes,Yes,Yes,No,No,2.51,6.22,4.79,North-West,24x7,17.378544,78.507879,100.6
Himayat Nagar,Apartment,1853,3,3,3,0,7,20,Unfurnished,0,No,Yes,No,Yes,No,2.1,4.35,6.88,North,Limited,17.290421,78.5434,130.38
Tukkuguda,Apartment,1226,2,2,1,11,14,25,Unfurnished,0,No,Yes,Yes,No,No,7.31,6.13,7.64,North,12 Hours,17.437378,78.565361,38.15
Narsingi,Builder Floor,912,2,2,0,8,19,2,Fully Furnished,0,Yes,Yes,Yes,No,Yes,5.55,5.58,2.88,West,Limited,17.392108,78.482097,65.79
Himayat Nagar,Apartment,1827,3,3,2,16,18,7,Unfurnished,1,Yes,Yes,Yes,No,No,3.76,1.86,9.19,North,12 Hours,17.462485,78.565487,130.64
Miyapur,Apartment,1709,4,4,3,17,19,12,Semi-Furnished,1,Yes,No,No,Yes,Yes,3.32,6.3,8.04,East,Limited,17.408014,78.572082,84.66
Saroornagar,Villa,999,2,2,1,12,15,1,Fully Furnished,2,Yes,Yes,Yes,Yes,No,8.39,1.66,6.18,North-East,12 Hours,17.386792,78.477265,67.71
Bollaram,Apartment,653,1,1,0,9,18,12,Unfurnished,0,No,Yes,No,Yes,Yes,3.92,1.9,8.96,North-East,Limited,17.476774,78.415263,20.76
Dilsukhnagar,Independent House,1488,3,2,0,12,14,7,Semi-Furnished,2,Yes,Yes,Yes,Yes,Yes,10.84,5.61,4.19,South,12 Hours,17.34151,78.442502,87.07
Chandanagar,Apartment,1012,2,2,0,0,10,17,Fully Furnished,1,No,No,Yes,Yes,No,1.6,6.75,6.52,North-East,Limited,17.484759,78.397693,46.65
Madhapur,Independent House,1244,3,2,1,0,13,9,Semi-Furnished,2,Yes,Yes,No,No,No,3.39,6.69,6.43,South-East,24x7,17.301514,78.417604,132.66
Raidurg,Apartment,1758,3,3,2,7,16,4,Unfurnished,1,No,Yes,Yes,No,Yes,13.51,6.26,5.94,North-West,12 Hours,17.387092,78.438458,136.16
Jubilee Hills,Apartment,557,1,2,0,16,20,11,Unfurnished,0,Yes,Yes,No,Yes,No,6.79,1.03,5.64,South,24x7,17.302393,78.447344,73.93
Pragathi Nagar,Apartment,1083,2,2,1,1,9,5,Fully Furnished,2,Yes,No,Yes,Yes,Yes,12.4,1.69,9.6,West,12 Hours,17.473941,78.453676,58.77
Madinaguda,Apartment,1896,3,3,1,3,4,12,Fully Furnished,0,Yes,Yes,No,No,Yes,5.35,0.65,3.61,East,12 Hours,17.466919,78.387937,101.65
Osman Nagar,Independent House,1437,3,3,1,0,2,22,Unfurnished,1,Yes,Yes,No,No,No,12.3,6.37,2.78,South,Limited,17.474674,78.404965,70.38
Quthbullapur,Independent House,2395,4,4,3,5,13,8,Unfurnished,2,No,Yes,No,Yes,Yes,3.76,0.5,4.4,North-East,24x7,17.477149,78.494208,103.37
Champapet,Apartment,1804,3,2,2,1,1,1,Semi-Furnished,2,No,Yes,No,Yes,No,2.21,1.26,2.51,South-West,24x7,17.336526,78.476689,87.45
Nanakramguda,Apartment,1090,2,2,2,0,4,15,Unfurnished,1,No,Yes,Yes,Yes,No,5.67,4.36,8.95,North-East,Limited,17.431632,78.585784,74.34
Khairatabad,Builder Floor,1690,3,3,2,12,20,12,Semi-Furnished,0,No,Yes,Yes,No,No,11.08,6.21,8.59,South-West,12 Hours,17.392644,78.493365,121.41
Kollur,Apartment,1397,3,4,1,4,17,11,Unfurnished,2,No,Yes,No,Yes,Yes,11.72,1.2,0.67,South-East,Limited,17.318832,78.582191,53.93
Peerzadiguda,Apartment,1640,3,4,2,1,18,6,Fully Furnished,2,Yes,No,Yes,No,No,8.09,3.84,1.92,West,24x7,17.384667,78.507349,81.12
Bowenpally,Apartment,1162,2,2,2,0,8,6,Fully Furnished,1,Yes,No,Yes,No,Yes,8.07,4.44,3.78,North,Limited,17.393757,78.525694,64.12
Pocharam,Apartment,1795,4,3,2,19,20,15,Fully Furnished,1,No,No,No,No,Yes,10.24,5.34,8.63,East,12 Hours,17.483057,78.508968,71.21
Shamshabad,Apartment,1123,2,1,2,5,10,25,Semi-Furnished,1,No,No,Yes,No,Yes,11.81,0.54,2.41,North-East,24x7,17.43943,78.420793,37.63
Boduppal,Villa,1284,2,1,0,0,17,9,Unfurnished,2,No,No,No,No,Yes,0.96,6.89,9.16,West,Limited,17.354392,78.473061,57.37
LB Nagar,Apartment,1893,3,4,0,5,13,16,Semi-Furnished,0,Yes,No,Yes,No,Yes,2.22,2.33,8.66,South-West,Limited,17.381835,78.545503,94.85
Safilguda,Builder Floor,1264,2,3,2,4,6,2,Fully Furnished,0,Yes,Yes,No,No,Yes,4.24,7.66,6.03,South-East,24x7,17.353414,78.548696,61.04
Vanasthalipuram,Apartment,1893,3,3,2,7,7,22,Unfurnished,0,No,Yes,No,No,Yes,2.3,2.77,5.87,South-West,24x7,17.329877,78.487601,78.86
Neknampur,Independent House,1461,3,2,2,0,10,0,Unfurnished,2,No,Yes,No,No,No,1.15,2.14,8.68,West,24x7,17.286817,78.51636,97.25
Gachibowli,Independent House,1362,3,4,1,5,6,17,Fully Furnished,2,No,No,Yes,No,Yes,11.27,2.29,6.09,South-West,Limited,17.374104,78.580094,131.9
Mehdipatnam,Independent House,1810,3,4,1,6,14,20,Semi-Furnished,1,No,No,No,Yes,No,13.69,7.31,8.48,North-West,24x7,17.457686,78.41459,96.26
Kollur,Apartment,1640,3,4,3,4,4,10,Unfurnished,2,No,Yes,Yes,No,No,13.96,5.69,2.94,North,12 Hours,17.458596,78.503321,76.33
Nanakramguda,Apartment,900,2,3,2,13,13,15,Semi-Furnished,1,Yes,No,Yes,No,Yes,14.86,7.09,5.97,South-West,24x7,17.359409,78.40519,65.8
Mallapur,Independent House,1060,2,2,0,5,15,18,Fully Furnished,2,Yes,No,Yes,Yes,No,13.67,3.44,4.28,North,12 Hours,17.363896,78.560112,49.77
Kollur,Apartment,2105,4,4,0,8,11,9,Semi-Furnished,1,No,Yes,No,No,Yes,12.48,3.26,4.94,North,Limited,17.478347,78.578328,94.12
Bachupally,Apartment,905,2,2,2,0,12,21,Unfurnished,1,Yes,Yes,No,Yes,No,3.78,6.96,1.97,East,Limited,17.35461,78.565811,38.84
Neredmet,Apartment,1185,2,1,1,2,8,8,Unfurnished,2,Yes,No,No,Yes,No,3.74,1.58,9.68,South-East,24x7,17.373688,78.450899,61.29
Karmanghat,Apartment,1945,4,3,2,7,15,5,Unfurnished,0,No,No,No,No,No,5.32,3.17,4.38,North-West,24x7,17.422554,78.441395,77.64
Neredmet,Builder Floor,1037,2,3,0,2,12,19,Semi-Furnished,0,No,No,No,No,Yes,2.34,1.77,9.32,South-East,Limited,17.295331,78.396559,40.11
Punjagutta,Apartment,1054,2,2,1,0,14,1,Semi-Furnished,2,Yes,No,No,Yes,No,1.77,6.46,9.54,South-West,Limited,17.355695,78.449827,95.7
Balapur,Apartment,1802,3,3,1,1,3,14,Unfurnished,1,No,No,Yes,Yes,No,6.64,1.53,2.37,North-East,12 Hours,17.349147,78.425152,58.54
Lakdikapul,Apartment,626,1,2,1,2,8,25,Unfurnished,0,No,No,Yes,Yes,Yes,2.05,4.37,1.53,South-West,24x7,17.479981,78.468923,34.62
Champapet,Apartment,1768,3,3,1,9,15,17,Fully Furnished,2,Yes,Yes,No,Yes,No,11.43,4.93,0.58,East,Limited,17.400309,78.583368,84.4
Somajiguda,Apartment,1212,3,3,0,3,18,8,Unfurnished,0,Yes,No,Yes,No,Yes,8.52,6.01,7.1,East,12 Hours,17.421256,78.529897,107.6
Kompally,Builder Floor,1873,3,4,0,0,6,24,Unfurnished,0,Yes,No,No,No,No,0.82,1.36,6.55,North,12 Hours,17.302716,78.522074,92.01
Nacharam,Apartment,1211,2,2,2,6,17,12,Unfurnished,0,No,No,No,No,Yes,12.78,3.29,8.69,North,24x7,17.404229,78.534616,50.63
Kompally,Independent House,1071,2,2,1,7,12,22,Unfurnished,1,No,No,No,Yes,Yes,0.83,7.85,6.42,East,12 Hours,17.453324,78.392771,50.15
LB Nagar,Apartment,1182,2,1,1,5,9,1,Fully Furnished,1,Yes,No,Yes,Yes,Yes,12.78,0.48,9.96,North-East,Limited,17.377066,78.430218,72.63
Ghatkesar,Apartment,2123,4,3,1,11,19,24,Semi-Furnished,1,No,No,No,Yes,Yes,10.47,6.89,2.4,South,12 Hours,17.475661,78.401233,70.4
Kothapet,Apartment,1485,3,3,3,16,17,11,Fully Furnished,2,Yes,Yes,Yes,No,No,5.91,5.02,2.19,South-East,24x7,17.354564,78.510747,74.93
Mallapur,Apartment,1125,2,2,0,3,6,10,Unfurnished,1,Yes,Yes,No,No,No,12.61,6.62,7.9,East,24x7,17.310129,78.444646,60.99
Dilsukhnagar,Apartment,891,2,1,1,4,5,9,Semi-Furnished,0,Yes,No,No,No,No,3.74,3.11,2.53,West,Limited,17.327709,78.468929,37.21
Bowenpally,Apartment,1390,3,3,0,13,17,21,Fully Furnished,1,No,Yes,No,No,No,14.42,2.28,5.08,North,24x7,17.328491,78.460036,78.17
Kondapur,Apartment,1721,3,3,1,5,15,12,Unfurnished,0,No,No,No,No,Yes,3.23,7.49,9.36,North,24x7,17.480291,78.577633,110.95
Rajendra Nagar,Builder Floor,985,2,2,1,15,16,14,Unfurnished,1,No,No,No,No,No,1.19,7.96,6.75,North-West,24x7,17.333332,78.400307,44.88
Old Alwal,Apartment,2665,5,5,1,7,17,18,Semi-Furnished,2,No,No,Yes,Yes,No,7.2,7.23,6.45,South,12 Hours,17.338359,78.487885,120.79
LB Nagar,Apartment,1257,3,4,1,5,19,16,Semi-Furnished,0,Yes,Yes,Yes,No,No,6.41,6.86,7.27,South-West,Limited,17.456665,78.555673,64.48
Habsiguda,Apartment,1269,3,4,1,11,14,2,Unfurnished,2,No,No,No,Yes,Yes,2.16,4.61,7.61,North,24x7,17.422447,78.449267,73.13
Khairatabad,Apartment,993,2,3,0,15,16,18,Semi-Furnished,0,No,Yes,No,No,No,11.6,4.63,6.41,South-West,Limited,17.425313,78.388666,67.43
Meerpet,Independent House,1846,3,3,1,0,1,17,Fully Furnished,2,Yes,Yes,Yes,Yes,No,3.08,6.59,6.84,East,12 Hours,17.350876,78.525376,73.39
Punjagutta,Apartment,1024,2,1,1,1,19,18,Fully Furnished,1,No,Yes,Yes,Yes,Yes,10.84,5.16,3.85,South-West,24x7,17.345819,78.549025,73.03
Kothaguda,Apartment,1856,3,3,3,5,14,22,Fully Furnished,0,No,Yes,Yes,No,Yes,7.12,4.81,1.98,North-West,24x7,17.374265,78.532104,139.39
Beeramguda,Villa,1238,2,2,1,6,8,14,Semi-Furnished,2,No,No,No,No,Yes,4.14,5.86,8.3,South-East,12 Hours,17.482474,78.431732,48.58
Peerzadiguda,Apartment,1209,3,3,3,2,20,8,Unfurnished,1,No,Yes,Yes,Yes,No,1.74,5.38,5.98,East,12 Hours,17.406936,78.56972,52.16
Lakdikapul,Independent House,1240,2,3,2,7,9,4,Fully Furnished,0,No,Yes,Yes,No,Yes,5.84,3.56,6.74,South,Limited,17.43536,78.500354,97.87
Nizampet,Apartment,1283,2,2,2,2,5,10,Fully Furnished,1,No,No,Yes,No,Yes,7.38,4.61,1.39,East,Limited,17.379887,78.453455,61.35
Chandanagar,Apartment,1504,3,4,3,6,9,23,Fully Furnished,0,Yes,No,Yes,No,Yes,10.02,5.46,2.75,South-East,24x7,17.4628,78.500561,81.11
Khairatabad,Apartment,1147,2,1,2,1,11,20,Fully Furnished,1,No,No,Yes,Yes,Yes,9.95,1.85,1.88,West,24x7,17.38875,78.396933,79.13
Isnapur,Apartment,811,1,2,0,8,10,3,Unfurnished,0,No,Yes,No,Yes,No,5.79,1.53,9.26,North,Limited,17.3834,78.448747,22.69
Balapur,Apartment,1206,2,1,1,4,12,16,Fully Furnished,2,Yes,No,Yes,Yes,No,9.33,4.93,1.41,North-East,Limited,17.385827,78.451262,47.41
Madinaguda,Apartment,1787,3,3,1,1,4,4,Semi-Furnished,2,Yes,No,No,No,Yes,2.77,2.22,7.7,North-East,24x7,17.377797,78.413357,114.61
Ramanthapur,Apartment,1161,2,1,2,2,9,22,Fully Furnished,2,No,Yes,No,No,Yes,7.36,5.43,9.12,North-West,Limited,17.45854,78.528224,56.09
Kothaguda,Apartment,916,2,2,2,0,16,13,Unfurnished,0,Yes,Yes,Yes,Yes,Yes,5.67,1.41,8.61,South-West,24x7,17.440175,78.548291,59.88
Miyapur,Independent House,1619,3,3,3,3,6,16,Fully Furnished,1,No,No,No,No,No,5.15,3.8,1.93,South,24x7,17.307793,78.515482,92.52
Karmanghat,Independent House,829,1,1,1,6,11,23,Semi-Furnished,1,Yes,No,Yes,Yes,No,8.18,1.14,5.84,South-East,12 Hours,17.400471,78.515981,39.98
Ghatkesar,Apartment,1151,2,2,1,17,18,13,Semi-Furnished,0,No,No,No,No,Yes,14.07,2.1,8.26,South-West,12 Hours,17.390741,78.393575,38.83
Habsiguda,Apartment,1290,2,2,0,14,14,5,Fully Furnished,0,Yes,No,Yes,Yes,Yes,7.53,1.89,8.92,South-West,24x7,17.301289,78.473703,70.94
Punjagutta,Apartment,1157,2,2,0,10,11,0,Semi-Furnished,1,Yes,No,Yes,No,No,2.88,0.89,3.88,South-West,12 Hours,17.394086,78.413383,83.06
Habsiguda,Apartment,1524,3,2,0,9,15,15,Fully Furnished,0,No,No,No,Yes,No,9.86,4.36,5.48,North-East,Limited,17.444002,78.419371,77.43
Abids,Apartment,909,2,2,0,17,20,8,Semi-Furnished,1,No,Yes,No,Yes,No,3.13,3.99,5.04,South-West,12 Hours,17.314103,78.562126,64.19
Neredmet,Apartment,1109,2,2,2,14,15,11,Semi-Furnished,0,Yes,No,No,No,No,9.09,5.45,8.56,South,24x7,17.378452,78.408042,57.97
Bandlaguda Jagir,Apartment,580,1,1,0,4,11,11,Fully Furnished,0,No,Yes,No,No,No,4.62,2.78,5.89,South,12 Hours,17.4586,78.552337,23.8
Madinaguda,Apartment,1680,3,2,1,3,7,7,Unfurnished,1,No,Yes,Yes,No,Yes,13.21,3.14,9.48,North-West,Limited,17.300056,78.409179,92.93
Saroornagar,Apartment,2520,5,5,0,12,20,0,Fully Furnished,1,No,No,No,Yes,No,14.77,3.88,9.42,South,24x7,17.336496,78.413832,111.5
Boduppal,Apartment,1727,3,3,3,6,13,0,Fully Furnished,1,No,No,No,Yes,Yes,10.45,2.55,9.96,East,12 Hours,17.362012,78.575297,82.45
Bandlaguda Jagir,Apartment,1227,3,2,0,7,15,22,Unfurnished,2,Yes,No,No,Yes,No,7.99,2.96,4.17,East,12 Hours,17.451995,78.52877,54.52
Begumpet,Independent House,911,2,1,1,10,15,6,Fully Furnished,2,No,Yes,No,No,Yes,10.89,4.85,8.54,South-West,Limited,17.432184,78.44172,66.56
LB Nagar,Apartment,718,1,1,0,0,18,11,Unfurnished,2,No,No,No,Yes,No,8.06,7.0,9.48,East,12 Hours,17.353192,78.586234,39.43
Abids,Independent House,1618,3,4,3,0,6,24,Unfurnished,2,Yes,No,No,Yes,No,11.83,6.68,2.24,North-West,24x7,17.340826,78.572834,87.85
Meerpet,Independent House,1221,2,2,1,1,3,15,Unfurnished,1,Yes,Yes,No,Yes,Yes,12.52,4.37,5.54,East,12 Hours,17.424338,78.531765,56.85
ECIL,Villa,1290,2,3,2,3,4,14,Unfurnished,0,No,No,No,No,Yes,14.05,3.96,4.03,North-West,Limited,17.479888,78.58182,75.03
Safilguda,Independent House,1534,3,3,0,1,1,23,Fully Furnished,2,No,No,Yes,No,Yes,4.76,1.68,7.04,West,24x7,17.449368,78.515962,69.15
Saroornagar,Independent House,1354,3,3,2,16,16,9,Semi-Furnished,1,Yes,Yes,Yes,Yes,No,14.15,0.43,3.22,North-West,24x7,17.31067,78.516737,76.01
Begumpet,Apartment,857,2,1,1,0,4,10,Fully Furnished,1,No,No,Yes,Yes,No,0.74,2.42,6.8,North-West,24x7,17.467364,78.474526,86.83
Ameerpet,Apartment,833,1,1,0,0,16,12,Fully Furnished,2,Yes,No,No,No,Yes,5.31,5.3,7.52,East,Limited,17.357459,78.551978,49.32
Beeramguda,Apartment,999,2,3,0,2,6,11,Semi-Furnished,2,Yes,No,Yes,Yes,Yes,5.57,6.32,7.84,North,12 Hours,17.376869,78.39772,39.61
Patancheru,Villa,1616,3,4,1,1,20,24,Unfurnished,2,Yes,No,No,Yes,Yes,4.46,7.79,9.07,South-East,12 Hours,17.378805,78.572411,72.1
Hafeezpet,Apartment,1201,2,3,0,1,15,18,Fully Furnished,2,No,Yes,Yes,No,Yes,14.31,4.16,1.6,South-East,12 Hours,17.347331,78.491764,82.22
Champapet,Apartment,829,1,1,1,3,20,21,Unfurnished,2,Yes,No,Yes,Yes,No,4.16,2.31,4.38,North,12 Hours,17.479514,78.458712,29.21
Suchitra,Apartment,1065,2,1,0,12,15,18,Fully Furnished,1,No,Yes,Yes,No,No,11.98,5.22,9.45,South-West,12 Hours,17.356057,78.523202,43.36
Madhapur,Apartment,1717,3,4,0,7,15,20,Unfurnished,0,No,No,Yes,No,Yes,13.46,1.63,9.41,West,12 Hours,17.428064,78.440329,162.52
Manikonda,Apartment,685,1,1,0,2,12,13,Semi-Furnished,1,No,Yes,No,No,No,4.23,5.38,8.47,West,24x7,17.31005,78.517802,44.98
Gachibowli,Apartment,1638,3,3,0,6,20,25,Fully Furnished,0,No,Yes,No,No,Yes,5.03,1.64,5.01,South-East,24x7,17.404536,78.560639,125.17
Ameenpur,Apartment,1282,2,2,0,3,6,22,Unfurnished,0,No,Yes,No,Yes,No,5.62,3.27,5.79,North,12 Hours,17.374808,78.478561,57.61
Manikonda,Apartment,2583,4,4,2,0,3,18,Fully Furnished,1,No,Yes,No,Yes,No,5.42,3.13,9.07,East,Limited,17.419153,78.550952,126.87
Vanasthalipuram,Apartment,1091,2,1,0,3,13,6,Semi-Furnished,0,Yes,Yes,No,Yes,Yes,2.7,3.92,4.79,South,24x7,17.36926,78.554468,49.74
Tellapur,Apartment,1649,3,3,3,10,20,16,Fully Furnished,0,No,No,No,No,No,8.96,1.46,5.96,North-East,Limited,17.333636,78.496814,94.19
Miyapur,Apartment,1852,3,4,1,6,13,16,Semi-Furnished,2,Yes,No,Yes,No,No,13.51,5.28,2.49,North,24x7,17.305376,78.568924,81.67
Lakdikapul,Villa,1411,3,2,3,0,15,10,Unfurnished,1,Yes,Yes,Yes,Yes,Yes,1.98,2.76,9.74,West,Limited,17.437007,78.396453,96.04
Lakdikapul,Apartment,1361,3,3,3,4,5,1,Unfurnished,2,Yes,No,Yes,Yes,Yes,5.63,6.27,6.85,South,Limited,17.372609,78.455179,92.01
Saroornagar,Apartment,1264,2,1,1,2,19,0,Fully Furnished,1,No,Yes,No,Yes,Yes,10.88,3.02,3.25,East,24x7,17.303271,78.538029,63.42
Beeramguda,Independent House,1103,2,2,0,1,11,20,Fully Furnished,2,Yes,No,Yes,Yes,No,1.13,3.5,1.12,North-East,24x7,17.322318,78.424346,41.55
Peerzadiguda,Villa,1867,3,2,3,5,5,19,Fully Furnished,0,Yes,No,No,Yes,No,8.2,3.52,4.05,South,12 Hours,17.2964,78.50426,93.85
Manikonda,Apartment,2389,4,4,0,0,10,14,Unfurnished,1,Yes,Yes,No,Yes,No,11.44,4.75,2.35,East,Limited,17.2885,78.396501,151.38
Financial District,Independent House,1600,3,3,3,1,2,0,Fully Furnished,0,No,No,No,No,No,9.54,5.82,8.51,North,24x7,17.448899,78.452048,165.85
Hafeezpet,Apartment,1019,2,2,0,6,20,5,Unfurnished,2,No,Yes,No,No,Yes,2.13,4.86,8.61,South,Limited,17.404269,78.441543,60.17
Quthbullapur,Independent House,970,2,1,2,12,18,25,Semi-Furnished,1,No,No,Yes,Yes,No,12.3,6.7,5.95,North-East,12 Hours,17.432046,78.51183,43.24
Uppal,Builder Floor,1447,3,4,2,10,12,20,Semi-Furnished,2,Yes,No,No,Yes,No,5.73,0.4,7.55,South-West,24x7,17.433337,78.521746,73.59
Balapur,Independent House,1254,2,2,0,1,3,24,Semi-Furnished,2,Yes,No,Yes,Yes,Yes,2.09,6.13,6.9,South-East,12 Hours,17.355496,78.411922,39.04
Khajaguda,Apartment,896,2,2,0,2,11,0,Semi-Furnished,0,Yes,No,Yes,Yes,Yes,14.85,6.02,1.74,South-East,12 Hours,17.420239,78.55842,56.97
Suchitra,Apartment,1131,2,2,0,0,4,2,Semi-Furnished,0,No,Yes,No,No,No,13.86,2.23,3.68,West,Limited,17.410669,78.42352,49.52
Maheshwaram,Apartment,1812,3,2,0,6,11,24,Semi-Furnished,0,No,Yes,No,Yes,No,9.17,0.97,8.1,South,12 Hours,17.44757,78.502451,62.81
ECIL,Apartment,1853,4,4,3,3,16,1,Semi-Furnished,1,No,No,Yes,Yes,No,8.93,7.74,3.98,South-West,12 Hours,17.441292,78.527355,82.73
Old Alwal,Apartment,1576,3,4,0,10,16,6,Unfurnished,0,No,No,No,Yes,No,14.78,2.73,4.91,West,12 Hours,17.296243,78.536204,62.89
Bowenpally,Apartment,1293,2,1,0,2,3,5,Fully Furnished,1,Yes,Yes,No,No,No,13.36,7.74,4.68,West,Limited,17.342227,78.514789,64.06
Neredmet,Villa,1280,2,2,0,0,19,21,Semi-Furnished,1,No,No,No,Yes,No,7.4,6.57,2.32,East,24x7,17.476594,78.393385,56.19
Manikonda,Apartment,1791,4,5,0,1,13,6,Fully Furnished,0,Yes,Yes,Yes,No,Yes,8.22,6.9,6.81,West,12 Hours,17.318301,78.529144,132.71
Bowenpally,Apartment,1279,2,3,1,0,1,2,Fully Furnished,0,No,No,Yes,No,Yes,10.79,7.02,5.75,North,12 Hours,17.332077,78.485574,68.13
Neknampur,Villa,1240,2,2,1,0,3,8,Semi-Furnished,1,No,No,No,Yes,No,13.69,4.37,1.71,East,Limited,17.327343,78.415548,85.33
Quthbullapur,Independent House,1632,3,3,3,0,2,16,Fully Furnished,1,Yes,No,Yes,Yes,No,13.83,3.55,3.53,West,12 Hours,17.385124,78.569057,72.48
Nacharam,Apartment,1439,3,2,3,9,9,25,Semi-Furnished,0,No,Yes,No,No,Yes,1.89,7.09,5.02,West,24x7,17.414186,78.433276,58.38
Quthbullapur,Apartment,1947,4,3,0,1,16,20,Semi-Furnished,2,No,No,No,No,Yes,2.12,6.47,5.51,East,12 Hours,17.421686,78.505437,92.47
Isnapur,Apartment,2354,4,4,3,7,10,7,Unfurnished,1,Yes,No,No,Yes,No,11.51,3.98,1.39,South-East,Limited,17.346893,78.476294,80.77
Nallagandla,Builder Floor,1278,3,4,2,1,2,0,Fully Furnished,0,No,Yes,Yes,Yes,No,9.51,4.59,7.12,North-East,Limited,17.481818,78.44515,106.58
Adibatla,Apartment,731,1,1,1,4,16,16,Unfurnished,2,No,No,Yes,No,No,7.83,3.35,2.45,North,12 Hours,17.35591,78.499619,24.9
Nacharam,Apartment,1475,3,2,3,5,6,15,Fully Furnished,2,Yes,Yes,No,Yes,Yes,11.55,1.46,6.84,West,12 Hours,17.468058,78.439837,78.1
Khairatabad,Apartment,1364,3,3,1,1,3,10,Semi-Furnished,1,No,Yes,No,Yes,Yes,8.03,2.95,7.69,South-East,24x7,17.305695,78.518013,105.43
Chandanagar,Apartment,983,2,1,0,2,9,15,Fully Furnished,2,No,Yes,Yes,Yes,No,9.93,2.09,5.16,North-East,24x7,17.31875,78.580365,62.55
Isnapur,Independent House,679,1,1,0,7,15,15,Semi-Furnished,0,No,No,Yes,No,Yes,5.46,7.83,6.79,North,Limited,17.474143,78.522064,23.24
Kompally,Independent House,844,1,1,1,15,18,15,Fully Furnished,2,Yes,No,No,Yes,No,3.56,4.8,4.81,South,Limited,17.322661,78.447447,50.08
Narsingi,Builder Floor,1273,3,3,1,1,3,10,Unfurnished,0,Yes,Yes,Yes,Yes,Yes,0.93,2.83,4.04,East,24x7,17.313774,78.407632,86.39
Malkajgiri,Independent House,1306,3,3,1,5,5,4,Unfurnished,0,Yes,Yes,No,Yes,No,13.35,6.92,5.01,North-East,24x7,17.444116,78.414977,73.58
Puppalaguda,Apartment,2923,5,5,1,5,16,3,Unfurnished,0,No,Yes,Yes,No,Yes,7.98,5.05,8.19,South,12 Hours,17.413686,78.426137,172.83
Mehdipatnam,Apartment,779,1,1,1,17,20,17,Unfurnished,2,Yes,Yes,No,No,No,13.37,6.49,5.67,West,24x7,17.31837,78.571446,37.18
Safilguda,Apartment,1605,3,3,2,5,12,9,Unfurnished,1,No,Yes,Yes,No,Yes,13.81,2.78,9.46,North,24x7,17.355813,78.517864,69.29
Karmanghat,Apartment,1228,3,3,1,10,17,1,Unfurnished,2,No,No,No,Yes,No,7.97,5.97,2.58,West,12 Hours,17.420425,78.523234,53.1
Quthbullapur,Apartment,1440,3,3,0,0,15,12,Semi-Furnished,1,No,Yes,No,Yes,Yes,1.81,4.71,9.88,South-East,Limited,17.33822,78.394501,57.49
Rajendra Nagar,Apartment,1154,2,2,1,1,7,6,Semi-Furnished,2,Yes,Yes,No,No,Yes,14.6,0.36,9.51,South-West,Limited,17.463195,78.500599,55.51
Beeramguda,Apartment,1125,2,2,0,1,1,11,Fully Furnished,0,Yes,No,Yes,Yes,No,3.15,2.38,9.75,North-East,24x7,17.483325,78.419423,41.53
Mallapur,Apartment,925,2,2,1,1,2,10,Unfurnished,2,Yes,No,Yes,No,No,9.55,1.22,0.73,South-West,24x7,17.419859,78.582691,48.86
Adibatla,Apartment,1819,3,2,1,11,11,22,Semi-Furnished,0,Yes,No,No,No,No,6.81,7.63,4.74,West,Limited,17.422336,78.435423,61.33
ECIL,Builder Floor,711,1,1,0,1,12,11,Fully Furnished,2,No,No,No,No,Yes,8.68,1.64,1.61,South-East,Limited,17.306406,78.54284,34.69
Punjagutta,Independent House,1236,3,2,0,4,8,20,Unfurnished,1,Yes,No,Yes,No,No,0.78,0.86,2.92,North-East,12 Hours,17.361567,78.512827,122.16
Kothapet,Apartment,570,1,1,0,1,1,22,Semi-Furnished,1,No,No,No,No,Yes,4.79,7.75,8.19,North-West,24x7,17.372553,78.448774,26.47
Habsiguda,Apartment,2294,4,4,2,6,13,4,Semi-Furnished,1,No,Yes,Yes,Yes,Yes,10.6,4.94,7.52,West,Limited,17.472235,78.57485,109.5
Hafeezpet,Villa,1593,3,3,1,0,12,17,Fully Furnished,0,No,No,Yes,No,Yes,2.08,7.54,4.67,West,12 Hours,17.459949,78.534186,111.81
Raidurg,Apartment,1695,3,4,1,0,4,22,Unfurnished,0,Yes,Yes,No,No,No,1.34,3.09,9.65,West,12 Hours,17.298457,78.440299,138.43
Quthbullapur,Apartment,1037,2,2,1,1,10,21,Fully Furnished,0,Yes,Yes,Yes,Yes,No,9.67,2.39,7.59,North-East,12 Hours,17.411636,78.530911,45.5
Kothaguda,Apartment,1532,3,2,2,8,10,18,Semi-Furnished,0,Yes,No,No,No,No,13.51,2.11,9.72,North,Limited,17.428878,78.392324,107.91
Champapet,Apartment,794,1,1,1,10,13,20,Fully Furnished,1,No,No,No,Yes,No,8.2,2.78,3.1,North,12 Hours,17.410351,78.415919,35.7
Meerpet,Villa,1066,2,2,2,14,19,9,Semi-Furnished,1,No,No,No,No,Yes,10.54,0.93,1.64,South,12 Hours,17.332006,78.517156,48.0
Tolichowki,Apartment,1186,2,2,0,13,15,18,Semi-Furnished,0,No,No,No,No,Yes,0.88,3.19,6.7,South,Limited,17.404209,78.40819,69.03
Bollaram,Apartment,1484,3,4,3,3,16,8,Unfurnished,1,No,No,Yes,Yes,No,14.94,6.07,7.12,North-West,12 Hours,17.466913,78.440626,53.35
Sainikpuri,Apartment,1835,3,3,3,2,11,11,Semi-Furnished,2,Yes,No,No,No,No,5.68,5.94,7.24,South-West,12 Hours,17.48487,78.428986,116.44
Habsiguda,Apartment,989,2,2,0,0,11,18,Semi-Furnished,0,Yes,No,Yes,No,No,2.4,5.11,7.11,North,12 Hours,17.417572,78.57979,45.08
Badangpet,Apartment,2209,4,3,2,5,6,20,Semi-Furnished,1,Yes,Yes,No,No,Yes,11.93,1.74,4.91,North-East,12 Hours,17.385575,78.545722,84.81
Chandanagar,Villa,1492,3,3,2,0,2,15,Fully Furnished,1,Yes,No,No,Yes,No,7.69,6.31,6.97,North-East,24x7,17.480488,78.579571,97.47
Ghatkesar,Apartment,883,2,1,1,6,7,18,Semi-Furnished,0,No,Yes,No,Yes,No,1.02,3.29,1.2,South-East,Limited,17.344885,78.406731,25.46
Nanakramguda,Apartment,877,2,3,2,0,2,16,Unfurnished,0,Yes,No,Yes,Yes,Yes,14.23,4.0,2.7,South-East,Limited,17.448191,78.462363,70.81
Malkajgiri,Apartment,1292,3,4,2,19,20,3,Unfurnished,2,Yes,No,No,No,Yes,4.09,7.93,5.65,South-West,Limited,17.353445,78.582977,65.42
ECIL,Villa,1298,3,2,1,0,1,7,Fully Furnished,2,Yes,No,No,No,No,9.87,2.25,2.56,North-East,24x7,17.368232,78.420008,78.94
Isnapur,Independent House,1291,2,2,0,16,17,9,Semi-Furnished,0,No,No,Yes,No,No,1.28,2.18,8.25,North,12 Hours,17.44917,78.442995,46.87
Osman Nagar,Independent House,3378,5,5,0,2,13,11,Unfurnished,1,No,Yes,Yes,No,No,9.45,1.42,8.69,North-East,Limited,17.296325,78.410776,194.2
Bowenpally,Apartment,1135,2,3,2,7,16,23,Fully Furnished,2,No,Yes,Yes,No,No,2.9,4.05,2.94,South-East,Limited,17.470753,78.486049,63.06
Financial District,Apartment,1296,2,2,2,13,13,19,Semi-Furnished,1,Yes,No,Yes,No,No,3.7,5.43,0.98,East,12 Hours,17.374177,78.528417,110.84
ECIL,Independent House,602,1,1,0,8,20,7,Fully Furnished,0,No,Yes,Yes,No,No,6.85,7.41,3.27,South-East,24x7,17.319793,78.458943,28.95
Punjagutta,Apartment,957,2,1,2,0,3,3,Fully Furnished,1,No,No,No,No,Yes,14.34,1.01,2.58,East,Limited,17.299139,78.459008,66.86
Kokapet,Apartment,1080,2,2,1,1,1,7,Unfurnished,0,Yes,No,Yes,No,Yes,3.92,4.89,8.21,East,24x7,17.484245,78.481607,93.35
Ameenpur,Apartment,889,2,2,0,0,9,0,Semi-Furnished,0,Yes,No,No,No,No,13.93,0.71,9.2,North-West,24x7,17.371413,78.545978,40.22
Bowenpally,Apartment,691,1,2,0,0,3,25,Unfurnished,1,No,Yes,Yes,No,Yes,13.88,5.75,5.94,North-West,Limited,17.462319,78.468889,31.43
Habsiguda,Independent House,1057,2,2,2,7,9,15,Fully Furnished,1,No,Yes,No,No,No,5.95,2.74,3.82,North-East,24x7,17.411004,78.470177,53.5
Ameerpet,Villa,1596,3,3,3,3,4,10,Semi-Furnished,0,Yes,No,No,Yes,Yes,4.85,4.6,7.99,South-East,24x7,17.303712,78.390034,113.84
Champapet,Builder Floor,1887,3,3,2,1,16,17,Unfurnished,1,No,No,No,Yes,No,4.43,2.53,9.07,North-East,Limited,17.332295,78.429001,69.54
Adibatla,Independent House,1705,3,2,0,0,12,2,Semi-Furnished,0,Yes,No,No,Yes,No,7.89,7.06,9.5,South-West,24x7,17.349003,78.487909,69.83
Kollur,Apartment,1881,3,2,2,0,5,14,Semi-Furnished,2,Yes,No,Yes,Yes,No,8.26,7.24,2.59,North-West,Limited,17.476949,78.557016,78.26
Nallagandla,Builder Floor,1866,3,4,3,11,14,3,Fully Furnished,0,No,No,Yes,No,Yes,5.18,0.53,5.2,East,24x7,17.366355,78.539172,163.97
Abids,Builder Floor,1749,3,2,0,15,15,17,Semi-Furnished,0,No,No,No,No,No,1.99,5.11,9.25,South-West,24x7,17.286724,78.390695,116.74
Ghatkesar,Apartment,1363,3,3,1,9,10,3,Semi-Furnished,0,Yes,Yes,Yes,No,Yes,7.06,1.66,3.95,South-West,Limited,17.376079,78.490303,45.87
Pragathi Nagar,Builder Floor,993,2,1,2,3,19,5,Fully Furnished,0,No,No,No,No,No,9.07,6.82,9.9,East,24x7,17.369537,78.530314,54.74
Bollaram,Apartment,916,2,1,2,6,7,3,Fully Furnished,0,Yes,Yes,No,No,Yes,11.99,6.84,8.81,North,Limited,17.431444,78.433304,31.64
Beeramguda,Independent House,965,2,2,1,11,20,19,Unfurnished,1,Yes,No,No,No,Yes,6.82,3.48,9.83,South-East,12 Hours,17.402686,78.428853,37.8
Lakdikapul,Villa,1288,2,1,0,3,12,12,Fully Furnished,1,Yes,Yes,Yes,Yes,Yes,5.23,2.42,0.94,East,12 Hours,17.410606,78.552688,113.58
Kapra,Apartment,1674,3,3,3,4,4,6,Fully Furnished,1,Yes,Yes,Yes,Yes,No,6.15,4.46,5.4,South,Limited,17.33666,78.560102,69.15
Suchitra,Independent House,881,2,2,2,10,11,22,Semi-Furnished,0,No,Yes,No,No,Yes,7.32,5.1,0.55,North-East,12 Hours,17.374617,78.48428,36.51
Financial District,Independent House,1133,2,2,0,7,9,0,Unfurnished,1,Yes,Yes,No,No,No,5.84,7.98,0.54,East,12 Hours,17.410361,78.458449,126.08
Financial District,Villa,1535,3,4,2,7,10,6,Fully Furnished,2,Yes,No,Yes,No,No,0.85,1.53,2.06,North-West,24x7,17.381037,78.483877,166.85
Abids,Apartment,621,1,1,0,5,11,1,Unfurnished,0,No,Yes,No,No,Yes,1.83,3.67,5.35,North-West,24x7,17.468351,78.546864,40.92
Bachupally,Independent House,1121,2,2,0,0,17,11,Fully Furnished,0,No,Yes,Yes,Yes,Yes,7.64,5.17,0.9,North-East,Limited,17.42874,78.503947,64.8
Khairatabad,Apartment,1917,4,4,1,13,16,22,Fully Furnished,0,No,No,No,Yes,No,12.64,1.86,5.89,North,Limited,17.323463,78.479487,117.61
Chandanagar,Apartment,876,2,2,1,6,7,25,Unfurnished,1,Yes,Yes,No,Yes,Yes,7.42,5.0,3.32,West,24x7,17.467968,78.453781,38.63
Punjagutta,Builder Floor,663,1,2,1,9,19,6,Semi-Furnished,1,Yes,No,No,Yes,Yes,10.04,7.24,9.7,North-East,12 Hours,17.391611,78.513009,64.75
Karmanghat,Apartment,1797,3,3,0,6,10,22,Unfurnished,2,Yes,No,No,No,Yes,3.98,5.49,0.94,South,24x7,17.310876,78.461864,71.9
Nallagandla,Independent House,963,2,2,0,12,19,0,Unfurnished,1,Yes,Yes,No,Yes,No,0.58,6.29,2.83,South-East,12 Hours,17.409591,78.476075,83.55
Begumpet,Apartment,1356,3,4,0,3,6,10,Semi-Furnished,2,No,No,Yes,No,Yes,5.68,7.78,5.11,East,Limited,17.329094,78.419613,115.75
Kollur,Apartment,1777,3,4,0,1,3,9,Semi-Furnished,1,Yes,No,No,Yes,No,2.51,0.32,5.32,South-East,24x7,17.470317,78.528784,81.94
Nagole,Builder Floor,1717,3,2,3,18,18,12,Unfurnished,0,No,No,Yes,Yes,No,9.03,2.7,8.72,North-West,24x7,17.388454,78.403543,94.51
Isnapur,Apartment,1223,3,4,0,4,15,5,Fully Furnished,1,Yes,No,No,Yes,Yes,2.29,4.59,5.55,North-East,Limited,17.418281,78.443781,45.88
Adibatla,Villa,1221,2,2,1,14,17,17,Fully Furnished,0,No,Yes,Yes,No,No,13.55,2.75,4.08,South-West,Limited,17.306896,78.579867,54.41
Osman Nagar,Apartment,885,2,1,1,11,14,23,Semi-Furnished,1,Yes,No,No,No,Yes,9.79,4.39,7.39,East,Limited,17.414606,78.435791,40.61
Neredmet,Apartment,2884,5,5,3,1,4,13,Fully Furnished,2,No,Yes,No,Yes,No,11.9,2.76,5.63,West,24x7,17.440364,78.521384,153.59
Neredmet,Independent House,935,2,1,1,6,11,4,Semi-Furnished,1,No,No,Yes,Yes,Yes,7.7,4.49,4.77,East,12 Hours,17.463494,78.402425,47.59
Shamshabad,Apartment,1120,2,2,0,8,15,22,Semi-Furnished,1,Yes,Yes,No,No,No,4.77,7.77,1.82,South-West,Limited,17.334657,78.584303,44.06
Punjagutta,Apartment,1025,2,2,0,5,9,17,Semi-Furnished,1,No,Yes,Yes,Yes,No,2.85,7.87,4.49,North-East,24x7,17.431523,78.523645,83.76
Bollaram,Apartment,2732,5,4,1,5,17,14,Fully Furnished,0,No,Yes,Yes,Yes,Yes,12.6,5.43,6.26,South-East,24x7,17.3328,78.442957,83.38
Nampally,Villa,1106,2,3,0,13,19,13,Unfurnished,0,Yes,No,No,No,No,4.4,4.57,5.82,North-East,24x7,17.331865,78.39063,70.43
Beeramguda,Independent House,1793,3,3,3,3,5,7,Fully Furnished,1,Yes,No,Yes,Yes,Yes,2.66,3.6,8.69,South-East,Limited,17.478122,78.455014,67.14
Balapur,Apartment,1237,3,2,0,2,2,3,Semi-Furnished,1,No,No,No,No,No,14.06,2.21,1.02,South-West,Limited,17.286418,78.52275,46.9
Uppal,Apartment,2444,4,4,1,1,1,5,Fully Furnished,0,No,No,Yes,Yes,No,11.72,1.83,1.54,South-East,12 Hours,17.314322,78.418633,118.26
Meerpet,Apartment,1171,2,3,0,3,4,2,Unfurnished,2,No,Yes,Yes,No,Yes,14.28,3.44,2.17,South-West,12 Hours,17.408258,78.395672,46.96
Bowenpally,Independent House,1887,3,4,2,3,5,21,Fully Furnished,1,Yes,No,Yes,No,No,13.39,5.47,3.0,West,12 Hours,17.346784,78.460445,100.16
Kothaguda,Apartment,1560,3,3,3,5,11,19,Fully Furnished,2,No,No,Yes,Yes,No,10.99,5.48,8.88,North,Limited,17.447187,78.466771,113.44
Suchitra,Independent House,990,2,2,0,2,8,19,Semi-Furnished,1,No,No,No,Yes,Yes,11.75,7.81,6.13,North-East,12 Hours,17.366293,78.541067,43.51
Nagole,Apartment,2210,4,4,0,7,10,14,Unfurnished,1,No,No,No,Yes,Yes,10.09,2.58,5.85,East,12 Hours,17.464506,78.568252,118.41
Tukkuguda,Villa,843,1,2,1,2,10,19,Fully Furnished,0,Yes,Yes,No,No,Yes,2.26,4.17,4.52,North-West,Limited,17.472299,78.551807,38.71
Financial District,Apartment,1201,3,3,2,2,16,11,Fully Furnished,2,No,Yes,No,No,No,5.58,1.2,1.9,South,12 Hours,17.325182,78.547724,103.89
ECIL,Apartment,2408,4,3,0,13,14,20,Unfurnished,0,Yes,No,No,Yes,No,14.03,4.46,7.94,North-East,12 Hours,17.34283,78.577152,103.11
Film Nagar,Apartment,1326,3,3,1,0,3,25,Unfurnished,0,No,No,Yes,Yes,Yes,5.13,2.32,5.21,South,12 Hours,17.314982,78.494216,144.15
Nagole,Apartment,864,2,3,0,11,20,20,Fully Furnished,0,No,Yes,No,Yes,Yes,6.93,1.68,2.93,South,24x7,17.41403,78.390094,39.32
Khairatabad,Apartment,2207,4,3,2,1,16,15,Fully Furnished,2,Yes,No,No,No,No,2.86,7.77,2.31,South-East,24x7,17.293918,78.415312,163.77
Meerpet,Independent House,991,2,2,0,17,19,21,Unfurnished,2,No,No,Yes,Yes,No,12.22,6.02,0.67,South-East,12 Hours,17.398372,78.573153,34.81
Punjagutta,Independent House,1096,2,2,1,15,18,3,Semi-Furnished,2,No,Yes,Yes,Yes,Yes,14.65,3.73,9.44,South,24x7,17.449531,78.389356,118.22
Nizampet,Apartment,1592,3,2,3,3,4,12,Semi-Furnished,2,Yes,Yes,Yes,Yes,Yes,11.9,1.62,5.52,North-East,Limited,17.376913,78.486494,93.3
Meerpet,Villa,1886,3,4,0,1,1,3,Fully Furnished,0,No,Yes,Yes,No,Yes,1.89,5.69,3.64,South,12 Hours,17.421887,78.487344,96.1
Bachupally,Independent House,1144,2,2,2,9,16,21,Semi-Furnished,0,Yes,No,No,No,Yes,1.79,6.05,3.81,North-East,24x7,17.382058,78.416576,53.23
Ameenpur,Apartment,948,2,1,1,4,10,20,Fully Furnished,1,Yes,No,No,No,No,3.05,2.32,2.42,North-East,24x7,17.319477,78.561179,33.19
Kollur,Apartment,1563,3,4,1,8,14,10,Unfurnished,2,No,Yes,No,Yes,Yes,5.57,5.28,1.63,East,24x7,17.316441,78.579168,82.19
Beeramguda,Apartment,859,2,3,1,3,19,8,Semi-Furnished,2,No,No,No,Yes,No,12.19,5.91,7.02,East,24x7,17.29958,78.512067,36.26
Financial District,Apartment,850,2,1,0,3,6,20,Semi-Furnished,1,No,No,No,No,No,6.58,5.25,7.81,South-East,12 Hours,17.445739,78.550264,78.42
Miyapur,Apartment,1691,3,3,0,1,2,0,Semi-Furnished,2,No,Yes,Yes,Yes,Yes,1.29,6.33,8.97,South-East,Limited,17.385374,78.477691,114.73
Ghatkesar,Apartment,900,2,3,1,7,8,7,Unfurnished,1,Yes,No,Yes,Yes,No,10.79,0.84,8.96,South-East,24x7,17.311494,78.496083,41.18
Pragathi Nagar,Builder Floor,1586,3,2,2,1,2,3,Unfurnished,1,No,Yes,No,Yes,Yes,6.79,7.0,1.05,East,12 Hours,17.302895,78.470297,79.94
Neknampur,Apartment,1897,3,4,3,13,20,21,Unfurnished,0,No,No,No,Yes,No,10.26,4.53,3.08,South-East,24x7,17.456231,78.406548,105.08
Nallagandla,Villa,1218,3,4,2,14,16,18,Fully Furnished,2,Yes,No,Yes,No,No,9.51,7.89,7.54,South-East,24x7,17.337539,78.561653,96.67
Sainikpuri,Apartment,1939,4,3,0,14,19,2,Semi-Furnished,1,No,No,No,Yes,Yes,12.28,1.8,7.73,South,12 Hours,17.428999,78.406933,134.79
Nallagandla,Apartment,717,1,2,1,2,17,8,Unfurnished,2,Yes,Yes,No,No,No,14.1,5.25,8.41,West,Limited,17.356213,78.544483,52.22
Safilguda,Apartment,1140,2,2,2,5,6,25,Unfurnished,2,Yes,No,No,Yes,No,14.76,0.96,2.62,West,12 Hours,17.41284,78.433837,41.67
Dilsukhnagar,Apartment,1263,2,1,0,7,9,19,Unfurnished,1,No,No,No,No,Yes,11.66,5.55,5.69,North-West,24x7,17.459736,78.41206,71.93
Kompally,Apartment,1136,2,1,2,1,3,13,Fully Furnished,2,Yes,Yes,No,Yes,No,12.49,4.32,8.98,North-East,12 Hours,17.403715,78.412122,69.73
Nacharam,Apartment,1298,3,2,3,4,15,19,Semi-Furnished,0,Yes,No,No,Yes,Yes,5.46,4.3,9.8,North,12 Hours,17.317172,78.52677,64.32
Jubilee Hills,Apartment,1214,2,2,2,5,16,9,Unfurnished,0,Yes,Yes,Yes,Yes,No,1.44,6.36,8.72,West,12 Hours,17.306159,78.487928,151.16
Champapet,Apartment,1008,2,2,2,13,15,8,Fully Furnished,0,No,No,Yes,Yes,No,1.59,4.71,1.29,North,12 Hours,17.472233,78.489404,51.24
ECIL,Independent House,3107,5,5,3,2,2,10,Fully Furnished,1,Yes,No,Yes,Yes,No,11.25,2.33,7.09,North-East,Limited,17.392138,78.465538,186.13
Manikonda,Apartment,611,1,1,1,12,16,19,Semi-Furnished,0,No,Yes,Yes,No,No,12.19,2.21,9.1,South,12 Hours,17.383597,78.481081,32.02
LB Nagar,Apartment,1086,2,2,0,2,11,21,Fully Furnished,0,Yes,No,Yes,No,Yes,1.89,1.87,3.82,South-West,Limited,17.454357,78.553088,47.57
Mallapur,Apartment,1428,3,3,0,1,1,22,Semi-Furnished,2,No,No,Yes,No,Yes,9.39,2.55,5.02,North,Limited,17.35166,78.485086,55.38
Madinaguda,Independent House,1384,3,3,3,1,1,24,Unfurnished,2,No,No,Yes,No,Yes,8.09,3.13,5.62,North,12 Hours,17.332667,78.545491,77.84
Pragathi Nagar,Apartment,3142,5,5,0,0,3,11,Unfurnished,0,No,Yes,Yes,No,Yes,12.53,7.03,9.4,South-West,12 Hours,17.351809,78.408064,181.35
Tolichowki,Apartment,1891,3,4,1,2,16,7,Semi-Furnished,2,No,Yes,Yes,No,Yes,7.84,4.46,6.04,West,24x7,17.474856,78.44772,121.62
Beeramguda,Builder Floor,2099,4,4,3,3,12,24,Fully Furnished,1,No,No,No,No,Yes,2.8,2.82,4.14,North,24x7,17.377135,78.448118,69.6
Saroornagar,Independent House,1462,3,3,1,18,19,21,Fully Furnished,1,Yes,Yes,Yes,No,Yes,8.61,7.09,4.07,South-East,Limited,17.349629,78.495522,65.72
Beeramguda,Apartment,888,2,1,1,6,17,16,Fully Furnished,0,Yes,Yes,No,Yes,No,0.71,5.64,5.11,North-West,Limited,17.356312,78.476161,30.35
Puppalaguda,Apartment,947,2,1,1,9,13,10,Fully Furnished,2,No,Yes,No,Yes,No,9.4,0.86,2.54,North,Limited,17.36047,78.438345,70.85
Saroornagar,Apartment,1201,3,4,0,2,17,2,Unfurnished,1,Yes,No,Yes,Yes,No,0.87,6.31,4.43,East,Limited,17.376553,78.538604,67.55
Champapet,Apartment,1478,3,3,3,0,5,6,Unfurnished,1,No,No,No,Yes,Yes,11.75,0.86,6.08,East,12 Hours,17.426859,78.39093,71.67
Dilsukhnagar,Apartment,790,1,2,1,8,13,22,Semi-Furnished,0,Yes,Yes,Yes,Yes,No,4.55,1.58,1.37,South,24x7,17.440173,78.454447,37.99
Kothaguda,Apartment,1651,3,3,3,0,1,1,Unfurnished,2,Yes,Yes,Yes,Yes,No,8.15,3.75,7.64,North-East,24x7,17.325996,78.535099,153.05
Osman Nagar,Villa,1764,3,2,0,10,18,19,Unfurnished,0,No,Yes,Yes,No,Yes,6.03,1.3,4.81,South-East,24x7,17.455509,78.426339,100.42
Meerpet,Apartment,899,2,1,0,3,3,19,Fully Furnished,0,No,Yes,Yes,No,Yes,2.76,4.48,0.67,South,Limited,17.355506,78.531237,33.47
Madhapur,Apartment,1773,3,2,2,0,1,24,Semi-Furnished,1,No,Yes,Yes,No,Yes,14.07,4.11,9.0,North,24x7,17.466182,78.412027,142.13
Old Alwal,Apartment,1764,3,2,3,5,7,7,Unfurnished,0,No,Yes,Yes,No,Yes,6.61,2.81,1.15,North-East,Limited,17.383606,78.403088,76.55
Tolichowki,Apartment,1299,2,2,2,2,3,3,Unfurnished,0,Yes,Yes,No,No,Yes,1.3,6.96,6.07,North,12 Hours,17.473753,78.581998,84.29
Ameerpet,Apartment,1140,2,3,1,3,11,7,Fully Furnished,0,Yes,No,Yes,No,No,4.53,2.0,1.46,North-West,Limited,17.469657,78.495665,64.41
Jubilee Hills,Independent House,1050,2,2,2,7,13,11,Unfurnished,0,No,No,Yes,Yes,No,6.17,0.34,8.39,East,24x7,17.42548,78.51848,113.43
Sainikpuri,Apartment,2938,5,5,3,10,10,5,Unfurnished,0,Yes,Yes,Yes,Yes,Yes,0.53,3.19,3.81,East,12 Hours,17.338009,78.521112,221.17
Bandlaguda Jagir,Villa,1233,3,4,2,4,4,5,Semi-Furnished,1,No,No,Yes,No,No,1.87,3.31,2.02,North,Limited,17.307729,78.387484,57.2
Dilsukhnagar,Builder Floor,3437,5,5,2,8,14,23,Fully Furnished,2,No,Yes,Yes,Yes,Yes,4.23,7.77,5.78,South-West,24x7,17.445455,78.544045,212.75
Suchitra,Independent House,995,2,3,1,1,10,8,Semi-Furnished,0,No,Yes,No,No,No,3.66,6.95,3.95,North-West,12 Hours,17.345013,78.416953,50.48
Champapet,Apartment,1218,3,4,2,7,10,6,Semi-Furnished,1,No,Yes,No,Yes,No,3.45,5.14,0.86,East,Limited,17.360194,78.537962,46.64
Kothaguda,Apartment,1319,3,3,3,7,10,1,Unfurnished,0,No,Yes,No,No,Yes,7.63,6.34,0.62,North,12 Hours,17.300497,78.390306,96.34
Khairatabad,Villa,1187,2,1,0,1,9,14,Semi-Furnished,0,Yes,Yes,No,No,Yes,7.63,2.35,0.8,South-East,24x7,17.3671,78.573339,87.44
Shamshabad,Apartment,1767,3,3,0,6,15,19,Unfurnished,0,No,Yes,Yes,Yes,No,9.95,7.81,4.62,West,24x7,17.445365,78.479975,59.61
Tolichowki,Apartment,1691,3,4,2,11,15,12,Unfurnished,1,Yes,No,No,Yes,Yes,9.91,7.99,9.46,South,Limited,17.30668,78.561887,80.19
Meerpet,Apartment,2294,4,4,3,0,4,4,Fully Furnished,1,No,Yes,No,Yes,Yes,5.17,2.87,0.61,North,Limited,17.318624,78.489152,95.0
Habsiguda,Independent House,1240,2,1,2,1,17,24,Semi-Furnished,0,Yes,Yes,No,Yes,Yes,14.58,4.07,8.95,South,24x7,17.410018,78.575937,64.97
Champapet,Apartment,1070,2,3,1,9,13,4,Fully Furnished,2,Yes,Yes,Yes,No,Yes,12.75,7.08,6.0,East,Limited,17.393043,78.396765,56.63
Ghatkesar,Builder Floor,1556,3,3,0,9,14,3,Semi-Furnished,0,No,No,No,Yes,No,4.06,6.24,9.29,North-West,Limited,17.322469,78.393194,54.14
Habsiguda,Apartment,1086,2,2,2,2,13,23,Semi-Furnished,0,Yes,No,Yes,Yes,No,14.24,4.07,0.91,West,Limited,17.429666,78.413911,54.44
Gachibowli,Apartment,1899,3,2,2,1,3,9,Unfurnished,0,No,No,Yes,Yes,No,6.08,5.65,1.32,South-East,24x7,17.315957,78.446935,172.44
Tukkuguda,Apartment,853,2,2,2,2,9,7,Semi-Furnished,2,Yes,No,No,Yes,No,4.12,0.65,2.57,West,Limited,17.359461,78.437633,26.58
Miyapur,Apartment,1195,2,3,2,3,4,23,Fully Furnished,0,No,Yes,Yes,Yes,No,7.19,7.42,2.12,South-West,24x7,17.366482,78.584014,57.77
Hayathnagar,Villa,1552,3,3,0,5,9,11,Semi-Furnished,1,No,Yes,Yes,Yes,No,7.92,2.82,2.17,South-East,24x7,17.313436,78.397265,72.19
Maheshwaram,Apartment,2235,4,4,1,6,18,1,Unfurnished,1,No,No,Yes,No,No,13.58,0.38,5.53,East,Limited,17.295902,78.553988,65.08
Kokapet,Apartment,616,1,1,1,12,13,22,Unfurnished,2,Yes,No,Yes,No,Yes,4.3,3.21,9.31,South-West,24x7,17.390402,78.499019,49.73
Kondapur,Apartment,1728,3,2,1,4,15,24,Unfurnished,2,Yes,Yes,No,No,Yes,9.92,0.33,9.03,South,12 Hours,17.324538,78.450463,117.26
Beeramguda,Apartment,1461,3,3,3,6,7,17,Unfurnished,0,Yes,No,Yes,Yes,No,12.24,6.31,1.48,West,12 Hours,17.327024,78.409966,43.61
Bachupally,Apartment,1107,2,2,0,0,6,6,Semi-Furnished,1,Yes,No,Yes,Yes,Yes,7.8,0.86,7.4,South-West,12 Hours,17.289396,78.547239,66.0
Dilsukhnagar,Apartment,3166,5,5,3,8,9,16,Unfurnished,0,No,Yes,Yes,Yes,No,7.47,0.87,5.55,South,12 Hours,17.344443,78.413825,170.47
Maheshwaram,Apartment,1849,3,3,0,4,18,25,Unfurnished,1,Yes,No,No,No,Yes,9.11,2.19,7.85,North,24x7,17.424486,78.515261,52.34
Gachibowli,Apartment,1111,2,3,0,2,3,13,Fully Furnished,0,Yes,Yes,No,No,Yes,1.44,4.74,4.16,East,24x7,17.472496,78.525085,112.41
Nallagandla,Villa,700,1,2,0,0,6,17,Unfurnished,1,Yes,No,No,No,No,6.34,1.95,4.76,South-East,Limited,17.333689,78.555139,49.38
Peerzadiguda,Independent House,1081,2,3,1,1,1,24,Unfurnished,2,No,Yes,Yes,No,Yes,6.69,6.25,3.27,South-East,Limited,17.299504,78.527356,39.49
Sainikpuri,Apartment,2114,4,4,1,11,16,13,Unfurnished,2,No,No,Yes,No,No,7.07,5.8,8.95,North-West,Limited,17.469008,78.516751,121.88
Shamshabad,Builder Floor,1623,3,2,1,9,15,9,Fully Furnished,2,Yes,Yes,No,Yes,No,2.39,2.36,0.54,North-West,12 Hours,17.474571,78.438411,70.1
Maheshwaram,Apartment,3258,5,5,2,17,19,17,Unfurnished,1,Yes,Yes,Yes,No,No,3.52,1.55,3.27,South,Limited,17.365452,78.396945,85.03
Begumpet,Apartment,930,2,3,2,0,18,16,Fully Furnished,1,No,No,Yes,Yes,No,11.76,1.08,8.34,South-West,24x7,17.309664,78.466894,68.4
LB Nagar,Apartment,890,2,2,0,9,20,1,Unfurnished,2,No,No,No,Yes,No,13.58,0.81,9.43,North-West,12 Hours,17.439568,78.547334,42.33
Masab Tank,Apartment,1417,3,3,0,1,1,21,Fully Furnished,0,No,No,Yes,No,No,7.44,4.33,6.44,North-East,24x7,17.35831,78.461371,80.38
Badangpet,Apartment,770,1,2,0,14,14,25,Fully Furnished,0,No,Yes,Yes,No,No,6.39,6.49,2.06,North-East,Limited,17.444691,78.528146,26.7
Tolichowki,Apartment,1722,3,2,2,3,7,24,Fully Furnished,1,No,No,No,No,No,4.31,6.35,4.15,South,12 Hours,17.358344,78.407861,86.8
Tarnaka,Apartment,1118,2,2,2,9,10,22,Fully Furnished,1,No,No,Yes,Yes,No,11.49,4.28,0.84,West,12 Hours,17.309274,78.583887,54.16
Film Nagar,Apartment,1006,2,3,1,1,11,4,Fully Furnished,1,Yes,Yes,No,Yes,Yes,2.79,6.02,6.27,East,Limited,17.363048,78.502413,118.94
Quthbullapur,Apartment,2402,4,4,0,4,7,22,Semi-Furnished,1,No,Yes,Yes,No,Yes,5.47,3.28,8.59,South-West,24x7,17.39582,78.4216,104.48
Nanakramguda,Apartment,2056,4,5,1,2,15,20,Fully Furnished,1,Yes,Yes,No,Yes,Yes,6.28,3.81,9.57,South-West,Limited,17.453629,78.515543,165.44
Balapur,Independent House,1335,3,3,3,6,16,14,Unfurnished,2,No,No,No,No,No,8.95,1.21,1.76,North-East,12 Hours,17.458364,78.565495,47.61
Bollaram,Villa,1839,3,3,2,2,7,12,Fully Furnished,1,No,No,Yes,Yes,No,6.11,2.38,5.69,South-East,Limited,17.30397,78.495525,65.41
Balapur,Apartment,795,1,2,0,2,19,9,Unfurnished,2,Yes,No,Yes,No,Yes,10.46,6.38,2.97,North-East,24x7,17.436385,78.508043,32.0
Financial District,Apartment,1025,2,2,1,13,18,2,Unfurnished,2,No,No,No,Yes,No,4.52,0.72,3.52,West,Limited,17.444484,78.530722,93.34
Shamshabad,Builder Floor,853,2,2,1,5,18,17,Unfurnished,0,No,No,Yes,Yes,No,8.26,4.0,0.5,South-West,12 Hours,17.377762,78.421495,29.24
Puppalaguda,Apartment,1420,3,3,2,7,13,19,Semi-Furnished,2,No,No,Yes,Yes,No,11.78,0.82,4.33,South-East,12 Hours,17.288616,78.466766,78.93
Vanasthalipuram,Apartment,2514,4,4,3,1,7,7,Unfurnished,0,Yes,No,Yes,No,No,4.9,5.0,4.32,North-West,12 Hours,17.408917,78.519398,119.55
Ghatkesar,Apartment,1051,2,2,1,4,8,18,Fully Furnished,1,No,Yes,Yes,Yes,No,6.01,0.67,5.64,East,24x7,17.328093,78.410796,43.68
Vanasthalipuram,Apartment,1109,2,2,2,0,1,25,Fully Furnished,2,Yes,Yes,No,Yes,No,5.16,2.52,3.87,South-East,Limited,17.316323,78.581652,54.95
Bandlaguda Jagir,Apartment,636,1,1,0,2,3,4,Semi-Furnished,0,No,Yes,No,No,No,7.95,2.36,8.11,South-West,12 Hours,17.385175,78.582984,26.98
Tarnaka,Apartment,1079,2,2,0,3,8,10,Semi-Furnished,2,No,Yes,Yes,Yes,No,4.22,2.77,4.24,South-East,24x7,17.345613,78.514345,55.24
Bollaram,Villa,1572,3,2,3,1,10,0,Unfurnished,0,No,Yes,No,Yes,Yes,9.76,3.14,1.84,North-East,Limited,17.470675,78.399825,61.56
Mehdipatnam,Villa,1069,2,1,0,0,2,24,Fully Furnished,1,No,No,Yes,No,No,4.89,0.7,8.79,North,Limited,17.403173,78.517246,72.12
Kismatpur,Villa,1541,3,3,2,2,9,10,Fully Furnished,2,No,Yes,No,Yes,No,10.56,4.24,8.44,South,Limited,17.357913,78.555436,72.92
Nagole,Independent House,1241,2,2,0,8,15,19,Unfurnished,2,No,Yes,No,Yes,No,1.25,2.96,9.37,North-East,12 Hours,17.450374,78.499231,63.95
Tellapur,Apartment,770,1,1,0,11,20,24,Fully Furnished,1,Yes,No,Yes,No,Yes,11.96,2.09,3.5,North-East,12 Hours,17.427721,78.428202,38.6
Suchitra,Independent House,1276,2,2,2,1,1,8,Fully Furnished,0,Yes,Yes,Yes,Yes,No,14.04,0.67,4.99,South-West,24x7,17.458545,78.473123,78.39
Himayat Nagar,Apartment,569,1,1,1,2,7,23,Fully Furnished,0,No,Yes,Yes,No,No,11.65,3.13,3.79,South-East,24x7,17.375443,78.415257,44.31
Begumpet,Apartment,1026,2,3,2,3,8,19,Unfurnished,2,No,Yes,Yes,Yes,No,1.65,4.45,5.33,South-West,Limited,17.47534,78.450644,84.0
Madinaguda,Builder Floor,839,1,1,1,5,6,16,Unfurnished,2,No,Yes,Yes,Yes,No,12.3,5.16,6.09,North-East,12 Hours,17.46125,78.456737,52.3
Film Nagar,Independent House,1064,2,2,2,10,11,23,Semi-Furnished,2,No,Yes,Yes,Yes,No,1.94,4.41,6.57,South-West,12 Hours,17.429912,78.449002,131.74
Khairatabad,Independent House,1232,3,3,0,10,16,21,Unfurnished,0,No,No,Yes,No,No,3.52,0.46,4.29,North-East,Limited,17.373531,78.483753,73.73
Peerzadiguda,Apartment,926,2,2,2,4,9,0,Fully Furnished,1,Yes,Yes,No,Yes,Yes,2.25,1.69,7.69,South-East,12 Hours,17.361473,78.475325,48.83
Shamshabad,Builder Floor,752,1,1,0,1,14,20,Semi-Furnished,1,No,No,No,Yes,Yes,7.59,4.71,3.79,South-West,12 Hours,17.358468,78.491889,34.97
Masab Tank,Builder Floor,1756,3,3,0,0,7,20,Unfurnished,0,No,Yes,Yes,Yes,Yes,5.29,7.92,9.38,East,12 Hours,17.357354,78.491551,100.59
Kokapet,Villa,1474,3,3,0,12,18,0,Semi-Furnished,0,Yes,Yes,No,No,Yes,3.58,6.86,3.36,North-East,12 Hours,17.338888,78.442205,149.12
Madhapur,Apartment,1070,2,3,2,7,8,14,Fully Furnished,2,Yes,Yes,No,Yes,Yes,1.07,3.84,8.16,East,Limited,17.429707,78.502137,109.94
Adibatla,Independent House,1871,3,2,3,2,2,11,Semi-Furnished,1,No,No,No,No,No,11.47,3.76,0.7,South,Limited,17.29086,78.510321,79.08
Uppal,Apartment,1848,3,3,3,2,20,0,Fully Furnished,2,Yes,No,No,No,No,2.85,6.24,5.61,North-East,12 Hours,17.39415,78.458585,113.11
Miyapur,Villa,828,1,1,0,1,15,0,Unfurnished,0,No,No,No,No,No,6.98,1.86,7.23,South-East,12 Hours,17.323668,78.576849,45.99
Bachupally,Apartment,1091,2,2,2,0,7,6,Semi-Furnished,2,Yes,Yes,No,Yes,No,14.37,5.58,8.72,East,Limited,17.378337,78.397242,55.63
Maheshwaram,Apartment,2227,4,5,0,1,4,24,Semi-Furnished,2,Yes,No,No,Yes,Yes,6.27,2.75,8.37,South-West,12 Hours,17.428436,78.494319,80.82
Manikonda,Apartment,1057,2,1,0,16,19,3,Fully Furnished,1,No,No,Yes,No,Yes,1.74,1.47,4.47,South,Limited,17.333625,78.53565,58.44
Jubilee Hills,Independent House,2246,4,5,3,6,9,23,Semi-Furnished,0,No,No,Yes,No,No,6.7,4.68,2.32,South-West,12 Hours,17.322987,78.478842,285.36
Himayat Nagar,Apartment,1044,2,3,2,7,16,21,Fully Furnished,1,Yes,No,No,Yes,Yes,11.01,7.8,6.68,South-West,Limited,17.334493,78.515748,65.5
Narsingi,Apartment,730,1,1,1,2,3,20,Unfurnished,2,No,Yes,Yes,Yes,Yes,9.93,4.06,5.17,North-West,Limited,17.449903,78.470242,40.97
Raidurg,Apartment,2323,4,4,1,8,8,24,Semi-Furnished,0,No,Yes,Yes,No,Yes,8.44,6.18,1.33,South-East,12 Hours,17.339733,78.582701,160.67
Ameenpur,Apartment,2247,4,3,2,1,3,8,Unfurnished,1,Yes,No,Yes,No,No,8.15,5.63,9.36,South-West,12 Hours,17.426947,78.388172,86.67
Tukkuguda,Apartment,1209,2,2,0,7,14,12,Unfurnished,0,No,No,Yes,Yes,No,4.65,2.62,6.23,South,24x7,17.292506,78.500546,41.04
Vanasthalipuram,Independent House,1224,3,3,2,3,4,21,Unfurnished,2,Yes,No,No,No,Yes,5.98,3.67,9.1,South,24x7,17.478684,78.494811,57.85
Himayat Nagar,Apartment,1773,3,4,3,3,13,8,Unfurnished,1,Yes,No,No,No,No,6.67,5.81,8.57,North,12 Hours,17.474003,78.521422,129.75
Shamshabad,Apartment,1240,2,1,1,5,19,2,Semi-Furnished,1,Yes,No,Yes,Yes,No,10.47,1.41,5.76,North-West,12 Hours,17.378145,78.434749,53.74
Nagole,Independent House,1207,3,2,2,8,15,21,Semi-Furnished,2,Yes,No,No,No,No,8.25,4.29,1.59,South,24x7,17.376093,78.503129,56.06
Nagole,Apartment,1440,3,3,2,9,20,17,Unfurnished,2,Yes,No,No,Yes,No,12.48,6.49,5.64,West,12 Hours,17.317854,78.487444,71.51
Ameenpur,Villa,1516,3,2,3,11,14,11,Semi-Furnished,1,Yes,No,Yes,Yes,Yes,0.97,1.07,6.9,South-West,24x7,17.417802,78.454374,75.81
Ameenpur,Villa,1790,3,3,2,8,17,9,Fully Furnished,2,Yes,Yes,Yes,No,No,1.57,7.13,9.81,West,12 Hours,17.467442,78.42857,111.91
LB Nagar,Apartment,1204,3,2,3,4,10,15,Fully Furnished,1,Yes,Yes,Yes,Yes,Yes,2.92,5.19,8.69,North-East,24x7,17.433262,78.552222,60.48
Adibatla,Apartment,1233,3,3,1,13,15,8,Semi-Furnished,0,No,No,No,Yes,Yes,13.97,2.13,8.85,North-West,12 Hours,17.462967,78.506807,49.01
Habsiguda,Builder Floor,1573,3,2,0,17,17,16,Unfurnished,0,Yes,Yes,Yes,No,Yes,7.11,1.48,9.73,South-West,Limited,17.290568,78.436031,68.72
Beeramguda,Apartment,1895,4,3,3,0,3,17,Unfurnished,1,Yes,Yes,Yes,No,No,14.2,3.32,1.57,North-East,24x7,17.410701,78.49815,78.62
Kokapet,Builder Floor,551,1,1,1,4,5,21,Unfurnished,2,No,Yes,No,Yes,No,8.3,6.86,3.41,North,Limited,17.340953,78.499691,45.48
Champapet,Independent House,1753,3,4,2,10,20,11,Fully Furnished,0,Yes,Yes,Yes,Yes,No,5.77,4.34,3.81,North,Limited,17.367733,78.536732,89.72
Kompally,Apartment,1114,2,1,1,0,3,11,Semi-Furnished,2,No,No,Yes,Yes,Yes,9.01,0.96,7.34,East,Limited,17.483129,78.442278,57.79
Begumpet,Apartment,1842,3,3,0,3,6,19,Fully Furnished,2,Yes,No,No,No,Yes,12.24,4.63,6.35,West,12 Hours,17.350906,78.474821,121.78
Kothaguda,Apartment,1508,3,4,2,8,19,1,Unfurnished,2,Yes,No,Yes,No,No,11.16,6.77,9.81,South-West,Limited,17.421842,78.563188,118.31
Film Nagar,Apartment,1564,3,4,0,3,3,9,Unfurnished,2,No,No,No,Yes,Yes,5.29,7.96,9.09,North-West,Limited,17.459672,78.398652,138.39
LB Nagar,Independent House,1634,3,2,0,2,4,22,Fully Furnished,2,Yes,Yes,Yes,No,Yes,4.46,1.74,6.4,North-East,12 Hours,17.350815,78.449618,76.88
Madhapur,Apartment,1818,4,3,3,4,15,9,Fully Furnished,1,No,Yes,No,No,No,13.51,6.75,5.56,South-West,12 Hours,17.473138,78.396256,147.9
Bowenpally,Builder Floor,1541,3,4,1,0,18,19,Unfurnished,2,Yes,Yes,No,Yes,No,9.79,2.67,7.82,West,Limited,17.456314,78.465911,65.12
ECIL,Apartment,949,2,1,1,15,19,11,Semi-Furnished,0,Yes,No,Yes,No,No,5.49,3.76,7.41,North-West,24x7,17.369959,78.463811,39.01
Dilsukhnagar,Apartment,2597,4,4,0,12,14,12,Semi-Furnished,2,No,Yes,No,No,No,2.12,0.65,1.01,North-West,12 Hours,17.437387,78.487723,148.2
Uppal,Apartment,1444,3,3,3,16,20,11,Unfurnished,2,No,No,No,No,Yes,4.66,1.21,7.14,North-West,24x7,17.378056,78.398348,82.74
Bollaram,Apartment,870,2,3,2,10,11,3,Unfurnished,2,Yes,No,Yes,Yes,No,12.9,3.1,6.36,North-West,Limited,17.372214,78.418081,32.21
Kothaguda,Apartment,2381,4,4,1,2,5,2,Fully Furnished,2,No,No,Yes,Yes,Yes,12.98,5.8,4.09,South-West,12 Hours,17.43837,78.440357,187.99
Tolichowki,Independent House,1202,3,3,1,3,15,8,Unfurnished,2,No,No,No,No,Yes,14.55,2.65,5.06,South,Limited,17.42929,78.574956,57.96
Tarnaka,Apartment,1739,3,4,3,4,13,23,Semi-Furnished,2,Yes,No,Yes,Yes,No,9.7,1.55,1.14,South-West,Limited,17.388038,78.541631,84.43
Maheshwaram,Villa,883,2,2,1,1,1,10,Fully Furnished,1,No,Yes,Yes,No,No,9.51,4.44,9.7,South-West,12 Hours,17.395541,78.409648,29.67
Somajiguda,Apartment,1855,3,3,3,2,17,7,Unfurnished,1,Yes,No,Yes,Yes,Yes,5.55,7.37,1.54,South,Limited,17.390907,78.440472,151.79
Somajiguda,Independent House,1265,2,2,2,1,17,23,Unfurnished,1,No,No,No,Yes,Yes,11.6,7.95,8.2,South-West,12 Hours,17.429568,78.393197,109.52
Khairatabad,Villa,914,2,3,0,3,5,22,Unfurnished,0,Yes,Yes,No,No,Yes,2.38,6.03,0.92,South-East,24x7,17.392839,78.580463,62.54
Ghatkesar,Apartment,956,2,2,1,0,14,5,Fully Furnished,2,No,Yes,Yes,No,No,4.53,5.77,6.56,South-West,24x7,17.29772,78.497038,39.14
Khairatabad,Apartment,1290,3,3,1,1,12,15,Unfurnished,2,Yes,No,No,Yes,No,11.09,6.42,3.46,North-West,24x7,17.48437,78.472769,81.27
Financial District,Villa,1219,2,2,1,10,10,15,Unfurnished,0,No,Yes,No,No,Yes,1.16,3.42,1.23,West,24x7,17.466331,78.424948,136.89
Banjara Hills,Apartment,1818,3,3,3,10,12,5,Unfurnished,1,Yes,No,Yes,No,No,8.65,7.25,9.93,South,24x7,17.366143,78.394916,209.6
Masab Tank,Apartment,1039,2,1,2,4,5,8,Unfurnished,2,No,No,No,Yes,Yes,13.18,5.82,5.14,South,24x7,17.338046,78.523918,77.72
Banjara Hills,Apartment,1328,3,4,3,1,1,0,Semi-Furnished,1,No,No,Yes,Yes,No,12.21,0.42,4.42,South-East,12 Hours,17.338609,78.548993,190.02
Kothapet,Independent House,1239,3,4,2,12,18,18,Semi-Furnished,2,Yes,Yes,Yes,Yes,No,3.13,2.24,0.67,South-East,24x7,17.392624,78.40081,72.75
Badangpet,Villa,1777,3,4,0,6,8,24,Unfurnished,1,Yes,Yes,No,Yes,Yes,14.65,1.49,4.28,North,24x7,17.43827,78.51829,67.48
Kothaguda,Apartment,1323,3,3,0,5,5,9,Semi-Furnished,1,Yes,Yes,No,Yes,Yes,4.67,0.47,2.7,North,Limited,17.414504,78.580489,105.66
Jubilee Hills,Apartment,1119,2,2,2,2,6,21,Unfurnished,1,Yes,No,Yes,Yes,No,3.84,1.55,3.57,South-East,24x7,17.469932,78.490126,108.39
Ghatkesar,Apartment,1227,2,2,1,12,16,9,Unfurnished,2,No,No,No,Yes,No,1.5,2.42,5.74,East,Limited,17.390636,78.412075,44.14
Bandlaguda Jagir,Apartment,1943,4,5,0,3,5,6,Unfurnished,2,No,No,No,Yes,No,1.5,6.04,9.18,South,12 Hours,17.381499,78.511215,81.64
Kollur,Apartment,1758,3,4,3,6,15,17,Fully Furnished,2,Yes,No,Yes,Yes,Yes,4.55,1.58,2.02,North,24x7,17.323968,78.484966,79.22
Kompally,Apartment,1401,3,3,1,1,6,10,Fully Furnished,0,No,Yes,No,Yes,No,13.83,6.6,0.9,West,12 Hours,17.361722,78.471574,73.0
Raidurg,Apartment,1889,4,4,2,6,12,14,Fully Furnished,0,Yes,Yes,No,Yes,No,6.52,1.5,9.67,South,24x7,17.405759,78.446485,159.98
Nagole,Apartment,2579,4,4,1,7,7,16,Fully Furnished,2,No,Yes,Yes,No,Yes,11.56,4.76,7.57,North-West,Limited,17.32854,78.579904,126.63
Masab Tank,Apartment,1389,3,3,3,1,5,5,Fully Furnished,2,Yes,Yes,Yes,No,Yes,8.61,7.03,1.17,South-East,Limited,17.359367,78.391868,95.41
LB Nagar,Apartment,1088,2,2,0,3,20,8,Fully Furnished,0,No,No,No,Yes,No,8.78,5.42,1.82,East,Limited,17.441094,78.426935,50.83
Khairatabad,Apartment,1850,3,3,0,0,4,24,Semi-Furnished,1,No,Yes,No,Yes,Yes,6.63,3.44,4.5,East,Limited,17.379891,78.388694,122.29
ECIL,Independent House,1509,3,4,0,3,8,13,Semi-Furnished,0,No,No,Yes,Yes,Yes,6.74,2.38,7.4,South,24x7,17.446525,78.540995,63.94
Maheshwaram,Apartment,1294,2,1,2,7,7,2,Semi-Furnished,0,No,Yes,Yes,Yes,Yes,5.36,6.79,4.41,South,Limited,17.455903,78.523335,40.66
Adibatla,Apartment,1779,4,4,1,2,12,23,Semi-Furnished,1,No,No,No,No,Yes,6.81,5.31,6.85,North-East,12 Hours,17.44157,78.555802,58.25
LB Nagar,Apartment,1737,4,5,0,2,15,23,Unfurnished,2,Yes,Yes,Yes,Yes,No,14.99,7.77,5.48,East,12 Hours,17.386696,78.43328,83.43
Kismatpur,Apartment,907,2,3,1,0,19,0,Semi-Furnished,1,Yes,Yes,Yes,No,Yes,10.63,5.6,7.45,North-East,Limited,17.430433,78.582852,52.86
Hitech City,Apartment,1215,2,3,1,1,2,2,Unfurnished,0,Yes,No,Yes,No,Yes,1.59,6.47,4.02,East,24x7,17.330133,78.42906,122.42
Kothapet,Apartment,1048,2,3,0,7,14,25,Semi-Furnished,2,Yes,No,Yes,No,Yes,5.51,0.85,4.33,North-West,24x7,17.322381,78.400032,57.32
Tellapur,Apartment,629,1,1,1,8,8,12,Unfurnished,0,No,Yes,Yes,Yes,No,3.03,5.88,8.54,North-East,24x7,17.289963,78.553749,44.93
Shamshabad,Apartment,603,1,2,1,1,1,22,Semi-Furnished,0,No,No,Yes,Yes,Yes,7.7,4.14,1.21,North,24x7,17.453323,78.497624,21.98
Kollur,Independent House,1513,3,3,1,0,10,17,Fully Furnished,1,Yes,No,Yes,No,Yes,12.28,3.44,1.44,East,Limited,17.470239,78.38852,77.64
Shamshabad,Apartment,600,1,1,0,0,1,5,Fully Furnished,2,No,Yes,Yes,Yes,No,12.94,2.66,1.23,North-East,Limited,17.335072,78.520563,28.46
Nampally,Apartment,1019,2,1,0,6,13,8,Fully Furnished,0,No,Yes,No,No,No,13.47,4.53,8.85,East,12 Hours,17.376988,78.508095,54.42
Hafeezpet,Apartment,1299,2,3,0,3,9,0,Fully Furnished,1,No,No,No,Yes,No,7.1,4.21,0.61,East,Limited,17.445993,78.580166,82.14
Sainikpuri,Apartment,1428,3,3,0,3,8,23,Unfurnished,1,No,Yes,Yes,Yes,Yes,11.98,3.27,8.37,South-East,Limited,17.383965,78.403923,86.25
Film Nagar,Apartment,2509,5,5,0,3,5,20,Semi-Furnished,0,No,No,Yes,Yes,Yes,8.54,0.31,2.77,East,Limited,17.385557,78.415587,227.87
Madinaguda,Apartment,2188,4,5,3,6,7,0,Fully Furnished,1,Yes,Yes,Yes,No,Yes,6.17,5.71,6.61,South-West,12 Hours,17.351821,78.491066,153.9
Himayat Nagar,Apartment,1864,3,2,2,2,2,19,Unfurnished,2,Yes,Yes,No,Yes,No,1.2,5.76,7.74,East,12 Hours,17.286699,78.538901,130.29
Mallapur,Apartment,843,1,1,0,2,5,6,Semi-Furnished,0,No,Yes,No,Yes,Yes,9.15,6.09,6.05,East,12 Hours,17.358257,78.397287,40.96
Manikonda,Apartment,1312,3,3,1,7,14,16,Semi-Furnished,2,Yes,Yes,Yes,Yes,No,6.92,4.64,9.58,West,24x7,17.476035,78.43473,83.14
Neredmet,Apartment,2383,4,3,2,7,7,10,Fully Furnished,0,Yes,No,No,No,Yes,13.45,5.08,1.0,South,Limited,17.321763,78.502087,109.16
Madhapur,Builder Floor,767,1,2,1,13,18,14,Semi-Furnished,1,No,No,Yes,No,Yes,13.38,2.21,6.78,South-West,12 Hours,17.356239,78.526103,65.33
Osman Nagar,Apartment,879,2,3,2,2,2,0,Unfurnished,1,Yes,Yes,Yes,Yes,Yes,9.69,6.48,0.55,North,24x7,17.362293,78.47075,53.87
Narsingi,Independent House,562,1,2,1,16,16,17,Semi-Furnished,0,No,No,Yes,Yes,No,13.26,2.31,3.03,East,12 Hours,17.286173,78.402402,41.29
Rajendra Nagar,Independent House,1608,3,2,3,1,5,22,Unfurnished,1,No,Yes,No,Yes,Yes,5.44,6.31,8.02,East,24x7,17.300576,78.528061,77.78
Film Nagar,Apartment,1257,2,3,1,9,11,4,Unfurnished,2,No,No,No,No,Yes,12.82,5.45,4.77,North-East,12 Hours,17.339137,78.460798,140.71
Kismatpur,Apartment,1127,2,2,2,13,15,2,Fully Furnished,1,No,No,Yes,Yes,No,13.61,3.21,6.62,East,Limited,17.461342,78.575081,49.06
Dilsukhnagar,Apartment,1227,2,3,2,7,10,12,Unfurnished,0,Yes,No,Yes,Yes,Yes,2.8,7.48,2.08,South-West,Limited,17.302324,78.520531,62.72
Kothaguda,Apartment,1187,2,1,1,1,3,3,Semi-Furnished,1,No,Yes,No,Yes,Yes,0.79,7.58,4.56,North-West,Limited,17.37914,78.39653,103.84
LB Nagar,Apartment,1226,2,2,1,8,12,4,Fully Furnished,0,No,No,Yes,No,No,9.58,0.44,2.71,South-East,24x7,17.443103,78.477492,71.48
Pragathi Nagar,Apartment,2099,4,3,0,4,9,19,Fully Furnished,1,Yes,Yes,No,No,Yes,3.16,4.58,8.98,West,12 Hours,17.361804,78.55758,100.95
Pragathi Nagar,Apartment,1157,2,1,2,1,2,22,Fully Furnished,2,No,No,Yes,Yes,No,1.4,5.77,6.55,South,24x7,17.339463,78.4102,53.17
Punjagutta,Apartment,1817,3,3,2,1,9,16,Unfurnished,0,No,Yes,No,No,No,2.6,3.0,4.85,North-East,24x7,17.469151,78.503018,115.4
Osman Nagar,Independent House,1889,3,2,0,13,15,14,Semi-Furnished,1,No,Yes,Yes,No,Yes,14.59,2.75,8.06,South-East,Limited,17.404279,78.459906,89.54
Beeramguda,Apartment,961,2,3,0,2,9,8,Semi-Furnished,1,Yes,No,Yes,No,Yes,2.67,2.73,4.45,West,Limited,17.389657,78.41005,34.5
Dilsukhnagar,Apartment,1868,3,3,3,8,10,10,Unfurnished,1,Yes,No,No,No,No,3.44,6.17,1.15,South-East,24x7,17.392372,78.574014,105.08
Ramanthapur,Apartment,1043,2,2,0,0,2,23,Fully Furnished,0,No,No,Yes,No,No,12.52,3.74,2.87,South-West,12 Hours,17.458908,78.539519,50.23
Tolichowki,Apartment,1002,2,3,0,5,10,3,Unfurnished,1,No,Yes,Yes,Yes,No,12.37,6.44,6.63,South-East,12 Hours,17.292268,78.407069,51.62
Meerpet,Villa,1035,2,3,0,11,15,24,Semi-Furnished,1,No,Yes,Yes,No,Yes,9.27,3.08,3.9,South,12 Hours,17.324934,78.460954,44.19
Begumpet,Apartment,846,1,1,1,1,2,8,Semi-Furnished,1,No,No,Yes,Yes,Yes,14.2,5.91,4.95,North,12 Hours,17.430094,78.409346,62.12
Kapra,Apartment,1220,2,2,2,2,15,11,Fully Furnished,2,Yes,No,No,Yes,Yes,2.41,4.79,7.05,South-West,Limited,17.382015,78.494865,55.89
Karmanghat,Apartment,1880,4,4,0,4,5,24,Semi-Furnished,2,Yes,No,No,No,Yes,8.32,3.78,2.39,North-East,Limited,17.319336,78.548266,81.1
Ghatkesar,Apartment,1306,3,2,2,14,15,6,Semi-Furnished,2,Yes,No,No,Yes,No,2.77,6.0,2.51,South-West,24x7,17.396174,78.526606,47.31
Vanasthalipuram,Apartment,560,1,1,0,3,19,12,Semi-Furnished,1,Yes,No,Yes,No,No,9.45,4.5,7.37,South-East,12 Hours,17.31268,78.519853,29.66
Chandanagar,Apartment,1087,2,2,0,7,9,12,Fully Furnished,2,No,No,Yes,No,Yes,6.19,3.71,6.56,North-West,12 Hours,17.412875,78.4543,51.94
Kollur,Apartment,938,2,2,1,4,5,16,Unfurnished,0,Yes,No,Yes,Yes,No,3.97,2.93,1.72,North-East,12 Hours,17.402474,78.40378,43.43
Kokapet,Villa,1390,3,3,0,3,18,18,Semi-Furnished,0,No,Yes,Yes,No,Yes,6.8,3.94,4.56,South,24x7,17.436271,78.545527,121.57
Lakdikapul,Villa,1133,2,2,0,4,13,5,Semi-Furnished,1,Yes,Yes,No,Yes,Yes,10.57,5.98,7.38,North,Limited,17.46395,78.440234,97.45
Madhapur,Apartment,2414,4,5,3,9,11,2,Semi-Furnished,2,No,No,No,Yes,Yes,1.88,6.5,0.52,South-East,Limited,17.464719,78.565951,212.91
Mehdipatnam,Apartment,686,1,1,1,5,10,12,Unfurnished,1,No,Yes,No,No,Yes,6.58,6.86,3.35,North-East,Limited,17.456796,78.404455,40.52
Balapur,Villa,756,1,1,0,13,14,14,Unfurnished,2,Yes,Yes,No,Yes,No,2.54,7.94,3.3,North,24x7,17.349124,78.422366,36.45
Shamshabad,Apartment,958,2,2,0,9,14,21,Semi-Furnished,2,Yes,Yes,Yes,No,Yes,13.19,1.03,9.34,South,Limited,17.368594,78.436938,33.37
Rajendra Nagar,Apartment,1810,3,2,0,0,12,24,Fully Furnished,2,No,No,No,No,No,1.64,4.6,7.64,South-East,Limited,17.311996,78.445935,84.79
Alwal,Apartment,1731,4,3,2,6,9,16,Unfurnished,0,Yes,Yes,No,Yes,Yes,6.54,7.35,5.19,South,24x7,17.373371,78.456044,68.9
Puppalaguda,Villa,1144,2,2,2,4,20,18,Unfurnished,2,No,Yes,No,Yes,Yes,3.91,2.55,5.16,South-East,12 Hours,17.463702,78.538058,73.32
Tellapur,Villa,1787,3,3,1,0,13,18,Unfurnished,0,No,Yes,Yes,Yes,No,13.46,6.65,2.56,South-East,24x7,17.433888,78.417096,95.4
Attapur,Apartment,1173,2,2,2,9,9,15,Unfurnished,0,Yes,Yes,No,Yes,Yes,5.89,2.88,8.14,East,12 Hours,17.354125,78.54824,55.61
Chandanagar,Builder Floor,1515,3,2,2,15,20,1,Semi-Furnished,1,No,No,No,No,Yes,10.41,4.69,2.5,North-East,24x7,17.297651,78.413042,85.16
Maheshwaram,Independent House,1496,3,2,0,6,19,11,Unfurnished,2,Yes,Yes,Yes,Yes,No,12.31,3.38,4.69,East,Limited,17.411757,78.43734,60.5
Masab Tank,Apartment,1540,3,4,0,3,9,19,Semi-Furnished,0,Yes,Yes,Yes,No,No,7.52,6.39,6.28,East,24x7,17.390516,78.517787,86.4
Hitech City,Apartment,892,2,2,0,8,12,25,Fully Furnished,1,No,No,Yes,Yes,No,4.15,3.83,5.74,South,12 Hours,17.457881,78.448574,74.86
Rajendra Nagar,Apartment,990,2,1,1,2,2,2,Fully Furnished,0,Yes,No,Yes,No,Yes,0.53,7.76,5.39,North-West,12 Hours,17.288225,78.461231,53.92
Osman Nagar,Apartment,903,2,1,2,9,19,21,Semi-Furnished,0,No,No,Yes,No,Yes,5.19,3.08,1.24,North-East,24x7,17.393697,78.401247,50.12
Ameenpur,Independent House,1777,3,4,0,0,3,19,Unfurnished,2,Yes,Yes,No,Yes,No,2.06,6.51,1.54,West,12 Hours,17.328556,78.522108,94.09
Suchitra,Apartment,1813,3,4,2,5,5,13,Unfurnished,0,Yes,No,No,No,Yes,13.79,6.81,1.07,West,24x7,17.397375,78.534877,79.0
Bachupally,Builder Floor,764,1,2,1,5,11,20,Semi-Furnished,2,No,Yes,Yes,Yes,Yes,6.13,2.67,3.29,North-East,12 Hours,17.356106,78.548472,34.57
Chandanagar,Apartment,1878,3,2,2,0,7,10,Fully Furnished,2,No,Yes,No,Yes,Yes,6.82,2.08,1.95,South-West,12 Hours,17.399243,78.53578,107.7
Kondapur,Independent House,1678,3,3,0,1,2,18,Unfurnished,1,No,Yes,No,No,No,1.82,2.7,3.89,North-West,24x7,17.345554,78.478569,111.98
Bowenpally,Apartment,1097,2,2,0,9,18,4,Semi-Furnished,2,No,Yes,Yes,Yes,Yes,13.42,5.05,6.61,South-West,24x7,17.470984,78.495717,71.25
Punjagutta,Apartment,984,2,2,0,10,10,10,Semi-Furnished,2,Yes,Yes,Yes,No,No,14.4,6.95,1.8,North-West,24x7,17.465655,78.406409,71.98
Nizampet,Villa,883,2,2,0,0,1,3,Unfurnished,0,No,No,No,No,Yes,1.71,2.21,6.6,East,12 Hours,17.42678,78.551449,47.14
Shamshabad,Independent House,2185,4,3,1,0,14,23,Semi-Furnished,2,No,No,No,No,Yes,5.6,5.47,4.64,North-East,24x7,17.368021,78.404568,87.11
Nizampet,Apartment,1072,2,2,2,12,20,14,Unfurnished,2,No,No,Yes,Yes,No,7.84,7.58,4.71,West,Limited,17.331147,78.444939,51.33
Ramanthapur,Apartment,2064,4,4,1,0,2,2,Unfurnished,1,Yes,No,Yes,Yes,No,14.01,5.88,2.74,North,24x7,17.300105,78.552216,103.23
Kondapur,Apartment,888,2,3,1,15,20,9,Fully Furnished,1,No,No,Yes,No,Yes,2.12,7.97,8.17,North-West,24x7,17.404213,78.40463,73.44
Mehdipatnam,Apartment,972,2,1,0,3,16,10,Fully Furnished,1,No,Yes,Yes,No,No,2.39,3.4,2.19,North-East,12 Hours,17.30294,78.579009,60.21
Hayathnagar,Independent House,1411,3,4,0,7,9,20,Fully Furnished,1,No,Yes,Yes,No,No,9.59,0.82,9.76,South-West,Limited,17.376927,78.431421,55.98
Tukkuguda,Apartment,799,1,1,1,2,6,9,Unfurnished,1,Yes,No,No,No,Yes,4.66,4.45,4.27,South-West,24x7,17.353919,78.418897,30.37
Hayathnagar,Apartment,636,1,2,1,4,8,14,Semi-Furnished,1,No,No,No,No,Yes,7.21,2.11,9.88,West,Limited,17.473755,78.387466,25.53
Kothapet,Apartment,1491,3,2,1,4,11,20,Fully Furnished,1,No,No,No,Yes,No,9.22,5.84,5.02,South-West,Limited,17.47269,78.420917,62.58
Ameerpet,Apartment,957,2,1,0,3,3,6,Unfurnished,1,Yes,Yes,No,Yes,No,9.02,1.14,2.24,North-West,12 Hours,17.399037,78.559069,62.68
Tellapur,Apartment,1253,2,2,1,3,4,15,Semi-Furnished,2,No,No,No,Yes,No,4.97,1.5,8.85,North-East,24x7,17.483913,78.522534,68.09
Ameerpet,Apartment,928,2,1,0,0,5,8,Unfurnished,0,No,No,No,Yes,No,2.85,2.92,7.28,West,Limited,17.483566,78.468279,49.16
Dilsukhnagar,Apartment,1662,3,3,3,2,6,1,Unfurnished,2,Yes,Yes,Yes,No,No,10.95,7.92,2.35,North,24x7,17.396576,78.447562,94.36
Banjara Hills,Independent House,840,1,2,0,8,11,16,Semi-Furnished,1,No,Yes,Yes,No,No,8.92,2.34,1.48,East,24x7,17.285286,78.476617,107.12
Hafeezpet,Apartment,1056,2,1,1,1,2,4,Unfurnished,0,Yes,No,Yes,No,No,2.31,3.2,6.11,North,Limited,17.399463,78.586541,54.48
Hitech City,Apartment,891,2,2,2,4,7,5,Unfurnished,0,No,Yes,No,Yes,Yes,11.96,0.65,4.83,North,24x7,17.341091,78.41865,90.48
Pocharam,Apartment,2591,4,4,1,7,13,9,Unfurnished,2,No,Yes,Yes,No,No,14.77,5.62,4.98,South-West,24x7,17.342037,78.545268,101.04
Kothapet,Apartment,655,1,1,1,5,6,18,Unfurnished,0,Yes,No,Yes,Yes,Yes,7.25,2.88,3.06,East,12 Hours,17.480017,78.433158,29.79
Alwal,Apartment,1198,2,3,2,6,9,1,Semi-Furnished,0,Yes,No,Yes,No,No,5.21,2.69,4.94,South,24x7,17.350651,78.409268,69.38
Rajendra Nagar,Apartment,1002,2,3,0,9,13,23,Unfurnished,1,No,No,Yes,Yes,Yes,14.49,6.9,6.79,North-West,12 Hours,17.412221,78.419646,48.65
Kondapur,Independent House,1471,3,3,3,1,15,5,Fully Furnished,2,No,No,Yes,No,Yes,3.48,3.48,8.36,North,24x7,17.342452,78.534059,153.34
Malkajgiri,Apartment,1606,3,2,2,11,18,2,Unfurnished,2,Yes,No,No,No,Yes,3.05,1.73,4.34,West,24x7,17.482856,78.397649,81.47
Ghatkesar,Apartment,1158,2,2,2,5,15,25,Fully Furnished,0,No,No,Yes,Yes,Yes,13.26,4.97,9.28,South,Limited,17.38138,78.487327,41.54
Raidurg,Apartment,1689,3,4,0,12,16,11,Fully Furnished,1,Yes,Yes,No,No,Yes,6.82,0.41,6.06,South,24x7,17.430848,78.561649,173.5
Old Alwal,Apartment,1399,3,4,1,13,13,20,Unfurnished,1,Yes,No,No,No,No,9.84,0.48,9.47,South-West,Limited,17.446019,78.556816,50.55
Tarnaka,Apartment,645,1,1,1,0,12,19,Unfurnished,2,No,Yes,No,No,Yes,9.47,4.61,2.73,South,12 Hours,17.450178,78.447401,34.32
ECIL,Apartment,1091,2,2,1,3,6,18,Unfurnished,2,Yes,Yes,No,No,No,4.27,4.14,4.46,North,Limited,17.348383,78.480177,41.71
Bowenpally,Independent House,2223,4,4,1,0,10,21,Semi-Furnished,0,Yes,No,Yes,No,Yes,10.14,0.5,8.09,East,Limited,17.477322,78.449269,115.61
Champapet,Apartment,1436,3,4,1,4,15,8,Semi-Furnished,1,Yes,Yes,No,No,No,2.47,4.06,8.07,South-West,24x7,17.390363,78.39812,56.34
Kollur,Independent House,2687,5,5,2,0,2,12,Fully Furnished,2,Yes,Yes,No,No,No,1.9,5.73,4.25,West,12 Hours,17.328878,78.47957,121.37
Uppal,Independent House,1153,2,2,0,3,8,18,Semi-Furnished,1,Yes,No,No,No,Yes,9.8,3.43,7.57,South-West,24x7,17.444938,78.534595,54.41
Manikonda,Apartment,1837,4,3,3,1,5,23,Fully Furnished,0,Yes,No,No,No,No,12.98,6.27,9.4,South-East,Limited,17.351741,78.449994,97.79
Himayat Nagar,Independent House,2169,4,5,2,9,12,19,Fully Furnished,0,No,No,No,No,Yes,11.24,1.36,4.09,North-East,Limited,17.295414,78.389264,186.91
Abids,Apartment,1080,2,1,2,3,9,21,Semi-Furnished,0,No,Yes,No,Yes,No,3.36,4.13,4.96,North-East,Limited,17.380429,78.412876,68.4
Kollur,Apartment,1896,3,3,1,4,4,15,Unfurnished,2,Yes,Yes,Yes,No,No,3.46,3.79,1.46,North,Limited,17.471501,78.558601,75.58
Saroornagar,Independent House,1109,2,2,0,3,6,3,Unfurnished,1,No,Yes,No,Yes,Yes,5.11,3.58,2.42,North-East,24x7,17.381445,78.490765,60.9
Neredmet,Apartment,1766,4,5,1,5,7,8,Semi-Furnished,2,Yes,No,No,Yes,Yes,14.08,5.18,9.48,North,12 Hours,17.478154,78.429754,79.29
Puppalaguda,Independent House,1344,3,3,0,8,13,4,Fully Furnished,2,No,No,Yes,Yes,No,5.53,1.21,5.79,West,Limited,17.324449,78.429407,100.5
Patancheru,Builder Floor,940,2,2,1,19,20,6,Unfurnished,1,No,Yes,No,No,Yes,3.4,7.39,9.68,West,24x7,17.366,78.573009,40.85
Pocharam,Apartment,1070,2,1,1,1,1,8,Unfurnished,0,No,Yes,No,Yes,No,7.31,1.28,7.16,South-West,24x7,17.387305,78.570404,49.97
Kismatpur,Builder Floor,1378,3,2,3,9,17,0,Fully Furnished,2,No,No,Yes,No,No,14.8,6.88,3.09,South-East,24x7,17.316306,78.460028,77.67
Pragathi Nagar,Apartment,2972,5,5,3,11,11,22,Fully Furnished,1,No,No,No,Yes,Yes,9.31,1.41,3.95,South,24x7,17.316879,78.580304,134.77
Khairatabad,Independent House,1279,2,1,1,2,4,22,Unfurnished,2,No,Yes,Yes,No,Yes,12.76,3.97,3.17,South-West,12 Hours,17.31839,78.410931,88.37
Tukkuguda,Apartment,916,2,2,2,2,2,11,Semi-Furnished,0,No,Yes,Yes,No,No,2.83,6.12,2.27,West,24x7,17.466889,78.425425,27.67
Adibatla,Builder Floor,1421,3,3,1,8,12,22,Fully Furnished,2,No,Yes,No,No,No,4.08,3.09,9.35,North,24x7,17.37477,78.506502,59.34
Patancheru,Builder Floor,1204,2,3,0,6,14,5,Fully Furnished,1,Yes,Yes,No,Yes,No,5.88,1.93,6.55,North-West,12 Hours,17.330352,78.572998,55.71
Kismatpur,Villa,1635,3,3,1,8,20,17,Semi-Furnished,0,Yes,No,Yes,No,No,10.57,2.43,4.74,South,Limited,17.441258,78.39058,80.72
Begumpet,Apartment,2421,4,3,2,0,6,11,Semi-Furnished,1,Yes,No,No,No,Yes,5.01,1.4,9.56,North-West,12 Hours,17.410592,78.441738,174.47
Madhapur,Apartment,1362,3,4,3,0,1,11,Semi-Furnished,1,No,No,Yes,Yes,No,11.95,5.37,4.69,South-West,12 Hours,17.411778,78.401081,128.95
Patancheru,Apartment,1185,2,2,0,9,20,0,Semi-Furnished,0,Yes,No,No,Yes,No,11.03,2.39,7.27,West,12 Hours,17.476553,78.402242,38.5
Dilsukhnagar,Apartment,1150,2,2,1,1,3,19,Unfurnished,0,Yes,No,Yes,Yes,Yes,4.91,2.28,6.91,South-West,24x7,17.345673,78.465268,52.74
Badangpet,Independent House,2859,5,5,1,16,16,6,Fully Furnished,2,Yes,No,No,No,No,10.68,2.56,4.08,North-East,12 Hours,17.400614,78.578296,104.26
Tolichowki,Apartment,1451,3,3,3,1,11,18,Unfurnished,0,No,Yes,Yes,Yes,No,1.79,0.62,4.51,East,12 Hours,17.301583,78.5107,69.72
Sainikpuri,Villa,1147,2,1,0,10,12,23,Fully Furnished,0,No,Yes,No,No,Yes,3.46,5.83,6.69,East,Limited,17.456185,78.473636,75.34
Khajaguda,Independent House,901,2,2,0,10,13,0,Semi-Furnished,2,Yes,Yes,Yes,Yes,No,7.19,5.19,5.45,West,Limited,17.323221,78.540453,70.52
Saroornagar,Apartment,2254,4,4,3,15,19,0,Fully Furnished,0,No,No,No,Yes,No,6.63,2.38,1.11,West,Limited,17.438447,78.427877,98.89
Miyapur,Apartment,1389,3,4,1,18,19,22,Semi-Furnished,0,No,Yes,Yes,Yes,No,14.53,1.41,2.64,South-West,Limited,17.378097,78.575339,62.94
Raidurg,Apartment,1815,3,2,1,11,20,24,Semi-Furnished,0,No,Yes,No,Yes,Yes,0.86,6.85,5.07,South,24x7,17.326374,78.458344,157.88
Neredmet,Builder Floor,960,2,2,2,0,2,22,Semi-Furnished,2,No,No,Yes,Yes,No,8.44,5.88,7.52,East,24x7,17.386997,78.478817,43.34
Khajaguda,Apartment,2531,4,4,2,4,10,17,Semi-Furnished,1,Yes,Yes,No,No,Yes,5.81,6.45,8.32,South-West,24x7,17.471001,78.463413,188.65
Isnapur,Apartment,1662,3,4,2,19,20,1,Unfurnished,1,No,Yes,Yes,Yes,Yes,3.05,5.62,1.51,East,24x7,17.464247,78.548042,56.06
Ghatkesar,Apartment,626,1,2,0,10,20,14,Semi-Furnished,1,Yes,Yes,No,Yes,No,1.31,0.73,7.75,South-East,Limited,17.349012,78.471055,19.08
Film Nagar,Apartment,1048,2,3,1,5,18,3,Unfurnished,1,No,No,Yes,Yes,Yes,3.6,3.11,8.96,North-West,Limited,17.324914,78.394257,106.97
Maheshwaram,Builder Floor,2058,4,5,1,1,3,19,Fully Furnished,1,Yes,No,No,Yes,No,7.73,7.37,7.73,South-East,24x7,17.337502,78.397169,85.66
Champapet,Apartment,999,2,2,2,14,14,9,Semi-Furnished,1,No,No,No,No,No,10.98,2.78,5.83,North-West,24x7,17.445383,78.556998,40.19
Pocharam,Independent House,1486,3,3,0,2,4,18,Fully Furnished,0,No,Yes,No,No,No,0.54,7.02,4.54,South-East,Limited,17.368214,78.582271,72.95
Nampally,Independent House,1506,3,4,3,1,1,7,Fully Furnished,2,Yes,No,Yes,No,Yes,6.55,6.18,3.64,North,24x7,17.328072,78.445073,78.93
Shamshabad,Apartment,944,2,2,2,0,1,18,Fully Furnished,2,No,No,No,Yes,No,5.98,2.8,7.33,North-East,Limited,17.360873,78.568867,33.0
ECIL,Villa,1522,3,2,1,10,20,8,Semi-Furnished,2,Yes,No,Yes,Yes,No,7.75,5.39,5.92,West,12 Hours,17.367389,78.573582,94.09
Abids,Builder Floor,2360,4,4,1,4,5,22,Semi-Furnished,2,No,Yes,Yes,Yes,Yes,1.45,0.99,6.84,South-West,24x7,17.327055,78.499878,139.23
Kondapur,Villa,957,2,3,0,17,19,19,Fully Furnished,0,Yes,No,Yes,No,No,9.27,3.3,8.57,South-West,Limited,17.292912,78.467308,78.66
Hitech City,Independent House,1575,3,3,2,5,10,19,Fully Furnished,1,Yes,Yes,Yes,No,Yes,0.74,4.22,3.3,West,Limited,17.424614,78.514328,207.79
Habsiguda,Apartment,788,1,2,0,5,11,1,Fully Furnished,1,No,Yes,No,Yes,Yes,8.82,3.83,8.43,South-West,24x7,17.303704,78.472122,44.64
Balapur,Apartment,755,1,1,1,8,19,3,Unfurnished,1,Yes,Yes,No,Yes,No,12.79,2.71,7.88,North-West,Limited,17.474525,78.481734,27.21
Hayathnagar,Apartment,1619,3,3,1,9,14,21,Unfurnished,1,No,No,Yes,No,Yes,12.84,5.27,5.22,West,24x7,17.438261,78.48629,52.0
Hafeezpet,Apartment,1873,3,3,0,8,20,11,Fully Furnished,2,No,Yes,No,No,Yes,10.71,4.93,8.87,North-West,Limited,17.447394,78.56013,118.6
Nacharam,Apartment,1293,2,2,2,1,3,23,Fully Furnished,2,No,No,Yes,Yes,Yes,9.63,5.4,8.62,West,24x7,17.294393,78.499965,56.84
Suchitra,Apartment,1863,4,4,1,2,4,7,Unfurnished,1,Yes,No,Yes,No,Yes,2.6,4.17,7.83,South-East,24x7,17.312301,78.432434,99.52
Dilsukhnagar,Independent House,1241,3,2,1,1,6,23,Unfurnished,2,Yes,Yes,Yes,No,No,8.03,5.37,7.3,North-West,24x7,17.289024,78.537245,70.63
Ghatkesar,Independent House,1300,3,4,2,11,19,15,Unfurnished,0,No,Yes,No,Yes,Yes,10.7,6.97,2.27,North-East,24x7,17.374354,78.388119,55.38
Malkajgiri,Apartment,1752,3,3,0,7,8,15,Fully Furnished,1,Yes,No,Yes,Yes,Yes,12.67,5.99,4.99,North,12 Hours,17.356965,78.494853,76.99
Manikonda,Apartment,1027,2,1,0,8,14,5,Unfurnished,0,Yes,No,Yes,No,No,8.52,7.99,4.34,West,24x7,17.425526,78.577896,63.5
Jubilee Hills,Apartment,1113,2,2,0,2,5,0,Semi-Furnished,2,No,No,No,No,Yes,6.14,6.68,1.71,South,Limited,17.364944,78.577441,176.34
Gachibowli,Villa,988,2,2,2,8,13,22,Fully Furnished,1,Yes,Yes,Yes,No,No,5.66,5.45,7.35,North-East,Limited,17.34463,78.411993,108.06
Kollur,Apartment,1874,3,2,2,8,16,25,Semi-Furnished,0,Yes,No,No,No,Yes,8.75,4.82,9.44,South-East,12 Hours,17.357436,78.518794,81.71
Old Alwal,Apartment,1260,2,2,1,8,10,2,Semi-Furnished,2,No,Yes,No,Yes,No,4.82,2.75,0.66,South,24x7,17.324786,78.507037,59.93
Alwal,Apartment,1358,3,2,1,3,20,7,Semi-Furnished,2,No,No,No,Yes,Yes,7.57,4.02,9.99,South-West,Limited,17.367668,78.496023,53.9
Masab Tank,Independent House,909,2,2,1,0,1,16,Fully Furnished,0,No,Yes,Yes,No,No,2.49,2.07,8.72,South-West,24x7,17.434734,78.552285,59.1
Neredmet,Villa,1553,3,3,3,2,2,1,Semi-Furnished,0,Yes,Yes,No,No,Yes,3.78,3.17,1.42,East,Limited,17.292763,78.425526,88.26
Vanasthalipuram,Builder Floor,1032,2,2,1,2,8,2,Fully Furnished,2,No,No,Yes,Yes,No,11.6,4.64,7.05,West,Limited,17.471964,78.553691,49.0
Narsingi,Builder Floor,1385,3,2,3,7,18,9,Unfurnished,2,Yes,No,No,Yes,Yes,10.04,4.83,6.73,North-West,12 Hours,17.345642,78.47259,105.71
Pragathi Nagar,Apartment,1301,3,4,1,1,1,1,Fully Furnished,2,Yes,Yes,No,Yes,No,11.74,6.68,9.73,East,24x7,17.316474,78.392914,71.59
Patancheru,Apartment,2170,4,4,0,3,13,7,Unfurnished,1,Yes,Yes,No,Yes,No,4.19,4.17,8.47,East,12 Hours,17.333143,78.43469,72.24
Osman Nagar,Villa,1103,2,3,2,0,3,4,Semi-Furnished,0,Yes,No,Yes,No,No,9.95,3.07,10.0,South-West,12 Hours,17.470702,78.502647,57.66
Balapur,Independent House,1267,2,2,0,3,3,15,Fully Furnished,2,No,Yes,No,No,No,12.89,0.73,1.51,East,24x7,17.467315,78.455824,62.31
Malkajgiri,Builder Floor,1677,3,4,3,0,2,21,Unfurnished,0,Yes,No,Yes,No,No,5.83,0.49,0.82,South,12 Hours,17.29276,78.424055,73.98
Hayathnagar,Apartment,1149,2,3,2,8,8,8,Semi-Furnished,2,Yes,No,No,Yes,No,3.79,0.67,2.18,North,Limited,17.438354,78.456829,46.45
Hayathnagar,Apartment,1286,2,3,0,1,11,2,Unfurnished,2,Yes,Yes,Yes,Yes,Yes,6.02,2.09,0.73,East,12 Hours,17.391711,78.386748,48.85
Isnapur,Apartment,2392,4,4,1,4,5,5,Semi-Furnished,1,No,No,No,No,No,3.73,0.89,6.22,North-East,12 Hours,17.326646,78.436797,81.63
Bandlaguda Jagir,Apartment,1031,2,2,0,7,7,5,Semi-Furnished,1,No,No,No,Yes,Yes,6.44,5.67,4.2,South-West,12 Hours,17.340935,78.425004,44.95
Neredmet,Apartment,1543,3,3,1,2,10,22,Unfurnished,1,No,No,Yes,No,No,9.26,4.4,4.07,South,12 Hours,17.458129,78.43497,71.13
Adibatla,Villa,646,1,1,1,1,8,3,Semi-Furnished,0,Yes,No,No,No,Yes,13.38,4.66,4.02,West,24x7,17.356281,78.53623,32.51
Punjagutta,Independent House,897,2,2,0,3,9,20,Semi-Furnished,2,Yes,No,Yes,Yes,No,8.15,6.06,8.98,South,12 Hours,17.448359,78.578618,70.23
Somajiguda,Apartment,1241,2,3,2,15,19,8,Unfurnished,1,No,Yes,Yes,No,Yes,6.08,1.59,5.04,South-East,Limited,17.405761,78.485368,100.11
Balapur,Villa,1263,3,4,3,5,16,24,Semi-Furnished,0,Yes,Yes,No,Yes,No,14.47,4.32,7.89,North-East,12 Hours,17.481864,78.463396,50.52
Puppalaguda,Builder Floor,1427,3,3,2,7,14,2,Fully Furnished,2,Yes,No,No,Yes,Yes,6.87,1.11,8.83,North,Limited,17.418342,78.443558,109.57
Mehdipatnam,Apartment,1012,2,1,2,11,16,14,Unfurnished,1,Yes,Yes,Yes,Yes,No,1.61,5.57,0.69,North-East,12 Hours,17.402354,78.475846,69.3
Puppalaguda,Builder Floor,1138,2,2,0,0,2,13,Semi-Furnished,1,Yes,No,Yes,Yes,No,1.08,7.69,4.83,South,24x7,17.337993,78.476427,83.55
Ghatkesar,Apartment,985,2,3,1,1,19,17,Semi-Furnished,1,Yes,No,Yes,Yes,No,12.13,6.42,4.75,North,12 Hours,17.417725,78.543494,28.81
Habsiguda,Apartment,754,1,2,1,0,10,0,Fully Furnished,2,No,Yes,Yes,Yes,Yes,5.87,5.5,7.93,South-East,Limited,17.414209,78.416822,37.44
Saroornagar,Apartment,723,1,1,1,0,2,15,Unfurnished,0,Yes,Yes,Yes,Yes,Yes,11.01,1.6,4.26,South,Limited,17.361612,78.532604,29.8
Punjagutta,Independent House,589,1,1,1,6,19,25,Semi-Furnished,2,Yes,Yes,No,No,No,9.43,7.24,8.51,East,24x7,17.326037,78.484117,38.79
Shamshabad,Apartment,1635,3,3,1,4,18,23,Unfurnished,1,Yes,No,No,Yes,No,7.85,3.27,4.61,North,24x7,17.390451,78.572674,63.39
Ghatkesar,Villa,1017,2,2,1,12,20,10,Semi-Furnished,0,Yes,No,Yes,Yes,Yes,13.78,6.72,3.0,East,12 Hours,17.38309,78.410649,36.12
Abids,Independent House,1300,2,2,1,2,5,20,Unfurnished,1,Yes,Yes,No,Yes,Yes,2.17,3.86,3.54,South-West,12 Hours,17.334393,78.566622,93.23
Miyapur,Apartment,596,1,1,0,0,1,3,Fully Furnished,1,No,No,No,No,No,8.01,1.59,5.35,South-West,Limited,17.473662,78.490746,30.17
Miyapur,Apartment,2006,4,5,1,2,2,18,Semi-Furnished,1,No,No,No,Yes,No,0.96,1.51,8.02,South-East,Limited,17.440703,78.412903,111.14
Kokapet,Apartment,1325,3,4,2,10,20,8,Semi-Furnished,2,No,No,No,No,No,7.2,7.59,2.83,South-West,24x7,17.29186,78.486213,90.19
Sainikpuri,Apartment,1416,3,3,3,2,7,25,Unfurnished,1,No,No,No,No,No,2.36,6.93,7.8,North-East,12 Hours,17.321585,78.45971,64.59
Himayat Nagar,Apartment,565,1,1,0,2,4,7,Semi-Furnished,1,No,No,No,Yes,Yes,14.76,1.96,9.81,North-East,12 Hours,17.409634,78.401586,44.87
Nizampet,Apartment,1365,3,3,3,12,12,15,Fully Furnished,1,No,Yes,Yes,Yes,Yes,2.14,2.09,6.54,South-East,24x7,17.321525,78.501495,75.12
Raidurg,Apartment,1208,3,2,2,0,3,2,Semi-Furnished,2,Yes,No,Yes,Yes,Yes,5.63,4.99,2.02,West,24x7,17.396342,78.534359,121.38
Saroornagar,Villa,2045,4,3,0,3,13,19,Semi-Furnished,2,No,Yes,No,No,Yes,2.25,6.48,1.11,West,24x7,17.438021,78.473253,118.8
Patancheru,Villa,857,2,1,0,15,15,7,Unfurnished,0,No,No,No,No,Yes,6.97,3.48,2.29,East,Limited,17.41462,78.390372,39.41
Chandanagar,Villa,2592,4,5,3,11,14,7,Fully Furnished,2,Yes,Yes,No,Yes,Yes,11.33,3.83,2.67,South-West,24x7,17.408717,78.448669,175.86
Puppalaguda,Villa,2142,4,4,1,7,19,0,Semi-Furnished,2,No,No,Yes,No,Yes,7.84,1.85,9.1,West,12 Hours,17.303187,78.571345,152.99
Begumpet,Apartment,1520,3,3,0,8,12,9,Fully Furnished,1,No,Yes,No,No,No,2.44,4.21,6.1,North,Limited,17.310421,78.458045,109.46
Khairatabad,Apartment,2269,4,4,1,5,10,11,Fully Furnished,1,Yes,No,Yes,Yes,Yes,0.64,2.61,6.12,South-East,24x7,17.452114,78.395432,195.86
Boduppal,Apartment,1580,3,3,0,7,12,22,Fully Furnished,2,No,No,Yes,No,Yes,12.82,1.96,5.88,South,Limited,17.46295,78.388533,63.05
Madhapur,Apartment,1027,2,2,0,10,20,21,Unfurnished,2,No,No,Yes,No,No,10.19,1.98,2.17,North-West,24x7,17.476805,78.50938,98.38
Vanasthalipuram,Independent House,1325,3,3,0,0,4,14,Semi-Furnished,0,No,Yes,Yes,No,Yes,6.46,7.17,8.41,North,24x7,17.298398,78.392338,75.81
Manikonda,Apartment,962,2,3,2,2,16,14,Unfurnished,0,No,Yes,No,Yes,Yes,13.75,6.33,3.15,North,12 Hours,17.461297,78.469883,50.88
Peerzadiguda,Apartment,1403,3,3,0,1,14,24,Unfurnished,0,Yes,No,No,No,Yes,10.17,3.94,3.64,North-West,24x7,17.468657,78.468308,50.77
Ameenpur,Independent House,775,1,1,0,6,13,19,Fully Furnished,0,Yes,No,No,No,No,4.72,3.54,8.31,South,24x7,17.388424,78.568317,34.21
Kondapur,Apartment,1754,3,3,2,0,1,12,Fully Furnished,0,Yes,Yes,No,Yes,Yes,11.38,3.45,2.11,North-West,Limited,17.298166,78.525215,123.08
Somajiguda,Apartment,1637,3,3,3,1,3,22,Unfurnished,1,Yes,No,Yes,No,No,10.38,7.64,3.43,South,24x7,17.466493,78.411196,115.85
Pocharam,Apartment,1195,2,3,2,15,16,9,Unfurnished,2,No,No,No,Yes,Yes,1.91,2.18,7.7,North-West,24x7,17.460893,78.468705,59.8
Mallapur,Apartment,1030,2,3,2,12,17,12,Unfurnished,1,Yes,Yes,No,Yes,No,10.93,3.24,4.55,South-East,Limited,17.299092,78.442329,42.4
Isnapur,Apartment,2428,4,4,3,0,3,13,Fully Furnished,2,No,No,No,Yes,Yes,6.09,7.83,5.22,West,Limited,17.474024,78.443233,83.11
Kokapet,Apartment,683,1,1,1,9,17,16,Unfurnished,1,No,Yes,Yes,Yes,Yes,8.51,5.59,0.57,South-West,24x7,17.419261,78.419137,48.68
Nizampet,Villa,960,2,2,1,0,3,16,Fully Furnished,2,Yes,Yes,No,Yes,Yes,6.49,0.32,8.55,West,12 Hours,17.432708,78.560071,63.93
Nagole,Independent House,866,2,3,2,10,15,23,Unfurnished,0,No,Yes,No,Yes,No,2.37,4.29,2.64,West,12 Hours,17.418811,78.411957,45.55
Himayat Nagar,Independent House,1700,3,3,0,1,7,19,Semi-Furnished,1,Yes,Yes,Yes,No,Yes,10.84,6.41,5.14,South-East,24x7,17.311515,78.541635,152.46
Himayat Nagar,Apartment,1875,3,3,0,1,3,10,Semi-Furnished,1,No,Yes,No,Yes,Yes,7.11,3.91,7.79,North-East,Limited,17.471719,78.530692,140.31
Habsiguda,Apartment,1899,4,4,0,5,8,0,Unfurnished,0,No,No,Yes,No,No,14.88,3.5,6.53,South-West,12 Hours,17.328812,78.475308,95.42
Begumpet,Apartment,1212,2,2,2,0,5,16,Semi-Furnished,0,Yes,Yes,Yes,No,No,7.9,7.53,9.6,North-East,24x7,17.438995,78.407492,92.55
Nanakramguda,Independent House,956,2,2,2,5,13,1,Fully Furnished,2,No,No,No,No,Yes,8.41,6.38,3.28,South-West,24x7,17.463044,78.44077,94.42
Ameerpet,Apartment,1856,3,3,2,0,3,13,Semi-Furnished,1,Yes,No,No,No,No,6.62,1.51,7.27,East,12 Hours,17.388665,78.479061,105.39
Tukkuguda,Villa,1938,4,4,3,15,15,14,Semi-Furnished,1,Yes,Yes,No,Yes,No,13.58,6.07,7.74,North,Limited,17.401194,78.532678,63.95
Jubilee Hills,Apartment,1736,4,4,2,5,17,15,Fully Furnished,2,Yes,No,Yes,Yes,Yes,3.56,5.42,4.65,South-East,12 Hours,17.410844,78.526563,207.66
Masab Tank,Independent House,1473,3,4,3,14,20,16,Fully Furnished,2,No,No,No,No,No,10.66,3.97,1.44,West,12 Hours,17.295393,78.55865,90.5
Quthbullapur,Apartment,1755,4,5,1,5,8,3,Unfurnished,2,Yes,Yes,No,No,No,8.04,3.58,9.73,North-East,24x7,17.337483,78.435053,85.6
Film Nagar,Apartment,1264,2,2,0,0,8,10,Unfurnished,1,Yes,Yes,No,Yes,Yes,11.15,7.98,4.05,West,24x7,17.462366,78.46237,139.65
Himayat Nagar,Independent House,1041,2,3,1,0,2,22,Fully Furnished,2,No,Yes,Yes,No,Yes,11.45,4.85,1.01,North-West,24x7,17.304364,78.481911,78.82
Nacharam,Apartment,840,1,2,1,12,16,4,Unfurnished,2,Yes,No,No,No,No,11.38,7.95,7.35,West,12 Hours,17.439088,78.428806,45.29
Bollaram,Apartment,1511,3,3,1,1,3,1,Unfurnished,2,No,Yes,No,Yes,Yes,13.08,2.45,9.78,South-West,24x7,17.331725,78.468612,65.83
Uppal,Apartment,1101,2,2,0,1,3,9,Fully Furnished,0,No,Yes,No,No,Yes,12.13,4.71,5.08,South-East,24x7,17.439245,78.43232,55.7
Peerzadiguda,Apartment,2534,4,4,1,5,20,3,Unfurnished,0,No,Yes,No,No,Yes,1.67,2.92,1.33,South-West,12 Hours,17.403514,78.462685,122.76
Ghatkesar,Apartment,965,2,2,1,2,2,23,Semi-Furnished,2,No,Yes,No,No,Yes,9.35,3.32,5.07,North-East,12 Hours,17.406014,78.498678,39.63
Financial District,Apartment,1643,3,4,1,7,7,16,Semi-Furnished,2,No,No,Yes,No,Yes,3.08,4.73,5.92,South,Limited,17.385987,78.421982,142.44
Kismatpur,Apartment,1689,3,2,3,0,1,4,Unfurnished,2,No,No,Yes,No,No,5.38,3.71,9.91,North-East,24x7,17.393352,78.412916,75.35
Jubilee Hills,Apartment,1852,3,2,3,6,10,10,Fully Furnished,1,Yes,No,No,No,No,9.23,1.79,2.19,South,Limited,17.471489,78.576161,219.05
Kollur,Apartment,1612,3,4,0,7,7,11,Semi-Furnished,2,No,No,No,No,No,10.73,7.21,8.92,South,24x7,17.312103,78.49038,68.45
Kollur,Independent House,955,2,1,2,1,4,4,Unfurnished,0,No,No,No,Yes,No,1.6,1.56,4.24,South,Limited,17.471797,78.423416,43.83
Banjara Hills,Apartment,2078,4,5,1,2,4,24,Fully Furnished,0,No,No,Yes,Yes,No,7.62,3.6,2.41,North,Limited,17.366327,78.463333,246.66
Nanakramguda,Builder Floor,623,1,1,1,16,17,21,Semi-Furnished,1,Yes,No,Yes,No,No,9.24,5.37,7.69,South,Limited,17.376263,78.420854,52.8
Bowenpally,Apartment,1078,2,3,2,6,17,17,Fully Furnished,1,Yes,No,Yes,No,Yes,8.58,5.84,9.68,West,12 Hours,17.386823,78.416191,57.75
Madinaguda,Apartment,670,1,2,1,5,8,4,Unfurnished,2,Yes,No,No,No,Yes,10.17,7.46,9.33,North,Limited,17.398149,78.52964,35.65
Abids,Apartment,1218,2,2,1,2,14,17,Unfurnished,0,No,No,No,No,No,12.19,4.44,4.43,South-West,Limited,17.467451,78.575915,62.2
Kismatpur,Apartment,3446,5,4,2,14,19,8,Semi-Furnished,2,Yes,Yes,Yes,No,Yes,10.54,2.46,6.85,North,12 Hours,17.311313,78.447155,174.31
Attapur,Apartment,927,2,2,2,15,16,6,Semi-Furnished,1,Yes,No,Yes,No,No,1.68,1.39,3.36,South-East,24x7,17.479411,78.558565,48.14
Madinaguda,Apartment,1813,3,3,3,3,5,21,Fully Furnished,2,No,Yes,Yes,No,Yes,8.51,5.51,3.34,South,Limited,17.474486,78.471372,91.21
Nampally,Independent House,1227,3,4,3,5,19,25,Fully Furnished,1,No,Yes,No,Yes,No,9.44,2.69,7.68,South,12 Hours,17.373479,78.395914,64.59
Ghatkesar,Apartment,1529,3,3,3,9,10,18,Semi-Furnished,0,Yes,No,No,No,No,2.57,1.54,7.13,North-East,12 Hours,17.352711,78.481387,54.77
Kondapur,Builder Floor,867,2,1,0,0,16,4,Semi-Furnished,1,Yes,No,No,No,No,10.56,2.17,5.61,East,12 Hours,17.45876,78.51908,72.49
Nampally,Villa,1154,2,1,0,8,14,2,Unfurnished,0,No,No,Yes,Yes,Yes,6.34,6.91,9.1,West,12 Hours,17.448886,78.567816,67.66
Vanasthalipuram,Villa,1149,2,2,0,4,9,10,Semi-Furnished,1,No,Yes,Yes,Yes,Yes,1.89,6.02,5.59,North-East,12 Hours,17.391387,78.443602,62.75
Adibatla,Apartment,1657,3,4,1,0,7,7,Fully Furnished,0,No,No,No,Yes,No,0.69,5.98,6.9,South-East,Limited,17.418709,78.559254,68.28
Kokapet,Independent House,1413,3,4,0,1,3,16,Semi-Furnished,1,Yes,Yes,Yes,No,Yes,14.73,5.59,5.99,South,Limited,17.447483,78.557379,91.74
Malkajgiri,Apartment,1262,2,3,0,7,17,0,Fully Furnished,0,No,Yes,No,Yes,Yes,7.79,0.66,4.14,East,Limited,17.338057,78.567491,66.62
Puppalaguda,Apartment,1254,3,3,2,13,17,10,Semi-Furnished,2,Yes,No,No,Yes,Yes,8.38,7.54,4.56,North-East,12 Hours,17.395468,78.396801,84.41
Adibatla,Villa,1252,3,3,2,14,17,9,Fully Furnished,1,Yes,No,No,No,Yes,3.76,6.91,9.3,East,12 Hours,17.429075,78.475596,48.51
Banjara Hills,Apartment,1170,2,3,0,0,12,3,Unfurnished,2,Yes,No,Yes,No,No,9.61,6.92,4.61,East,12 Hours,17.323083,78.520691,162.41
Abids,Apartment,1569,3,3,3,5,14,15,Fully Furnished,2,Yes,No,Yes,Yes,No,7.57,2.04,1.94,East,Limited,17.446178,78.40255,100.18
Somajiguda,Apartment,1780,3,4,0,3,19,0,Unfurnished,1,No,No,No,Yes,No,3.22,5.5,2.66,West,24x7,17.362247,78.483672,136.85
Tukkuguda,Apartment,1063,2,2,0,14,16,6,Fully Furnished,2,Yes,Yes,Yes,Yes,Yes,1.92,2.33,9.79,South,12 Hours,17.349142,78.579483,49.05
Jubilee Hills,Apartment,950,2,2,2,8,15,20,Unfurnished,1,No,No,No,No,No,11.53,0.56,6.75,North-West,Limited,17.289687,78.472735,99.11
Madhapur,Independent House,2289,4,4,1,3,18,10,Semi-Furnished,1,Yes,Yes,No,No,Yes,10.43,7.9,7.59,North-West,12 Hours,17.345291,78.405611,211.99
Champapet,Builder Floor,1214,2,2,2,2,4,16,Fully Furnished,0,No,Yes,No,No,No,6.39,7.14,6.75,North-West,12 Hours,17.406203,78.500763,47.97
Nagole,Apartment,2116,4,4,3,3,5,12,Semi-Furnished,2,No,No,No,No,Yes,11.77,5.18,4.29,South-West,12 Hours,17.3131,78.51121,93.37
Mallapur,Apartment,2333,4,3,1,4,8,9,Unfurnished,0,Yes,No,Yes,Yes,No,6.72,2.37,8.54,West,Limited,17.385814,78.495676,101.45
Lakdikapul,Apartment,2261,4,4,3,5,7,17,Unfurnished,2,No,Yes,Yes,Yes,No,1.69,1.84,6.94,South,12 Hours,17.474685,78.555193,121.33
Puppalaguda,Apartment,798,1,1,1,4,7,9,Semi-Furnished,2,Yes,No,Yes,Yes,Yes,11.66,7.14,7.6,South-West,12 Hours,17.300599,78.407926,62.75
Shamshabad,Builder Floor,932,2,2,1,17,17,10,Fully Furnished,2,No,Yes,Yes,Yes,No,10.6,5.54,3.39,South-West,12 Hours,17.317143,78.582353,49.06
Malkajgiri,Villa,1094,2,2,2,1,14,23,Semi-Furnished,1,No,No,No,No,Yes,6.08,4.2,2.81,North-East,12 Hours,17.382494,78.459524,45.09
Khairatabad,Apartment,711,1,1,1,1,11,18,Fully Furnished,0,No,Yes,No,Yes,No,3.93,4.51,0.56,South-East,24x7,17.310807,78.472763,44.38
Safilguda,Villa,1589,3,3,0,4,10,10,Unfurnished,0,No,No,Yes,Yes,Yes,12.38,3.24,1.41,South-East,Limited,17.46255,78.394817,70.14
Tolichowki,Builder Floor,2918,5,5,1,7,7,13,Fully Furnished,1,Yes,Yes,Yes,No,Yes,9.62,4.2,0.65,East,12 Hours,17.451599,78.446214,193.63
Badangpet,Apartment,1003,2,2,0,9,10,11,Unfurnished,1,No,No,Yes,No,Yes,6.06,0.58,8.78,North,Limited,17.291243,78.580073,39.36
Nacharam,Apartment,1750,4,4,1,16,17,2,Semi-Furnished,2,No,Yes,No,Yes,Yes,9.96,0.48,6.15,East,12 Hours,17.345656,78.459217,106.08
Ameerpet,Builder Floor,1024,2,1,0,0,1,12,Fully Furnished,0,No,No,Yes,Yes,Yes,12.66,3.99,2.5,East,24x7,17.48287,78.394558,73.57
Maheshwaram,Apartment,3135,5,5,1,7,7,7,Semi-Furnished,2,No,Yes,No,Yes,Yes,13.79,3.27,0.93,East,12 Hours,17.373547,78.576483,120.34
Suchitra,Apartment,1368,3,4,2,9,9,6,Unfurnished,1,Yes,No,Yes,No,No,1.9,5.51,3.79,South-East,12 Hours,17.391417,78.483171,63.89
Nanakramguda,Independent House,1824,3,4,1,8,15,0,Fully Furnished,1,Yes,No,Yes,Yes,No,4.72,6.39,6.28,West,Limited,17.298602,78.425458,182.24
Mallapur,Apartment,1856,3,3,2,2,10,13,Unfurnished,0,No,Yes,Yes,Yes,Yes,8.05,1.87,8.58,South,Limited,17.43263,78.424528,80.51
Bandlaguda Jagir,Villa,1298,2,2,0,1,11,20,Semi-Furnished,1,No,No,Yes,No,No,7.15,3.37,3.49,North,Limited,17.328049,78.559025,62.14
Isnapur,Builder Floor,946,2,3,1,6,14,11,Semi-Furnished,0,Yes,Yes,Yes,Yes,Yes,2.35,0.85,2.63,South-West,12 Hours,17.388699,78.457162,37.27
Patancheru,Independent House,1004,2,2,2,6,17,25,Semi-Furnished,1,No,No,No,Yes,No,13.34,7.77,5.84,North,12 Hours,17.294956,78.4404,41.01
Mehdipatnam,Apartment,648,1,1,0,2,11,2,Semi-Furnished,0,No,Yes,No,No,No,14.21,0.46,7.97,North,Limited,17.391723,78.575508,44.9
Boduppal,Builder Floor,1014,2,3,0,0,1,21,Unfurnished,0,Yes,Yes,Yes,Yes,Yes,10.88,1.91,3.71,North-West,24x7,17.423773,78.484565,36.26
Narsingi,Independent House,1429,3,3,1,4,5,11,Semi-Furnished,0,No,Yes,Yes,No,Yes,9.6,3.48,9.99,North,24x7,17.338555,78.47769,113.45
Punjagutta,Villa,1180,2,1,1,1,11,19,Semi-Furnished,1,No,No,Yes,Yes,Yes,9.76,6.16,1.45,North,12 Hours,17.426329,78.574828,95.15
Begumpet,Apartment,1201,2,3,0,5,11,25,Semi-Furnished,1,Yes,Yes,Yes,No,Yes,1.76,7.05,8.6,South-West,24x7,17.29344,78.485959,82.08
Bowenpally,Apartment,1562,3,3,2,2,11,14,Fully Furnished,2,No,No,Yes,No,Yes,13.25,7.07,3.63,North-East,24x7,17.318688,78.538793,79.39
Balapur,Apartment,1830,3,4,0,11,20,0,Semi-Furnished,2,No,No,No,Yes,Yes,14.98,7.99,1.67,North-East,Limited,17.474155,78.426121,70.73
Nagole,Apartment,1187,2,1,2,0,1,4,Semi-Furnished,0,No,No,Yes,No,No,8.04,3.35,2.57,South-West,24x7,17.425899,78.477469,63.89
Bachupally,Apartment,916,2,3,1,8,14,13,Fully Furnished,1,No,Yes,Yes,Yes,No,2.84,0.82,7.27,South-East,12 Hours,17.45492,78.482727,42.56
Shamshabad,Independent House,1164,2,3,2,10,12,25,Semi-Furnished,2,Yes,Yes,Yes,No,No,6.86,0.81,0.93,South,Limited,17.383649,78.502526,45.41
Ameenpur,Apartment,1242,3,3,3,14,20,19,Unfurnished,1,No,Yes,No,Yes,Yes,1.95,4.67,7.81,North,Limited,17.465182,78.521537,42.06
Abids,Villa,2143,4,3,3,5,5,24,Unfurnished,2,Yes,Yes,No,Yes,Yes,5.1,6.45,3.37,West,12 Hours,17.304899,78.507535,159.21
Nampally,Apartment,1190,2,1,2,4,8,15,Fully Furnished,1,Yes,No,Yes,No,No,1.55,1.71,8.14,North-East,12 Hours,17.30074,78.492162,70.97
Kapra,Apartment,1382,3,3,2,6,7,0,Semi-Furnished,0,No,Yes,Yes,No,No,10.76,2.43,3.99,South,Limited,17.402762,78.404544,74.74
Vanasthalipuram,Apartment,1663,3,4,1,0,1,17,Fully Furnished,2,Yes,Yes,Yes,No,No,6.15,7.51,8.9,East,Limited,17.319957,78.58412,85.5
Banjara Hills,Apartment,1679,3,2,3,5,8,3,Fully Furnished,1,Yes,Yes,No,No,Yes,3.92,3.69,1.79,North-West,24x7,17.422487,78.451784,194.65
Ramanthapur,Apartment,1252,3,3,1,15,15,11,Fully Furnished,1,Yes,No,Yes,No,Yes,7.64,0.57,1.59,South,24x7,17.480174,78.443952,67.97
Hitech City,Apartment,2044,4,5,3,7,9,24,Semi-Furnished,0,Yes,Yes,Yes,Yes,No,1.83,3.49,2.65,North-East,Limited,17.414973,78.391639,157.09
Habsiguda,Apartment,1004,2,2,0,19,19,0,Unfurnished,2,No,Yes,Yes,Yes,No,12.4,5.23,2.36,South-East,12 Hours,17.392316,78.442343,63.56
Manikonda,Apartment,1211,2,2,1,2,3,10,Unfurnished,0,Yes,Yes,Yes,No,Yes,12.55,4.24,3.55,North,Limited,17.3175,78.565707,60.18
Shamshabad,Apartment,1284,2,3,1,14,15,10,Fully Furnished,0,Yes,No,Yes,Yes,No,0.5,5.56,3.29,South-East,12 Hours,17.33498,78.39982,65.12
Pragathi Nagar,Builder Floor,1278,3,3,2,0,2,9,Semi-Furnished,1,Yes,Yes,No,No,Yes,2.05,1.82,5.23,East,24x7,17.399482,78.467604,84.58
Kapra,Apartment,858,2,2,0,9,13,20,Semi-Furnished,0,No,No,Yes,No,Yes,11.09,1.74,8.8,North-East,Limited,17.328363,78.520622,39.63
Old Alwal,Apartment,1181,2,3,2,7,14,21,Semi-Furnished,1,No,Yes,No,No,Yes,0.57,6.37,7.06,South,24x7,17.320143,78.506123,51.78
Shamshabad,Independent House,2263,4,4,0,0,15,5,Fully Furnished,1,No,Yes,No,Yes,No,12.92,2.48,1.39,North-West,24x7,17.374338,78.437529,121.88
Nagole,Apartment,1062,2,1,0,9,18,18,Semi-Furnished,2,Yes,No,Yes,No,Yes,12.69,7.77,4.85,North-West,Limited,17.382051,78.495381,53.67
Raidurg,Independent House,1779,3,4,3,2,3,19,Unfurnished,2,Yes,Yes,No,No,Yes,13.71,4.19,8.07,East,12 Hours,17.321362,78.403882,156.65
Jubilee Hills,Apartment,1427,3,3,3,0,3,5,Unfurnished,0,No,Yes,Yes,Yes,Yes,13.16,5.12,9.62,North-West,Limited,17.324247,78.524715,166.69
Osman Nagar,Apartment,2272,5,5,1,1,5,1,Unfurnished,0,No,Yes,Yes,Yes,No,1.48,5.68,9.59,South-West,Limited,17.368155,78.480535,130.08
Bowenpally,Independent House,930,2,3,2,12,15,14,Fully Furnished,0,Yes,No,Yes,No,Yes,2.39,6.23,8.19,South-East,12 Hours,17.305124,78.448626,56.74
Begumpet,Apartment,1585,3,3,3,3,9,0,Semi-Furnished,0,Yes,No,Yes,No,No,12.24,5.03,1.67,South-West,24x7,17.418157,78.443945,130.32
Chandanagar,Apartment,555,1,1,1,3,8,18,Unfurnished,1,Yes,Yes,Yes,No,No,4.11,1.8,6.44,East,12 Hours,17.323689,78.428774,29.58
Badangpet,Apartment,972,2,2,1,4,4,5,Fully Furnished,2,Yes,Yes,No,No,Yes,12.04,3.45,6.9,South,Limited,17.464349,78.428841,37.8
Chandanagar,Independent House,1738,3,3,0,3,14,4,Unfurnished,2,Yes,Yes,No,Yes,No,7.5,5.42,1.23,South,12 Hours,17.34092,78.412182,95.69
Kothaguda,Apartment,1815,3,3,0,2,11,11,Fully Furnished,0,No,Yes,No,Yes,No,7.65,0.86,8.09,South-East,12 Hours,17.300029,78.41354,128.78
Mallapur,Independent House,1095,2,1,0,5,6,19,Unfurnished,0,Yes,Yes,Yes,No,No,10.43,6.76,5.73,West,24x7,17.352932,78.52829,54.07
Narsingi,Apartment,1242,2,2,0,10,11,25,Fully Furnished,1,Yes,Yes,Yes,No,Yes,8.3,6.84,7.09,North-West,12 Hours,17.336204,78.516866,71.99
Uppal,Independent House,923,2,3,0,8,13,18,Unfurnished,1,No,No,No,Yes,Yes,12.88,1.83,9.57,South,12 Hours,17.392282,78.47413,46.39
Bollaram,Independent House,895,2,1,2,7,9,7,Unfurnished,2,Yes,Yes,Yes,Yes,Yes,2.15,0.91,3.33,North,12 Hours,17.405801,78.560967,39.82
Manikonda,Independent House,1221,3,3,2,6,10,18,Semi-Furnished,2,No,Yes,No,No,Yes,4.85,7.48,7.63,East,24x7,17.406553,78.467641,91.38
Tarnaka,Independent House,1452,3,3,2,0,1,8,Unfurnished,2,No,Yes,Yes,Yes,Yes,3.61,3.71,4.19,South-East,24x7,17.336419,78.482591,96.47
Banjara Hills,Independent House,1200,2,3,2,6,9,9,Fully Furnished,2,Yes,Yes,No,Yes,No,11.64,7.37,8.91,West,Limited,17.467763,78.460359,157.6
Badangpet,Apartment,993,2,2,1,1,2,11,Semi-Furnished,0,No,No,No,Yes,Yes,11.97,6.31,4.39,South,Limited,17.361707,78.554024,37.38
Nallagandla,Independent House,1617,3,2,2,9,19,3,Semi-Furnished,2,Yes,Yes,Yes,Yes,Yes,6.86,5.68,4.21,South-East,24x7,17.407834,78.453529,118.67
Osman Nagar,Apartment,1768,3,3,2,8,17,23,Fully Furnished,2,Yes,No,No,Yes,No,10.56,0.98,9.01,North,12 Hours,17.292673,78.560859,82.43
Attapur,Apartment,1984,4,3,3,6,11,12,Semi-Furnished,1,Yes,No,No,Yes,Yes,12.42,1.38,9.4,East,24x7,17.36465,78.486133,106.04
Ameenpur,Apartment,1780,3,3,2,13,19,15,Fully Furnished,2,Yes,No,Yes,No,No,2.49,3.85,1.24,East,Limited,17.287553,78.56101,64.21
Miyapur,Villa,1843,3,3,0,13,17,2,Fully Furnished,1,Yes,Yes,No,Yes,No,14.33,1.54,6.23,South-West,Limited,17.353593,78.414349,115.03
Tellapur,Villa,1203,3,2,1,8,8,18,Unfurnished,0,Yes,No,Yes,Yes,Yes,7.6,6.56,4.49,North-East,Limited,17.384265,78.467429,84.51
Meerpet,Apartment,1298,2,2,1,11,11,0,Unfurnished,1,No,No,Yes,Yes,No,9.35,1.4,9.21,East,12 Hours,17.369179,78.578984,48.56
Miyapur,Apartment,844,1,1,0,13,17,8,Fully Furnished,2,Yes,No,Yes,No,No,1.65,5.69,4.19,South-West,Limited,17.446496,78.408571,46.56
Nagole,Apartment,1198,2,2,2,5,6,12,Fully Furnished,0,No,No,No,Yes,No,1.9,1.36,3.61,North,12 Hours,17.35237,78.500596,61.31
Masab Tank,Independent House,1683,3,3,2,1,2,13,Unfurnished,1,No,Yes,No,No,No,13.03,1.08,8.93,West,Limited,17.300668,78.401215,95.84
Vanasthalipuram,Apartment,2558,4,3,2,0,6,3,Unfurnished,1,No,Yes,Yes,Yes,No,0.74,3.31,3.46,South-East,Limited,17.32757,78.520451,136.24
Nampally,Apartment,1420,3,4,1,7,16,7,Unfurnished,2,Yes,Yes,No,No,No,4.99,5.35,3.19,South,24x7,17.451579,78.411718,90.2
Gachibowli,Apartment,2096,4,5,0,14,16,25,Fully Furnished,2,Yes,Yes,No,Yes,Yes,10.58,5.85,6.3,North-East,12 Hours,17.396364,78.575976,193.7
Kokapet,Apartment,1320,3,2,0,5,7,12,Fully Furnished,0,No,No,No,Yes,Yes,1.32,7.97,6.45,East,24x7,17.350388,78.508038,116.05
Nagole,Builder Floor,861,2,1,0,4,9,8,Unfurnished,1,No,No,Yes,Yes,No,11.04,7.2,5.22,South-East,24x7,17.452386,78.585797,52.83
Film Nagar,Apartment,1140,2,2,2,0,7,10,Unfurnished,1,Yes,Yes,Yes,No,No,10.68,0.52,9.46,South-West,24x7,17.307572,78.508594,114.24
Bollaram,Apartment,1731,3,3,1,7,8,15,Semi-Furnished,1,No,No,No,No,No,13.05,2.8,8.39,North-East,24x7,17.342049,78.434542,59.4
LB Nagar,Apartment,1775,3,2,3,11,15,15,Fully Furnished,1,No,No,No,No,No,6.22,2.6,1.33,North,12 Hours,17.296276,78.460577,85.05
Safilguda,Apartment,1198,2,2,2,17,20,11,Unfurnished,1,No,Yes,Yes,No,Yes,5.23,0.97,4.94,South-East,24x7,17.39707,78.532423,63.19
Tukkuguda,Apartment,1689,3,4,3,7,10,13,Unfurnished,2,No,Yes,Yes,Yes,Yes,8.1,3.68,7.87,North,12 Hours,17.407537,78.503775,51.64
Meerpet,Builder Floor,2383,4,5,3,2,10,0,Semi-Furnished,2,Yes,No,No,No,No,3.04,6.64,4.35,North-East,12 Hours,17.413097,78.43859,114.01
Manikonda,Independent House,1316,3,3,1,1,3,2,Semi-Furnished,0,Yes,Yes,No,Yes,No,10.08,3.59,7.98,North-East,12 Hours,17.308854,78.431616,86.97
Puppalaguda,Apartment,1558,3,3,3,1,15,3,Fully Furnished,1,No,Yes,Yes,No,No,1.63,1.33,9.95,North-West,12 Hours,17.453089,78.526959,109.94
Ameenpur,Apartment,1663,3,3,2,3,4,17,Unfurnished,0,Yes,Yes,Yes,No,Yes,1.7,5.32,5.25,East,24x7,17.355195,78.467631,80.28
Malkajgiri,Apartment,823,1,1,1,5,11,11,Semi-Furnished,2,No,Yes,No,Yes,Yes,8.63,2.06,6.26,South,24x7,17.323375,78.398943,43.92
Kokapet,Independent House,1625,3,4,2,16,20,7,Semi-Furnished,2,Yes,No,No,No,Yes,2.5,7.85,4.8,North-West,Limited,17.482843,78.420066,157.44
Khairatabad,Apartment,1181,2,2,1,2,2,4,Semi-Furnished,1,No,No,No,Yes,Yes,6.0,7.46,0.77,North-East,12 Hours,17.440906,78.437217,81.89
Pragathi Nagar,Independent House,1282,2,3,1,11,13,10,Fully Furnished,2,No,Yes,No,No,No,6.14,7.68,2.8,North,Limited,17.425787,78.575835,65.04
Malkajgiri,Apartment,638,1,2,1,7,19,21,Fully Furnished,0,Yes,Yes,Yes,Yes,Yes,3.13,6.09,3.74,West,24x7,17.417394,78.479671,26.92
LB Nagar,Apartment,992,2,1,1,1,10,22,Semi-Furnished,2,No,Yes,Yes,No,Yes,0.52,4.44,9.11,South-West,12 Hours,17.37492,78.424426,48.82
Shamshabad,Independent House,931,2,3,0,7,16,9,Semi-Furnished,2,No,Yes,Yes,No,No,14.35,7.08,3.44,North-East,Limited,17.390717,78.548821,35.73
Raidurg,Independent House,2487,5,5,1,11,18,25,Semi-Furnished,0,No,No,No,Yes,Yes,11.33,4.52,5.61,West,Limited,17.417758,78.409377,184.67
Malkajgiri,Apartment,1758,3,3,1,3,9,2,Unfurnished,2,Yes,Yes,No,No,Yes,11.16,1.6,2.46,South-West,Limited,17.385061,78.56552,85.86
Kapra,Apartment,1537,3,4,0,7,14,1,Semi-Furnished,1,Yes,No,No,No,No,11.17,7.61,3.6,South-West,24x7,17.296031,78.550828,71.42
Suchitra,Apartment,1625,3,4,1,0,4,4,Semi-Furnished,0,No,No,No,No,Yes,8.79,2.45,4.56,North-East,12 Hours,17.358434,78.49516,67.16
Nizampet,Apartment,843,1,1,0,8,12,21,Semi-Furnished,2,No,Yes,No,Yes,Yes,10.58,3.95,0.83,North,12 Hours,17.434263,78.388371,46.25
Raidurg,Apartment,906,2,1,0,8,8,24,Semi-Furnished,0,Yes,No,Yes,No,No,14.04,7.16,7.28,North-East,Limited,17.401159,78.529578,76.29
Gachibowli,Apartment,1792,3,2,0,12,19,21,Fully Furnished,1,Yes,Yes,No,No,Yes,3.24,2.87,0.75,West,24x7,17.426099,78.521056,167.86
Boduppal,Apartment,1741,4,4,1,0,5,11,Unfurnished,0,Yes,Yes,Yes,No,No,14.8,0.68,5.93,East,12 Hours,17.285257,78.410732,59.94
Attapur,Independent House,1284,2,1,0,7,10,17,Unfurnished,1,No,No,Yes,Yes,No,3.28,0.64,4.23,North-West,24x7,17.420026,78.47019,62.22
Dilsukhnagar,Apartment,1673,3,4,0,3,6,6,Unfurnished,1,Yes,Yes,No,Yes,Yes,10.49,7.23,3.73,South-East,24x7,17.389372,78.401535,99.8
Pocharam,Builder Floor,1557,3,3,2,3,3,19,Semi-Furnished,2,No,No,No,No,No,5.99,3.35,6.54,North-East,12 Hours,17.453,78.531683,52.44
Neknampur,Apartment,1208,3,2,0,0,1,6,Semi-Furnished,1,Yes,No,No,No,Yes,0.75,3.96,5.32,North,24x7,17.308511,78.584745,76.62
Somajiguda,Apartment,1068,2,2,2,1,5,23,Unfurnished,1,No,Yes,Yes,No,No,2.22,4.1,4.01,South-East,12 Hours,17.287356,78.586185,86.61
Gachibowli,Apartment,729,1,1,0,12,17,5,Fully Furnished,2,No,No,Yes,Yes,Yes,14.38,4.21,5.99,North-East,24x7,17.418604,78.422036,82.26
Rajendra Nagar,Apartment,1930,4,3,2,10,12,11,Fully Furnished,2,Yes,Yes,No,No,No,11.7,3.85,1.44,South,24x7,17.465807,78.450736,108.7
Kompally,Apartment,2202,4,3,2,4,9,12,Fully Furnished,2,No,Yes,Yes,Yes,Yes,4.05,3.12,9.89,North-East,24x7,17.322581,78.511659,144.18
Ameerpet,Apartment,1056,2,2,1,1,15,2,Semi-Furnished,1,Yes,Yes,No,Yes,Yes,1.18,3.08,4.32,North-West,12 Hours,17.327242,78.449336,66.43
Kondapur,Apartment,1171,2,1,2,3,5,5,Fully Furnished,2,No,No,No,No,Yes,6.8,0.47,1.6,South-East,Limited,17.465383,78.466137,87.05
Shamshabad,Apartment,1802,4,3,1,18,18,4,Unfurnished,2,Yes,No,No,No,No,3.68,4.63,2.76,South-West,12 Hours,17.374682,78.450807,74.8
Pragathi Nagar,Apartment,984,2,2,2,13,19,18,Unfurnished,2,No,Yes,No,No,No,8.41,1.98,9.06,North-East,Limited,17.479244,78.474307,53.68
Malkajgiri,Apartment,1063,2,2,1,8,11,24,Unfurnished,0,Yes,Yes,No,Yes,No,5.84,5.12,9.56,North-East,Limited,17.398173,78.418147,51.07
Shamshabad,Independent House,2219,4,4,1,8,10,17,Unfurnished,0,Yes,No,Yes,No,No,7.84,1.91,0.95,South,24x7,17.387687,78.516821,85.23
Kondapur,Apartment,1288,3,4,3,0,4,0,Unfurnished,1,Yes,Yes,Yes,No,Yes,6.83,4.14,3.53,North-East,24x7,17.373087,78.566936,128.49
Shamshabad,Apartment,1205,3,2,0,0,1,2,Unfurnished,0,Yes,Yes,Yes,No,Yes,4.2,0.36,1.39,South,Limited,17.382721,78.507344,46.59
Kothaguda,Apartment,1279,3,3,3,4,16,8,Semi-Furnished,0,No,No,No,No,No,1.59,5.93,7.55,North-East,12 Hours,17.481719,78.52017,84.52
Narsingi,Villa,1400,3,3,3,9,11,24,Semi-Furnished,1,No,Yes,Yes,No,No,11.26,5.59,6.23,East,Limited,17.350324,78.511363,84.83
Kothapet,Independent House,1066,2,1,2,12,16,17,Unfurnished,0,No,No,No,Yes,No,11.08,4.72,5.88,North,Limited,17.289777,78.476705,46.15
Safilguda,Apartment,1849,3,4,3,7,12,25,Semi-Furnished,2,No,No,No,No,No,9.21,7.3,5.16,South-West,24x7,17.37266,78.439239,88.23
Tukkuguda,Apartment,2025,4,3,3,4,17,6,Fully Furnished,2,Yes,No,Yes,Yes,Yes,4.55,6.25,7.07,North,12 Hours,17.422829,78.489614,85.75
Champapet,Apartment,876,2,3,0,11,18,8,Semi-Furnished,0,No,Yes,Yes,No,Yes,2.46,2.21,0.53,North-West,Limited,17.348918,78.505062,41.39
Champapet,Apartment,1737,3,2,1,4,6,21,Semi-Furnished,1,No,No,Yes,Yes,Yes,7.72,5.56,4.67,West,Limited,17.314491,78.401349,75.47
Bandlaguda Jagir,Apartment,1200,2,1,1,3,10,24,Semi-Furnished,1,Yes,No,No,No,Yes,9.75,7.78,3.21,South-East,12 Hours,17.435482,78.537363,61.69
Khajaguda,Apartment,1500,3,3,3,4,8,6,Semi-Furnished,1,Yes,No,Yes,No,Yes,9.65,6.3,7.84,South-West,24x7,17.418877,78.482098,120.17
Jubilee Hills,Apartment,1190,2,3,0,1,3,4,Unfurnished,1,No,No,No,Yes,Yes,10.32,5.07,5.35,West,12 Hours,17.292672,78.510993,173.31
Banjara Hills,Independent House,1786,3,3,0,2,16,16,Fully Furnished,2,Yes,Yes,Yes,Yes,Yes,2.02,4.58,6.65,East,12 Hours,17.385072,78.458203,234.92
Miyapur,Apartment,2349,4,3,3,4,8,2,Semi-Furnished,2,No,Yes,No,No,No,5.78,2.82,8.16,North,24x7,17.41356,78.52526,124.99
Masab Tank,Apartment,1508,3,2,2,6,14,6,Unfurnished,2,Yes,No,Yes,Yes,No,10.87,4.22,3.66,East,12 Hours,17.353467,78.540654,107.25
ECIL,Apartment,2024,4,3,0,2,19,13,Semi-Furnished,0,No,No,No,Yes,No,9.94,5.02,8.52,South-West,12 Hours,17.461567,78.492262,85.63
Tukkuguda,Independent House,883,2,2,1,2,5,8,Fully Furnished,1,No,Yes,No,Yes,No,13.8,4.69,6.85,South,12 Hours,17.400575,78.536563,31.5
Kothapet,Apartment,1913,4,4,2,5,13,3,Unfurnished,0,No,Yes,Yes,Yes,No,9.46,4.79,8.72,South-East,12 Hours,17.299713,78.397387,102.63
Kothapet,Independent House,1824,3,2,1,1,1,1,Fully Furnished,0,No,Yes,Yes,Yes,Yes,12.36,6.47,1.71,South,24x7,17.390975,78.509681,117.16
Nacharam,Apartment,1313,3,3,2,3,19,4,Fully Furnished,2,Yes,Yes,Yes,No,Yes,13.13,6.14,1.57,South,Limited,17.303731,78.540318,66.85
Hafeezpet,Apartment,1142,2,1,1,12,15,3,Fully Furnished,2,No,Yes,No,Yes,Yes,7.35,5.02,9.2,North,24x7,17.347341,78.447948,72.48
Somajiguda,Apartment,1570,3,3,0,3,12,11,Semi-Furnished,0,No,Yes,No,No,Yes,11.69,5.83,9.97,East,Limited,17.299471,78.562921,145.35
Puppalaguda,Independent House,1292,3,4,1,17,18,5,Unfurnished,2,Yes,No,No,No,Yes,12.29,1.05,2.35,North,Limited,17.403597,78.573899,81.37
Banjara Hills,Apartment,1491,3,4,1,5,5,5,Unfurnished,0,Yes,No,Yes,No,Yes,7.07,7.0,7.39,South-East,Limited,17.367886,78.524607,159.5
Kothaguda,Apartment,919,2,3,2,7,9,11,Fully Furnished,0,No,No,No,No,Yes,6.92,2.7,3.09,West,24x7,17.340452,78.586037,66.43
Nagole,Apartment,1595,3,3,1,3,12,5,Fully Furnished,0,Yes,No,No,No,Yes,4.53,3.18,5.98,North-West,12 Hours,17.413944,78.457758,97.79
Karmanghat,Apartment,1970,4,5,1,3,18,23,Semi-Furnished,2,No,Yes,No,No,Yes,5.52,5.79,1.48,South-East,24x7,17.291211,78.497536,88.09
Hitech City,Apartment,1654,3,2,2,9,20,17,Semi-Furnished,0,No,No,Yes,No,Yes,5.55,7.43,8.78,South,24x7,17.392476,78.554857,158.97
Nacharam,Apartment,836,1,1,0,1,1,20,Fully Furnished,0,Yes,Yes,Yes,Yes,No,3.07,1.19,6.64,North-East,24x7,17.35835,78.434114,40.46
Maheshwaram,Apartment,1283,3,3,0,3,6,24,Fully Furnished,0,Yes,Yes,No,Yes,Yes,0.72,5.48,2.09,South-West,Limited,17.299475,78.577526,43.06
Osman Nagar,Independent House,1784,3,3,2,8,20,6,Unfurnished,1,Yes,Yes,Yes,Yes,No,1.21,0.33,6.66,South-West,Limited,17.469462,78.471879,100.35
Suchitra,Independent House,904,2,2,0,8,13,10,Unfurnished,1,No,Yes,No,Yes,Yes,8.35,1.2,3.9,North,24x7,17.395812,78.572867,51.42
Dilsukhnagar,Villa,1722,4,5,2,8,19,3,Unfurnished,1,Yes,No,Yes,Yes,No,4.79,7.39,7.35,South,12 Hours,17.434648,78.56731,102.97
Abids,Apartment,1221,3,2,1,9,11,18,Semi-Furnished,2,No,Yes,No,Yes,Yes,14.79,7.47,7.03,South-East,Limited,17.304225,78.471615,74.48
Raidurg,Apartment,2372,4,4,2,19,20,24,Semi-Furnished,1,Yes,No,No,No,Yes,1.14,7.88,6.2,West,Limited,17.393477,78.492191,197.38
Financial District,Apartment,1267,2,2,1,4,20,3,Fully Furnished,1,Yes,Yes,No,Yes,No,11.42,0.97,3.55,South-East,12 Hours,17.285158,78.548728,112.98
Khajaguda,Apartment,1754,3,4,0,1,13,2,Semi-Furnished,1,Yes,Yes,Yes,No,No,9.16,7.19,6.43,South-East,12 Hours,17.41177,78.569623,129.58
Balapur,Apartment,1051,2,3,1,8,10,3,Semi-Furnished,0,Yes,Yes,No,No,Yes,14.87,6.03,7.15,East,24x7,17.418055,78.40244,40.39
Banjara Hills,Apartment,990,2,2,0,3,6,11,Semi-Furnished,2,No,Yes,Yes,No,No,12.95,0.8,4.78,West,12 Hours,17.317786,78.533891,124.97
Alwal,Apartment,1741,4,4,2,9,12,22,Semi-Furnished,2,Yes,Yes,No,No,Yes,8.11,4.98,1.16,East,12 Hours,17.377678,78.506586,78.84
Somajiguda,Apartment,1124,2,2,0,1,7,12,Semi-Furnished,2,Yes,No,No,No,Yes,11.55,6.74,2.76,East,12 Hours,17.433328,78.447228,94.36
Banjara Hills,Apartment,1227,3,4,2,0,1,1,Semi-Furnished,1,Yes,Yes,Yes,No,No,5.86,0.44,8.14,North-West,Limited,17.316657,78.524324,153.04
Hitech City,Apartment,1105,2,2,2,5,9,22,Semi-Furnished,2,Yes,Yes,Yes,No,No,6.09,5.82,2.93,South,12 Hours,17.370071,78.436141,106.05
Puppalaguda,Apartment,3259,5,4,0,12,16,22,Fully Furnished,2,Yes,Yes,Yes,Yes,No,1.08,6.58,0.72,West,12 Hours,17.337407,78.563043,237.13
Bowenpally,Apartment,1121,2,1,0,20,20,3,Unfurnished,2,No,No,No,Yes,No,12.84,4.5,4.77,North-East,12 Hours,17.324288,78.509469,71.07
ECIL,Apartment,1219,3,2,2,2,5,19,Semi-Furnished,1,No,No,Yes,Yes,No,4.22,7.03,5.68,South-West,Limited,17.363307,78.529364,50.63
Nampally,Apartment,843,1,1,0,0,9,22,Fully Furnished,0,No,No,No,No,No,2.96,6.03,4.05,West,12 Hours,17.40994,78.443208,37.25
Bowenpally,Villa,1422,3,2,3,6,13,23,Semi-Furnished,1,No,Yes,No,No,Yes,0.7,6.79,1.49,North-West,12 Hours,17.305589,78.530505,88.22
Ramanthapur,Apartment,2502,4,3,0,2,5,11,Unfurnished,1,No,Yes,No,Yes,No,1.12,6.44,4.5,East,24x7,17.426753,78.436489,101.69
Kollur,Apartment,1625,3,3,1,20,20,7,Semi-Furnished,0,No,Yes,Yes,No,No,3.01,3.51,3.69,West,24x7,17.351843,78.391848,80.2
Mallapur,Apartment,1466,3,3,3,0,1,21,Fully Furnished,0,Yes,Yes,Yes,Yes,Yes,2.91,6.94,7.0,East,12 Hours,17.445661,78.56616,60.82
Boduppal,Apartment,1128,2,2,0,1,8,24,Unfurnished,1,No,No,Yes,No,No,3.08,6.77,7.51,South-West,12 Hours,17.3761,78.392865,40.77
Puppalaguda,Apartment,1442,3,3,3,9,10,4,Unfurnished,1,Yes,No,No,No,No,11.4,3.21,2.34,South,Limited,17.287602,78.57565,102.48
Bachupally,Apartment,1132,2,1,1,0,1,16,Unfurnished,0,No,No,No,No,Yes,13.52,7.6,7.66,West,24x7,17.353387,78.571544,45.42
Saroornagar,Builder Floor,1497,3,2,0,2,16,18,Semi-Furnished,1,No,No,No,No,No,13.96,6.12,4.08,North-West,24x7,17.401285,78.496487,63.18
Safilguda,Apartment,919,2,1,0,5,10,22,Semi-Furnished,2,No,Yes,No,No,No,5.5,6.94,6.38,North,24x7,17.370777,78.517153,34.99
Financial District,Apartment,2464,5,5,3,3,3,12,Semi-Furnished,0,Yes,Yes,No,Yes,No,9.59,1.53,1.12,West,12 Hours,17.285143,78.574071,199.42
Shamshabad,Apartment,1830,3,3,0,12,14,15,Semi-Furnished,2,No,Yes,Yes,Yes,Yes,7.73,6.15,7.09,South,24x7,17.331716,78.439395,68.76
Raidurg,Apartment,1198,2,2,1,0,2,10,Unfurnished,2,Yes,No,No,No,No,8.26,3.38,3.79,East,24x7,17.30961,78.58397,87.36
Bandlaguda Jagir,Apartment,1385,3,3,3,7,17,18,Unfurnished,2,Yes,Yes,No,Yes,Yes,4.96,4.37,5.67,East,12 Hours,17.30806,78.408098,62.14
Bandlaguda Jagir,Independent House,1092,2,3,1,3,10,18,Semi-Furnished,2,Yes,Yes,No,No,Yes,11.56,1.58,6.73,North-East,12 Hours,17.455914,78.43809,64.47
Alwal,Apartment,1896,3,2,0,0,13,23,Fully Furnished,1,No,Yes,Yes,Yes,Yes,3.6,5.8,6.95,North-East,12 Hours,17.329618,78.398003,79.34
Bollaram,Apartment,1880,3,4,2,5,10,2,Fully Furnished,1,Yes,Yes,No,No,Yes,9.5,4.82,2.94,South-East,Limited,17.371302,78.432684,69.08
Peerzadiguda,Apartment,1287,3,3,1,4,18,14,Semi-Furnished,1,No,Yes,Yes,Yes,No,5.18,3.13,9.28,North,12 Hours,17.335699,78.574807,45.51
Khajaguda,Apartment,855,2,3,1,6,15,1,Fully Furnished,2,No,Yes,Yes,Yes,No,6.3,3.34,0.98,South-West,12 Hours,17.398361,78.457585,76.01
Meerpet,Independent House,1187,2,2,2,4,6,21,Fully Furnished,0,Yes,No,Yes,No,Yes,9.52,2.64,6.57,North-West,12 Hours,17.36737,78.532216,45.2
Masab Tank,Apartment,898,2,1,1,2,14,14,Fully Furnished,1,No,No,Yes,Yes,No,14.05,5.74,4.23,North,Limited,17.456346,78.575519,47.89
Chandanagar,Apartment,1326,3,3,2,6,12,11,Unfurnished,2,No,No,No,Yes,Yes,1.51,2.3,7.62,South,Limited,17.397139,78.405711,65.02
Somajiguda,Apartment,614,1,1,0,2,3,17,Unfurnished,0,Yes,Yes,Yes,No,Yes,1.31,4.72,6.37,South,24x7,17.367693,78.427941,47.73
Nallagandla,Villa,870,2,2,2,1,10,25,Semi-Furnished,1,No,No,Yes,No,Yes,10.6,1.52,2.06,South-East,12 Hours,17.316657,78.477832,68.72
Nanakramguda,Apartment,1879,3,4,3,5,8,22,Semi-Furnished,2,No,Yes,No,No,Yes,11.1,1.39,2.57,North-West,24x7,17.423373,78.463314,127.49
Neknampur,Apartment,951,2,3,2,6,9,13,Fully Furnished,0,No,Yes,No,No,No,13.78,2.6,0.72,West,12 Hours,17.398664,78.474602,51.92
Chandanagar,Apartment,1466,3,3,3,0,6,11,Semi-Furnished,1,Yes,Yes,Yes,No,No,13.25,3.01,0.51,South-East,Limited,17.377938,78.550847,66.41
Mehdipatnam,Apartment,1413,3,4,0,5,15,4,Fully Furnished,2,No,Yes,Yes,No,No,7.83,4.37,1.43,South-East,Limited,17.451432,78.485502,75.07
Himayat Nagar,Independent House,1884,4,4,2,3,10,1,Semi-Furnished,0,Yes,No,Yes,No,Yes,6.77,6.36,9.71,South-West,24x7,17.287728,78.447344,177.44
Maheshwaram,Apartment,921,2,1,0,0,12,5,Fully Furnished,2,No,Yes,No,Yes,No,7.37,4.62,8.53,East,12 Hours,17.443052,78.445851,31.48
Mehdipatnam,Apartment,1155,2,1,2,4,12,5,Semi-Furnished,2,No,No,Yes,No,Yes,11.63,4.15,1.49,East,Limited,17.369224,78.468805,73.62
Kothapet,Apartment,1557,3,2,2,9,13,18,Unfurnished,0,Yes,Yes,No,Yes,Yes,6.27,4.33,6.91,North-East,Limited,17.312274,78.426038,75.81
Uppal,Apartment,1795,3,3,3,3,20,9,Unfurnished,1,Yes,No,Yes,No,No,7.61,6.78,3.14,South-East,12 Hours,17.324626,78.38854,78.27
Neredmet,Villa,1651,3,3,3,7,7,3,Semi-Furnished,1,Yes,No,Yes,Yes,Yes,14.38,6.5,4.01,North-West,24x7,17.348275,78.581329,95.35
Raidurg,Apartment,1508,3,4,1,6,11,20,Unfurnished,1,Yes,Yes,No,Yes,Yes,2.28,0.93,2.07,South,Limited,17.354166,78.458268,131.24
Kapra,Apartment,589,1,1,0,1,3,1,Unfurnished,2,No,No,No,No,Yes,14.93,5.59,5.9,West,Limited,17.452842,78.393099,29.05
Tellapur,Independent House,584,1,1,1,11,11,17,Unfurnished,1,No,Yes,Yes,No,Yes,8.98,3.85,6.62,North-West,12 Hours,17.463415,78.493804,33.47
Miyapur,Apartment,990,2,2,2,10,10,14,Unfurnished,0,No,Yes,No,No,No,6.38,4.97,1.75,East,12 Hours,17.415756,78.46411,50.1
Nagole,Apartment,1441,3,2,3,1,1,22,Unfurnished,0,No,No,No,Yes,No,14.22,7.03,0.94,North,Limited,17.293954,78.39751,60.34
Film Nagar,Builder Floor,1529,3,4,0,4,5,9,Semi-Furnished,0,Yes,No,Yes,No,Yes,10.06,4.55,9.12,North-East,Limited,17.394924,78.564264,164.22
Puppalaguda,Villa,2527,4,5,0,4,9,14,Semi-Furnished,0,No,Yes,No,Yes,No,13.46,0.44,7.71,East,Limited,17.44953,78.428709,183.48
Bowenpally,Apartment,558,1,1,0,15,20,17,Unfurnished,1,No,Yes,No,No,No,9.66,1.86,6.29,North,24x7,17.34832,78.466731,30.43
Neknampur,Apartment,1169,2,1,0,8,11,6,Unfurnished,2,Yes,Yes,Yes,No,Yes,3.77,2.29,3.05,South-East,24x7,17.385714,78.547029,62.56
Nizampet,Apartment,1283,3,3,2,5,18,21,Unfurnished,0,Yes,Yes,Yes,No,No,11.44,7.9,1.63,South-West,24x7,17.383123,78.556454,66.72
Dilsukhnagar,Apartment,1401,3,3,0,3,8,14,Fully Furnished,1,Yes,Yes,No,No,No,12.47,2.28,1.75,South-West,24x7,17.383091,78.438239,86.82
ECIL,Villa,2352,4,5,2,2,9,5,Fully Furnished,1,No,Yes,Yes,Yes,No,4.17,6.92,3.97,East,Limited,17.400404,78.43093,147.46
Neredmet,Independent House,875,2,1,1,0,1,0,Fully Furnished,1,No,Yes,No,No,No,11.53,7.65,3.88,South-West,12 Hours,17.445627,78.395529,44.99
Punjagutta,Independent House,1020,2,2,2,7,7,24,Fully Furnished,0,Yes,Yes,No,Yes,No,6.83,5.93,6.95,South-West,12 Hours,17.31107,78.545914,90.08
Shamshabad,Apartment,1737,3,2,1,1,2,19,Fully Furnished,1,Yes,No,Yes,No,Yes,2.82,5.36,7.67,North-West,12 Hours,17.383443,78.56283,65.9
Safilguda,Apartment,2509,5,4,0,0,16,2,Unfurnished,1,No,No,No,No,No,7.16,2.57,2.85,West,24x7,17.392499,78.39656,138.4
Nagole,Apartment,1204,2,1,2,3,16,22,Semi-Furnished,1,No,Yes,Yes,Yes,Yes,14.67,7.88,5.97,North,24x7,17.33396,78.522817,65.41
Isnapur,Builder Floor,659,1,1,1,4,4,15,Unfurnished,1,No,Yes,Yes,Yes,Yes,11.77,2.07,9.46,East,24x7,17.307752,78.468892,18.21
Kapra,Apartment,2151,4,4,0,5,5,18,Semi-Furnished,2,Yes,No,Yes,No,No,8.69,7.92,4.89,North,Limited,17.427414,78.42239,88.62
Patancheru,Apartment,1737,3,2,1,7,17,25,Fully Furnished,2,No,Yes,Yes,Yes,No,3.09,2.43,4.57,South-West,Limited,17.473079,78.438833,63.49
Pragathi Nagar,Independent House,1596,3,2,2,12,18,15,Unfurnished,1,No,No,No,No,No,9.01,1.22,3.84,East,24x7,17.457698,78.541205,77.42
ECIL,Apartment,1379,3,3,2,7,15,0,Fully Furnished,0,Yes,No,Yes,No,No,3.04,2.03,1.75,South-West,24x7,17.44936,78.54055,78.99
Mehdipatnam,Apartment,936,2,3,2,1,5,2,Unfurnished,2,No,Yes,No,Yes,No,6.06,6.95,5.65,South-East,12 Hours,17.35244,78.439202,51.72
Masab Tank,Apartment,1075,2,3,0,16,19,22,Semi-Furnished,1,Yes,No,Yes,No,No,13.82,2.85,9.11,North-East,24x7,17.386951,78.503752,69.28
Tolichowki,Apartment,1181,2,3,2,16,20,15,Unfurnished,1,No,No,Yes,Yes,Yes,11.57,4.0,2.33,East,12 Hours,17.380072,78.459403,68.85
Bandlaguda Jagir,Villa,2331,5,4,0,0,1,15,Fully Furnished,1,Yes,Yes,Yes,No,Yes,7.41,2.23,6.07,South-West,Limited,17.465252,78.419484,107.08
Bachupally,Apartment,813,1,1,0,2,8,5,Semi-Furnished,1,No,No,No,No,No,11.65,7.32,9.5,South-West,Limited,17.313174,78.511689,34.07
Bandlaguda Jagir,Apartment,1893,3,4,0,9,15,0,Semi-Furnished,1,No,No,No,Yes,Yes,10.38,3.19,2.58,South-East,Limited,17.471383,78.442474,86.85
Hafeezpet,Apartment,1137,2,2,1,6,20,0,Fully Furnished,1,No,Yes,Yes,Yes,Yes,3.05,0.93,2.03,South-East,24x7,17.297653,78.507303,74.27
Champapet,Apartment,867,2,2,1,1,6,22,Semi-Furnished,2,Yes,Yes,Yes,No,No,2.39,7.75,5.32,North-East,12 Hours,17.463755,78.492662,31.99
Ghatkesar,Apartment,1712,3,3,0,1,4,11,Fully Furnished,0,Yes,Yes,No,Yes,Yes,1.18,7.85,5.64,West,24x7,17.451315,78.416762,81.71
Adibatla,Apartment,1258,2,3,2,0,7,6,Unfurnished,1,Yes,No,Yes,Yes,No,5.58,1.94,4.45,North-East,Limited,17.460776,78.449687,44.97
Begumpet,Independent House,1706,3,2,2,1,11,19,Unfurnished,0,No,No,No,Yes,No,1.82,4.69,0.87,South-East,Limited,17.378692,78.506361,109.72
Abids,Independent House,1419,3,3,0,0,4,14,Semi-Furnished,0,No,No,Yes,Yes,No,7.35,5.91,7.21,East,24x7,17.339979,78.39326,97.5
Himayat Nagar,Apartment,1320,3,3,1,5,16,11,Semi-Furnished,1,No,No,Yes,Yes,Yes,7.07,2.74,1.76,North-East,12 Hours,17.46402,78.58323,103.82
Neredmet,Apartment,1191,2,3,2,0,7,14,Semi-Furnished,0,No,Yes,Yes,No,No,3.12,6.11,6.4,North-East,24x7,17.317328,78.56787,51.02
Balapur,Apartment,919,2,2,2,3,4,12,Semi-Furnished,2,Yes,Yes,No,Yes,No,9.7,6.23,3.39,East,Limited,17.31575,78.571045,27.61
Bandlaguda Jagir,Villa,1591,3,3,0,11,11,16,Semi-Furnished,2,No,Yes,No,Yes,Yes,8.3,6.75,7.27,East,Limited,17.431341,78.528536,74.91
Osman Nagar,Apartment,882,2,1,2,9,16,16,Fully Furnished,1,Yes,No,Yes,Yes,No,8.31,3.32,0.82,East,Limited,17.327201,78.524359,47.79
Suchitra,Apartment,1041,2,2,0,5,15,13,Unfurnished,0,No,No,No,Yes,Yes,11.45,2.23,6.98,South-East,24x7,17.372734,78.5431,45.98
Tarnaka,Apartment,1823,3,4,2,8,11,10,Unfurnished,1,No,Yes,No,No,Yes,9.55,2.84,1.5,South-West,12 Hours,17.375652,78.545138,105.32
Begumpet,Apartment,1093,2,3,2,4,11,10,Semi-Furnished,1,No,No,Yes,No,Yes,8.05,5.21,3.75,North-West,Limited,17.415955,78.432385,92.34
Bollaram,Apartment,1624,3,3,1,6,6,14,Fully Furnished,1,No,Yes,Yes,No,No,5.78,3.94,0.99,West,Limited,17.347968,78.410061,52.24
Attapur,Apartment,2338,4,3,0,2,12,14,Fully Furnished,0,Yes,Yes,No,No,No,3.95,1.08,7.33,North-East,Limited,17.326904,78.477766,106.11
Gachibowli,Builder Floor,1008,2,2,0,7,8,10,Semi-Furnished,2,Yes,Yes,Yes,Yes,Yes,4.32,2.22,1.97,North-East,Limited,17.305896,78.530754,101.42
Hafeezpet,Independent House,1878,4,3,3,6,14,10,Unfurnished,1,No,No,Yes,Yes,Yes,0.81,6.8,9.36,East,24x7,17.304151,78.571214,133.07
Hafeezpet,Apartment,896,2,3,2,1,1,25,Semi-Furnished,1,Yes,No,Yes,No,No,11.78,2.96,1.9,North-East,24x7,17.357745,78.538008,54.75
Nanakramguda,Apartment,1787,3,2,2,5,7,6,Semi-Furnished,1,Yes,No,Yes,No,No,11.31,7.29,4.07,North-East,24x7,17.423702,78.394642,133.72
Miyapur,Apartment,1192,2,1,1,0,2,14,Semi-Furnished,1,No,No,Yes,Yes,No,14.86,7.31,3.02,West,12 Hours,17.374634,78.514039,58.55
Nagole,Independent House,1797,4,4,1,1,8,10,Fully Furnished,0,No,No,No,Yes,Yes,12.64,2.51,6.57,South,12 Hours,17.420415,78.541148,107.83
Puppalaguda,Apartment,1225,2,3,2,8,13,21,Fully Furnished,2,Yes,Yes,No,Yes,Yes,6.96,3.33,2.01,North-East,Limited,17.408545,78.477965,71.94
Habsiguda,Villa,1032,2,1,0,0,5,21,Fully Furnished,2,Yes,No,No,Yes,No,3.27,7.24,5.98,South,24x7,17.384574,78.555062,59.36
Badangpet,Apartment,1699,3,2,2,9,20,8,Semi-Furnished,2,Yes,No,No,Yes,Yes,0.57,0.59,7.73,South-West,24x7,17.367101,78.432717,78.68
Raidurg,Independent House,1222,3,3,1,1,3,3,Unfurnished,0,No,No,No,No,No,2.59,0.61,1.07,North-East,Limited,17.450243,78.432227,112.49
Punjagutta,Apartment,1539,3,4,3,1,5,5,Fully Furnished,0,No,No,No,Yes,No,1.78,2.97,8.69,South-West,24x7,17.446219,78.457395,127.58
Kollur,Apartment,2360,4,5,0,0,15,12,Semi-Furnished,2,No,Yes,Yes,No,Yes,14.23,5.17,5.97,North-West,24x7,17.334126,78.408556,129.23
Masab Tank,Apartment,1097,2,1,0,8,10,6,Fully Furnished,0,No,No,Yes,No,Yes,13.23,3.09,2.53,North,12 Hours,17.304794,78.440976,80.09
Nizampet,Apartment,1604,3,3,1,0,11,13,Unfurnished,1,Yes,No,Yes,Yes,Yes,12.92,0.85,9.01,South-East,12 Hours,17.354294,78.581309,93.56
Peerzadiguda,Villa,1954,4,3,2,1,10,17,Semi-Furnished,2,Yes,Yes,Yes,No,Yes,12.75,6.57,1.65,East,12 Hours,17.338655,78.394896,100.1
Nizampet,Apartment,1797,3,2,1,0,9,21,Fully Furnished,1,Yes,Yes,No,No,No,10.17,3.32,3.61,North-East,24x7,17.375197,78.406851,88.35
Abids,Independent House,1117,2,2,1,5,11,22,Semi-Furnished,1,No,Yes,Yes,No,No,5.45,0.97,2.5,North-West,24x7,17.291235,78.560739,68.7
Neredmet,Apartment,945,2,2,0,6,14,1,Fully Furnished,1,Yes,Yes,Yes,No,No,1.6,2.52,7.59,South,Limited,17.310462,78.421834,45.41
Ramanthapur,Apartment,979,2,1,1,7,19,16,Semi-Furnished,2,Yes,No,Yes,Yes,Yes,13.84,2.9,3.84,South,Limited,17.423634,78.546974,48.31
Pragathi Nagar,Apartment,1679,3,4,1,2,2,13,Semi-Furnished,2,No,Yes,No,No,No,4.85,6.54,8.05,West,12 Hours,17.352263,78.433597,93.27
Maheshwaram,Apartment,864,2,2,2,16,16,10,Fully Furnished,0,No,No,Yes,Yes,No,8.22,3.46,6.43,South-West,12 Hours,17.395366,78.513055,34.16
Punjagutta,Apartment,2055,4,4,2,0,4,15,Semi-Furnished,2,Yes,No,No,Yes,Yes,5.9,4.36,0.76,South-West,24x7,17.474731,78.420652,165.25
Neredmet,Apartment,2543,4,3,1,8,14,6,Fully Furnished,0,No,No,Yes,No,Yes,1.37,0.67,6.57,West,24x7,17.287971,78.482925,125.4
Peerzadiguda,Apartment,976,2,2,0,8,13,25,Unfurnished,2,Yes,No,No,Yes,Yes,10.54,5.43,2.14,West,24x7,17.374825,78.500833,38.45
Bowenpally,Apartment,1169,2,2,0,1,6,25,Unfurnished,0,No,Yes,No,No,No,14.35,1.87,9.72,West,12 Hours,17.367969,78.533245,47.44
Kondapur,Apartment,1052,2,2,0,3,3,24,Fully Furnished,1,Yes,Yes,No,Yes,No,0.79,2.76,9.26,North-West,Limited,17.451654,78.436692,68.75
Puppalaguda,Builder Floor,999,2,3,0,18,19,15,Unfurnished,1,Yes,Yes,No,Yes,No,4.54,0.35,9.03,South-East,12 Hours,17.402039,78.460648,59.83
Khajaguda,Apartment,1333,3,3,1,8,14,22,Unfurnished,0,Yes,No,No,Yes,No,8.52,0.36,4.95,North,24x7,17.347756,78.415069,89.89
Hayathnagar,Independent House,1115,2,2,1,9,18,1,Unfurnished,0,Yes,No,No,No,Yes,2.38,4.57,1.02,South-East,12 Hours,17.306103,78.523314,45.81
Khairatabad,Apartment,1222,2,2,1,5,9,3,Fully Furnished,2,Yes,No,No,No,No,9.79,0.8,8.43,South,24x7,17.475121,78.532636,87.3
Bachupally,Apartment,1221,2,3,0,1,1,5,Semi-Furnished,1,No,No,Yes,Yes,No,14.76,2.9,7.04,South-West,24x7,17.461849,78.559235,66.48
Tarnaka,Apartment,1866,3,3,1,2,6,24,Unfurnished,1,Yes,Yes,Yes,No,No,4.29,3.35,6.0,South,24x7,17.402173,78.581916,102.24
Sainikpuri,Villa,1094,2,1,1,15,17,21,Fully Furnished,1,No,Yes,Yes,Yes,Yes,12.81,7.14,6.84,East,24x7,17.466064,78.403308,76.08
Jubilee Hills,Apartment,1487,3,3,0,3,7,21,Fully Furnished,1,Yes,No,No,Yes,No,12.62,6.41,1.69,North-West,Limited,17.373151,78.503651,202.79
Alwal,Apartment,1139,2,2,2,6,7,10,Fully Furnished,1,No,Yes,No,No,Yes,12.67,5.77,9.01,North-East,12 Hours,17.482652,78.46447,62.3
Bowenpally,Apartment,1104,2,2,1,9,11,9,Unfurnished,2,Yes,Yes,No,Yes,No,14.28,3.38,2.82,North-East,24x7,17.445234,78.507576,63.96
Madhapur,Apartment,1224,2,1,1,5,17,9,Fully Furnished,1,No,Yes,No,No,Yes,1.52,5.49,6.92,East,12 Hours,17.383966,78.535162,132.34
Ramanthapur,Apartment,3068,5,5,2,0,20,14,Semi-Furnished,0,No,Yes,Yes,Yes,No,14.07,3.48,8.3,South,24x7,17.384924,78.447743,148.88
Bollaram,Apartment,1311,3,3,1,5,5,6,Unfurnished,2,No,No,No,Yes,No,8.73,3.75,9.81,North-West,Limited,17.417673,78.468348,55.95
Kondapur,Apartment,2399,4,4,1,4,10,3,Semi-Furnished,1,No,No,Yes,Yes,No,10.25,6.83,1.46,North-East,Limited,17.431221,78.435137,172.2
Boduppal,Independent House,1873,3,3,0,7,17,2,Fully Furnished,0,No,No,No,No,No,11.79,3.75,9.88,South-West,24x7,17.390967,78.444697,81.48
Banjara Hills,Apartment,899,2,3,2,4,9,3,Fully Furnished,2,Yes,No,No,Yes,No,10.45,5.79,3.76,South-West,12 Hours,17.308588,78.517688,124.53
Abids,Apartment,1796,3,3,2,0,4,15,Semi-Furnished,0,No,Yes,No,Yes,Yes,13.46,2.69,3.32,West,24x7,17.285049,78.412087,121.84
Vanasthalipuram,Apartment,1713,3,3,3,0,1,1,Fully Furnished,0,No,No,No,Yes,Yes,8.57,7.85,0.85,North-East,Limited,17.458471,78.433422,102.53
Chandanagar,Apartment,1323,3,3,2,9,9,18,Fully Furnished,2,No,Yes,No,Yes,Yes,9.96,0.7,1.18,South-East,12 Hours,17.406714,78.580881,69.93
Financial District,Villa,1792,3,3,3,0,20,6,Semi-Furnished,1,Yes,No,No,Yes,Yes,3.72,3.07,8.56,North-East,Limited,17.421292,78.399407,177.13
Ghatkesar,Builder Floor,1750,3,4,2,9,17,2,Unfurnished,0,Yes,Yes,No,No,Yes,5.58,7.19,2.44,South-West,24x7,17.477764,78.494496,71.36
Kollur,Apartment,1050,2,2,2,6,7,2,Unfurnished,0,No,Yes,No,No,Yes,13.48,3.63,8.46,North-East,12 Hours,17.309054,78.527406,52.29
Begumpet,Apartment,576,1,2,1,1,14,8,Semi-Furnished,2,No,Yes,No,No,Yes,2.27,6.51,5.28,South-East,12 Hours,17.359788,78.576888,52.08
Vanasthalipuram,Apartment,1514,3,4,2,3,7,1,Unfurnished,2,No,Yes,Yes,Yes,No,11.11,2.21,5.65,South-East,24x7,17.345745,78.570914,80.41
Mehdipatnam,Apartment,1492,3,3,1,8,13,6,Semi-Furnished,2,Yes,Yes,No,Yes,No,1.56,3.64,5.61,East,12 Hours,17.335451,78.493544,101.03
Khajaguda,Apartment,1061,2,2,1,6,11,10,Semi-Furnished,1,Yes,No,Yes,No,Yes,14.64,4.55,7.68,South,Limited,17.305629,78.575304,79.36
Ameenpur,Villa,879,2,2,0,0,4,7,Semi-Furnished,2,Yes,Yes,No,No,Yes,7.73,0.65,7.69,North,24x7,17.32125,78.529102,42.52
Khairatabad,Apartment,1422,3,4,3,9,12,0,Unfurnished,0,Yes,Yes,Yes,Yes,Yes,3.9,3.72,7.57,North-West,12 Hours,17.365459,78.543358,113.11
Banjara Hills,Villa,791,1,1,0,1,3,19,Unfurnished,2,Yes,Yes,No,No,No,9.54,4.5,1.9,South-East,Limited,17.310331,78.470826,116.25
Manikonda,Apartment,1423,3,3,1,6,8,23,Semi-Furnished,2,Yes,No,Yes,No,Yes,4.62,5.48,1.23,North-East,12 Hours,17.360262,78.459338,74.2
Bollaram,Apartment,906,2,1,0,11,13,19,Fully Furnished,1,Yes,Yes,Yes,Yes,Yes,11.27,4.08,5.29,North-West,Limited,17.422108,78.473943,37.46
Kothapet,Apartment,1242,3,2,0,16,18,22,Unfurnished,0,No,Yes,Yes,Yes,Yes,9.98,7.09,6.89,South-West,12 Hours,17.448207,78.547212,62.49
Kothapet,Independent House,1239,2,2,1,0,4,16,Fully Furnished,0,No,No,No,Yes,No,4.1,2.55,3.03,North-East,24x7,17.34469,78.514319,65.79
LB Nagar,Apartment,1105,2,1,0,2,7,16,Fully Furnished,2,Yes,Yes,Yes,Yes,No,6.87,0.83,8.73,East,12 Hours,17.332202,78.532803,54.77
Alwal,Apartment,1379,3,3,2,0,3,21,Fully Furnished,0,No,Yes,No,Yes,No,9.3,3.3,1.51,South-East,24x7,17.303954,78.388058,66.14
Champapet,Apartment,830,1,2,1,13,14,21,Fully Furnished,2,No,Yes,No,No,No,10.68,4.64,4.46,East,12 Hours,17.298798,78.58586,33.66
Rajendra Nagar,Apartment,1843,3,2,0,2,3,2,Unfurnished,2,Yes,Yes,No,Yes,Yes,1.19,2.95,1.6,South-East,Limited,17.314854,78.434899,95.62
Somajiguda,Apartment,1256,2,1,0,9,10,13,Unfurnished,1,No,No,Yes,No,Yes,7.84,5.25,6.08,North-West,Limited,17.389032,78.459664,91.31
Boduppal,Villa,875,2,2,1,0,7,16,Semi-Furnished,2,No,No,Yes,No,Yes,2.84,7.01,5.46,North-East,12 Hours,17.363998,78.453702,36.77
Suchitra,Apartment,1183,2,1,0,0,3,6,Semi-Furnished,2,No,Yes,Yes,Yes,Yes,12.47,2.75,1.82,North-West,24x7,17.360559,78.450037,55.76
Chandanagar,Apartment,1265,2,2,1,2,2,16,Unfurnished,0,No,Yes,No,Yes,No,1.95,2.03,8.47,South,Limited,17.342917,78.50214,64.12
Khajaguda,Independent House,1786,3,3,2,10,12,10,Semi-Furnished,2,No,No,No,Yes,Yes,14.85,0.73,8.26,South,24x7,17.323258,78.468181,144.36
Bollaram,Apartment,1712,3,2,2,11,17,7,Semi-Furnished,0,No,Yes,Yes,No,Yes,11.14,4.89,6.17,West,Limited,17.36045,78.519515,78.19
Sainikpuri,Apartment,1943,4,4,0,6,6,19,Unfurnished,2,No,No,No,No,No,13.08,0.76,1.99,North,24x7,17.310407,78.398407,118.51
Hayathnagar,Apartment,1504,3,4,1,11,15,2,Unfurnished,0,No,No,No,Yes,Yes,10.41,7.06,6.14,North-East,12 Hours,17.316532,78.421502,49.06
Tukkuguda,Apartment,1241,3,4,1,0,9,0,Semi-Furnished,1,Yes,No,Yes,Yes,Yes,8.64,6.49,2.59,West,12 Hours,17.288168,78.498262,46.07
Ameerpet,Apartment,1407,3,3,0,5,12,7,Fully Furnished,0,No,No,Yes,Yes,No,14.74,1.31,9.85,South-East,24x7,17.38631,78.499266,104.81
Ameenpur,Apartment,574,1,1,0,9,11,6,Semi-Furnished,2,No,Yes,Yes,No,Yes,9.77,1.72,5.83,North-East,24x7,17.344022,78.53338,23.16
Vanasthalipuram,Apartment,3199,5,5,1,5,8,2,Fully Furnished,2,Yes,Yes,No,No,Yes,2.1,2.62,1.83,North-East,24x7,17.323516,78.406224,201.98
Suchitra,Apartment,1089,2,2,1,13,20,19,Fully Furnished,0,Yes,Yes,No,No,Yes,12.62,6.47,7.54,South-West,24x7,17.354979,78.496963,60.95
Nampally,Independent House,1436,3,2,2,4,8,19,Semi-Furnished,2,Yes,No,Yes,No,No,4.74,2.0,6.89,South,24x7,17.31016,78.504566,92.04
Tukkuguda,Apartment,560,1,1,0,0,1,19,Unfurnished,0,Yes,No,Yes,No,No,5.92,4.7,5.61,South-East,24x7,17.325599,78.477074,15.65
Tarnaka,Apartment,1226,2,2,0,1,2,6,Semi-Furnished,1,No,No,No,Yes,Yes,13.48,4.57,5.52,West,12 Hours,17.403085,78.406083,70.26
Suchitra,Apartment,1534,3,2,3,2,8,15,Unfurnished,1,No,Yes,No,No,No,2.57,2.65,8.24,South-East,24x7,17.425548,78.545241,73.48
Saroornagar,Apartment,1293,2,2,0,7,17,24,Unfurnished,0,No,Yes,No,No,Yes,13.21,1.38,9.69,North-East,24x7,17.315532,78.528735,60.79
Tolichowki,Apartment,942,2,2,1,1,18,5,Unfurnished,2,Yes,Yes,Yes,Yes,No,9.89,5.85,7.43,North-West,Limited,17.289885,78.46905,50.0
Manikonda,Apartment,1380,3,4,1,8,16,18,Unfurnished,2,No,No,No,Yes,Yes,10.97,6.67,1.87,East,12 Hours,17.418882,78.429927,71.59
Old Alwal,Apartment,983,2,3,0,7,8,1,Unfurnished,1,No,No,No,Yes,No,9.64,1.22,3.02,North-West,12 Hours,17.467641,78.54626,46.64
Bollaram,Builder Floor,780,1,1,0,5,5,20,Unfurnished,2,No,No,No,Yes,No,10.69,5.22,1.51,East,Limited,17.480701,78.388834,24.23
Safilguda,Apartment,1041,2,3,1,19,19,4,Semi-Furnished,0,No,No,Yes,Yes,No,12.56,6.44,4.45,South,12 Hours,17.367568,78.558671,48.89
Ramanthapur,Apartment,974,2,1,1,2,2,1,Fully Furnished,1,Yes,Yes,No,Yes,No,3.65,2.15,0.97,South-East,12 Hours,17.481206,78.509442,44.06
Ramanthapur,Apartment,1817,3,3,3,7,13,7,Semi-Furnished,0,Yes,No,Yes,Yes,No,1.17,7.32,5.32,South-West,12 Hours,17.30212,78.423392,87.89
Nizampet,Apartment,1163,2,3,1,6,16,11,Unfurnished,2,No,No,Yes,Yes,No,4.72,5.73,4.46,South-East,12 Hours,17.289397,78.550076,68.47
Vanasthalipuram,Apartment,1361,3,4,3,0,2,6,Semi-Furnished,0,Yes,No,No,No,Yes,3.2,1.4,7.17,South-West,Limited,17.416424,78.459719,64.93
Abids,Apartment,685,1,2,1,0,6,24,Semi-Furnished,1,Yes,Yes,No,No,No,9.17,5.66,1.81,South-East,24x7,17.424206,78.455195,43.05
Bowenpally,Apartment,2471,4,5,1,0,2,14,Fully Furnished,2,Yes,Yes,Yes,Yes,No,7.75,6.11,6.81,North-West,12 Hours,17.298929,78.504487,137.62
Adibatla,Apartment,1664,3,2,3,3,5,20,Fully Furnished,2,No,No,Yes,No,Yes,13.97,3.02,7.01,South-West,24x7,17.43344,78.488647,55.8
Begumpet,Apartment,1202,3,2,2,8,15,14,Fully Furnished,2,Yes,Yes,No,Yes,No,12.9,6.96,9.12,East,Limited,17.364617,78.391989,96.69
Badangpet,Apartment,1592,3,3,3,14,16,13,Unfurnished,2,No,No,Yes,No,Yes,7.39,3.4,0.68,South-West,12 Hours,17.480204,78.561411,53.18
Jubilee Hills,Apartment,1316,3,3,1,1,17,3,Unfurnished,1,No,Yes,Yes,Yes,No,9.16,7.89,5.09,South-East,24x7,17.402559,78.556159,163.18
Chandanagar,Apartment,768,1,1,0,4,6,20,Unfurnished,0,Yes,Yes,Yes,Yes,No,4.77,3.29,1.29,South-East,12 Hours,17.288592,78.401602,37.18
Boduppal,Independent House,1607,3,4,1,5,13,15,Unfurnished,1,Yes,Yes,Yes,Yes,Yes,14.79,5.49,5.46,East,Limited,17.478888,78.525342,81.88
Neknampur,Independent House,1779,4,5,3,9,9,17,Semi-Furnished,1,No,No,Yes,No,Yes,12.65,4.67,9.57,East,Limited,17.322872,78.540965,92.43
Nagole,Independent House,2007,4,5,1,2,2,4,Semi-Furnished,1,No,No,Yes,No,No,10.89,6.63,9.07,West,Limited,17.408539,78.515585,100.51
Raidurg,Apartment,668,1,1,0,0,1,14,Fully Furnished,1,No,No,No,Yes,Yes,3.09,0.41,6.66,South,Limited,17.450706,78.544355,58.35
Ameerpet,Apartment,1339,3,3,2,2,11,4,Unfurnished,2,No,Yes,Yes,No,No,9.99,3.39,6.52,West,24x7,17.426735,78.429671,95.87
Hafeezpet,Apartment,1226,3,3,0,1,3,18,Semi-Furnished,1,No,No,Yes,No,No,1.91,6.28,3.54,South,12 Hours,17.325227,78.422426,63.55
Kismatpur,Apartment,1380,3,4,1,15,17,11,Fully Furnished,1,Yes,Yes,Yes,Yes,No,10.54,6.88,4.35,North-East,24x7,17.36869,78.488408,67.21
Dilsukhnagar,Builder Floor,2291,4,4,3,2,2,21,Fully Furnished,0,No,Yes,Yes,Yes,No,1.54,2.29,6.0,South-West,24x7,17.339135,78.392534,127.93
Kompally,Apartment,1164,2,1,1,16,18,14,Fully Furnished,1,Yes,Yes,Yes,Yes,No,12.04,4.03,7.98,North-West,24x7,17.364149,78.446434,70.95
Saroornagar,Apartment,1719,3,3,1,2,9,18,Semi-Furnished,2,Yes,Yes,No,No,Yes,3.86,4.26,8.74,North-East,24x7,17.434349,78.558253,92.59
Bollaram,Apartment,2493,4,5,2,1,10,25,Unfurnished,1,Yes,Yes,Yes,Yes,Yes,13.46,5.66,6.99,South-East,12 Hours,17.311186,78.525944,77.11
Tolichowki,Apartment,1428,3,3,3,2,17,19,Unfurnished,1,Yes,Yes,Yes,No,No,9.85,3.36,3.49,South-West,24x7,17.373246,78.3997,63.3
Punjagutta,Independent House,1020,2,3,0,6,15,2,Unfurnished,1,Yes,Yes,Yes,No,Yes,4.16,3.95,7.11,South-East,24x7,17.310188,78.56732,83.29
Malkajgiri,Apartment,1409,3,2,0,6,11,16,Semi-Furnished,0,No,Yes,No,Yes,No,1.31,4.65,9.1,North-West,12 Hours,17.377917,78.535574,57.43
Madinaguda,Apartment,1884,3,2,2,2,2,20,Fully Furnished,0,Yes,Yes,Yes,Yes,Yes,1.6,2.03,8.85,East,12 Hours,17.445615,78.473061,111.45
Gachibowli,Apartment,1216,3,4,1,9,20,6,Unfurnished,1,Yes,No,Yes,No,No,2.29,4.72,8.35,South-West,Limited,17.377491,78.574893,103.08
Hayathnagar,Apartment,1169,2,2,0,13,13,1,Fully Furnished,0,No,No,Yes,No,No,12.32,6.29,3.94,South-East,Limited,17.377524,78.543714,46.4
Osman Nagar,Independent House,3036,5,5,2,0,6,3,Unfurnished,2,No,Yes,Yes,No,Yes,5.35,6.53,4.98,North-West,Limited,17.395898,78.42266,191.08
Puppalaguda,Apartment,1274,2,2,2,5,5,17,Fully Furnished,2,Yes,Yes,No,Yes,Yes,8.49,5.46,6.45,North-East,12 Hours,17.478615,78.537297,76.9
Uppal,Apartment,1031,2,1,2,5,11,8,Fully Furnished,2,No,Yes,No,Yes,No,3.98,6.34,5.01,North-East,Limited,17.291565,78.480272,52.58
Saroornagar,Independent House,1605,3,2,1,9,13,24,Unfurnished,2,No,No,Yes,No,Yes,2.03,4.66,5.95,East,24x7,17.451007,78.396555,80.18
Ramanthapur,Apartment,807,1,1,1,0,8,5,Fully Furnished,0,Yes,Yes,No,No,No,1.38,1.39,5.19,North,12 Hours,17.39468,78.426163,43.84
Ameerpet,Independent House,1279,2,3,2,1,4,4,Semi-Furnished,0,Yes,Yes,No,No,Yes,4.91,0.91,2.14,North-East,24x7,17.341386,78.492872,84.24
Narsingi,Apartment,1231,2,2,1,4,9,20,Fully Furnished,1,Yes,Yes,No,No,Yes,0.77,5.62,4.19,West,24x7,17.316707,78.549239,70.47
Peerzadiguda,Apartment,1701,3,3,0,20,20,20,Semi-Furnished,0,No,No,Yes,No,Yes,13.05,1.62,3.42,South,Limited,17.331679,78.477374,66.02
Isnapur,Apartment,860,2,1,0,3,3,17,Semi-Furnished,1,Yes,No,Yes,No,Yes,4.47,3.11,0.81,North,Limited,17.437722,78.476166,27.71
Sainikpuri,Apartment,1072,2,3,1,14,15,11,Semi-Furnished,1,No,Yes,No,Yes,Yes,11.57,1.46,5.9,West,12 Hours,17.408669,78.40932,60.62
Nampally,Apartment,1792,3,2,3,0,2,24,Semi-Furnished,1,Yes,No,Yes,Yes,No,10.61,2.06,6.4,North-East,12 Hours,17.372407,78.466078,77.65
Hayathnagar,Apartment,2501,4,5,2,2,6,24,Unfurnished,2,Yes,Yes,Yes,No,Yes,9.55,6.72,4.6,North-East,Limited,17.401147,78.464327,84.59
Safilguda,Independent House,926,2,2,1,2,6,18,Fully Furnished,2,Yes,Yes,Yes,Yes,Yes,2.5,7.6,9.3,West,Limited,17.330367,78.5018,52.28
Shamshabad,Apartment,752,1,1,1,5,9,0,Semi-Furnished,2,No,No,Yes,No,Yes,13.64,7.11,7.5,West,24x7,17.387986,78.420835,39.34
Kompally,Independent House,1272,3,3,2,1,18,5,Semi-Furnished,1,Yes,Yes,No,No,No,6.82,2.61,3.32,North-East,24x7,17.455508,78.438288,84.85
Puppalaguda,Apartment,1522,3,4,1,1,14,12,Unfurnished,1,No,No,Yes,Yes,Yes,6.86,2.65,9.05,South-East,Limited,17.480105,78.453348,87.62
Nampally,Independent House,661,1,2,0,9,15,15,Semi-Furnished,1,Yes,No,No,No,Yes,4.92,6.04,9.0,North,12 Hours,17.303039,78.507903,42.37
Ameerpet,Apartment,1125,2,3,2,12,14,25,Unfurnished,0,Yes,No,Yes,Yes,No,12.6,4.79,8.73,South-West,12 Hours,17.476847,78.529833,67.1
Meerpet,Independent House,1717,3,2,2,1,2,22,Fully Furnished,0,Yes,No,No,No,Yes,10.99,2.57,0.85,South-East,12 Hours,17.425821,78.504646,85.56
Kollur,Independent House,2215,4,4,0,1,1,5,Semi-Furnished,1,Yes,No,No,No,Yes,9.62,6.13,7.96,South-East,12 Hours,17.456675,78.578067,114.24
Madinaguda,Apartment,1255,2,2,2,1,1,16,Semi-Furnished,1,No,No,Yes,Yes,No,14.21,3.19,1.82,East,Limited,17.471307,78.503367,59.6
Ameenpur,Apartment,865,2,3,1,8,8,2,Unfurnished,1,No,No,Yes,Yes,No,4.77,2.04,6.67,West,24x7,17.375897,78.428558,35.97
Film Nagar,Apartment,1625,3,3,2,11,20,4,Semi-Furnished,0,No,Yes,Yes,No,No,11.94,6.05,9.51,South-East,Limited,17.333301,78.488645,175.72
Habsiguda,Apartment,1792,3,3,1,3,9,18,Fully Furnished,2,Yes,No,Yes,Yes,Yes,14.23,6.66,1.03,West,24x7,17.374697,78.58283,82.86
Saroornagar,Apartment,1244,3,3,1,2,17,8,Fully Furnished,2,No,No,No,Yes,No,8.5,7.65,9.38,North-West,12 Hours,17.375437,78.413403,63.08
Karmanghat,Builder Floor,1270,3,3,1,7,18,7,Semi-Furnished,1,No,No,Yes,No,No,10.66,2.06,2.71,North,12 Hours,17.440082,78.500837,54.59
Karmanghat,Independent House,1644,3,2,0,5,11,12,Fully Furnished,2,Yes,No,Yes,No,No,10.24,3.15,5.36,South-East,12 Hours,17.314973,78.501066,84.02
Raidurg,Builder Floor,1168,2,3,0,10,10,15,Unfurnished,0,No,No,Yes,Yes,No,9.18,5.93,7.15,South-West,24x7,17.330612,78.389005,104.76
Khajaguda,Apartment,1839,3,3,3,12,12,25,Unfurnished,0,No,No,No,No,No,8.56,7.31,5.69,North-East,24x7,17.346854,78.410076,119.21
Nacharam,Apartment,965,2,1,2,8,13,8,Unfurnished,1,No,No,No,No,No,3.36,6.96,3.75,South-East,Limited,17.346727,78.412765,48.61
Badangpet,Builder Floor,1742,3,2,2,1,14,6,Fully Furnished,0,Yes,Yes,Yes,No,No,3.63,7.19,4.25,North-East,Limited,17.402541,78.399509,78.57
Bachupally,Apartment,1896,3,4,2,13,19,9,Semi-Furnished,0,Yes,No,No,Yes,No,1.06,3.63,9.86,South-West,Limited,17.4773,78.436049,99.17
Ghatkesar,Apartment,1259,2,2,1,1,2,1,Unfurnished,0,Yes,Yes,No,Yes,No,9.42,5.08,4.49,South-West,24x7,17.289427,78.514842,47.72
LB Nagar,Apartment,1382,3,4,1,6,16,2,Fully Furnished,1,Yes,No,Yes,No,Yes,11.44,7.13,0.92,South-West,Limited,17.339012,78.428067,68.62
Safilguda,Apartment,1039,2,3,2,2,3,23,Fully Furnished,1,Yes,Yes,Yes,Yes,No,10.44,2.55,8.85,South-East,12 Hours,17.368243,78.422632,43.39
Hitech City,Apartment,850,2,3,2,5,13,5,Fully Furnished,1,Yes,Yes,Yes,No,No,5.93,5.65,5.34,South-East,Limited,17.398014,78.558434,93.45
Madinaguda,Apartment,1228,2,1,0,12,13,11,Fully Furnished,2,No,No,No,Yes,No,4.45,5.22,1.29,East,24x7,17.442133,78.521403,65.89
Kollur,Independent House,3325,5,5,1,3,3,0,Semi-Furnished,2,No,No,No,Yes,Yes,12.09,5.0,1.85,West,12 Hours,17.423964,78.475009,149.58
Puppalaguda,Apartment,1206,2,2,2,6,8,25,Semi-Furnished,2,Yes,Yes,No,No,No,8.41,5.57,8.4,South-East,12 Hours,17.313322,78.515267,65.91
Hafeezpet,Builder Floor,2580,4,3,3,0,3,4,Unfurnished,0,Yes,No,Yes,No,Yes,9.23,2.3,5.73,North-East,Limited,17.476363,78.452695,171.37
Raidurg,Apartment,1771,3,3,2,9,15,0,Fully Furnished,1,No,Yes,No,No,No,12.07,5.46,4.94,North-West,12 Hours,17.465297,78.440777,170.46
Attapur,Independent House,1390,3,2,1,1,6,18,Unfurnished,2,No,Yes,Yes,No,No,1.69,6.18,1.78,West,12 Hours,17.484121,78.437233,69.24
LB Nagar,Builder Floor,1043,2,3,2,2,2,10,Fully Furnished,0,Yes,Yes,Yes,Yes,Yes,4.42,5.13,1.33,South-West,24x7,17.389036,78.445686,48.49
Kondapur,Builder Floor,616,1,1,0,11,18,18,Unfurnished,1,Yes,No,Yes,Yes,Yes,11.59,3.68,4.24,South-East,12 Hours,17.329026,78.443087,51.22
Malkajgiri,Apartment,1021,2,1,2,8,8,9,Unfurnished,0,Yes,No,Yes,Yes,Yes,4.34,1.67,8.82,North-East,12 Hours,17.31922,78.561351,43.02
Uppal,Villa,2572,4,4,1,1,5,1,Fully Furnished,1,No,No,No,Yes,Yes,11.36,4.62,3.81,North-West,Limited,17.30204,78.516718,161.65
Neknampur,Apartment,1317,3,4,1,5,9,12,Fully Furnished,0,No,Yes,Yes,Yes,Yes,8.51,1.18,9.58,East,Limited,17.476244,78.387304,75.17
Khajaguda,Apartment,2435,4,4,3,2,7,8,Unfurnished,0,No,No,Yes,Yes,No,5.78,6.2,6.01,North-West,12 Hours,17.470558,78.573127,147.73
Ramanthapur,Apartment,2562,4,4,0,6,9,23,Fully Furnished,2,Yes,Yes,No,Yes,Yes,9.92,2.05,0.99,South-East,Limited,17.438153,78.404997,136.64
Attapur,Apartment,2186,4,4,3,0,2,4,Fully Furnished,1,Yes,Yes,Yes,No,Yes,1.91,4.42,0.63,South,24x7,17.331317,78.422944,137.64
Balapur,Apartment,912,2,2,2,1,9,25,Semi-Furnished,0,Yes,Yes,Yes,Yes,Yes,7.49,2.08,2.69,South-West,24x7,17.312008,78.48043,28.04
Saroornagar,Apartment,1080,2,3,0,0,7,9,Unfurnished,0,No,No,Yes,Yes,Yes,11.25,4.03,6.9,South-West,Limited,17.322166,78.582299,56.65
Old Alwal,Independent House,2454,4,3,3,11,17,4,Semi-Furnished,0,Yes,Yes,No,No,Yes,3.77,6.93,4.88,North-East,12 Hours,17.396123,78.420729,119.94
Isnapur,Independent House,1148,2,2,1,2,9,21,Unfurnished,0,No,No,Yes,Yes,No,10.91,5.32,9.56,North-West,24x7,17.369899,78.448565,38.58
Vanasthalipuram,Apartment,1305,3,4,0,1,1,8,Fully Furnished,1,Yes,Yes,No,No,No,10.28,3.36,0.61,South-West,Limited,17.479446,78.417373,65.36
Himayat Nagar,Apartment,1710,3,3,1,17,17,3,Fully Furnished,1,No,Yes,No,Yes,Yes,4.49,4.34,8.17,West,24x7,17.285082,78.505937,135.64
Neknampur,Apartment,3265,5,5,2,6,10,18,Unfurnished,0,No,Yes,No,Yes,No,4.67,1.18,6.34,South-West,24x7,17.342587,78.423805,185.41
Kapra,Apartment,1585,3,3,1,0,8,12,Fully Furnished,1,Yes,Yes,Yes,No,No,11.84,7.68,8.74,North-East,24x7,17.42752,78.524306,76.79
Kothaguda,Villa,1675,3,2,1,1,2,22,Fully Furnished,1,No,Yes,Yes,No,No,3.29,4.41,5.86,South,24x7,17.33544,78.577884,127.72
Bachupally,Apartment,2440,4,4,0,3,8,7,Unfurnished,2,No,No,No,Yes,Yes,4.05,2.42,5.89,North-West,12 Hours,17.376463,78.555939,119.67
Shamshabad,Apartment,1872,3,4,3,5,16,24,Unfurnished,1,Yes,No,Yes,No,Yes,7.25,1.16,4.07,South-East,12 Hours,17.369878,78.418053,75.69
Old Alwal,Apartment,1156,2,2,2,0,9,6,Semi-Furnished,1,No,No,No,No,No,13.99,2.66,4.47,North-East,24x7,17.392483,78.391201,53.15
Nizampet,Apartment,968,2,1,2,0,18,2,Unfurnished,2,No,Yes,Yes,Yes,Yes,11.07,7.39,0.84,East,12 Hours,17.441271,78.522709,50.23
Tukkuguda,Apartment,1868,4,4,3,3,4,23,Unfurnished,0,No,Yes,Yes,Yes,No,10.32,7.82,7.06,North-West,Limited,17.466911,78.390306,70.52
Masab Tank,Villa,1517,3,2,2,15,16,7,Semi-Furnished,0,Yes,Yes,No,No,No,1.43,2.02,2.07,North-West,12 Hours,17.44247,78.494967,125.32
Kompally,Apartment,1879,3,2,1,5,8,4,Fully Furnished,0,No,Yes,Yes,Yes,Yes,14.39,4.72,2.85,North-West,24x7,17.31225,78.564213,100.8
Nallagandla,Apartment,816,1,1,1,13,15,21,Unfurnished,2,No,No,Yes,Yes,Yes,1.01,2.27,5.98,South-West,12 Hours,17.460623,78.50387,53.33
Himayat Nagar,Apartment,1179,2,3,1,8,11,4,Fully Furnished,1,No,No,Yes,No,Yes,4.1,7.52,0.9,East,12 Hours,17.445852,78.518531,104.21
Narsingi,Apartment,1355,3,3,2,2,6,7,Fully Furnished,2,Yes,Yes,Yes,Yes,No,0.67,0.33,1.35,North-West,24x7,17.387727,78.547309,99.22
LB Nagar,Apartment,1499,3,2,2,5,13,13,Semi-Furnished,2,Yes,No,Yes,No,Yes,9.66,6.21,2.74,South-West,24x7,17.362624,78.405838,66.43
Mehdipatnam,Apartment,972,2,2,1,6,9,23,Unfurnished,0,Yes,No,No,No,No,1.02,5.01,3.42,East,Limited,17.303207,78.516342,45.5
Nallagandla,Apartment,1134,2,1,1,2,4,3,Fully Furnished,1,No,Yes,Yes,No,No,5.36,0.36,2.88,North-West,12 Hours,17.366124,78.52261,82.58
Kapra,Villa,2462,4,5,3,5,12,13,Unfurnished,0,Yes,No,Yes,Yes,Yes,11.44,2.82,2.2,East,12 Hours,17.403741,78.541106,138.45
Tukkuguda,Apartment,1368,3,3,1,0,1,4,Fully Furnished,0,No,Yes,Yes,Yes,No,3.73,1.64,0.73,North,12 Hours,17.319106,78.566184,47.96
Isnapur,Apartment,1222,2,3,0,1,10,21,Fully Furnished,0,No,Yes,Yes,Yes,No,3.78,4.1,6.56,South-East,Limited,17.461371,78.483756,44.63
LB Nagar,Apartment,1726,3,3,1,2,12,10,Fully Furnished,1,Yes,No,No,No,Yes,5.07,1.11,3.27,South-East,24x7,17.468808,78.566682,92.78
Alwal,Apartment,1940,4,3,2,12,18,23,Unfurnished,1,No,Yes,No,No,Yes,5.76,6.52,7.06,South-East,Limited,17.339883,78.465334,85.98
Bowenpally,Apartment,1899,3,2,0,5,11,0,Fully Furnished,2,Yes,No,Yes,No,No,5.32,2.97,6.46,North,Limited,17.342373,78.440416,109.78
Abids,Apartment,1460,3,4,3,1,17,19,Fully Furnished,1,No,Yes,No,Yes,No,1.92,4.35,3.13,East,24x7,17.298972,78.522222,91.25
Masab Tank,Apartment,1327,3,3,1,10,19,0,Unfurnished,2,Yes,No,Yes,No,Yes,4.84,1.49,1.47,East,12 Hours,17.353901,78.399009,83.88
Begumpet,Apartment,1846,3,3,3,1,1,11,Unfurnished,1,Yes,Yes,No,No,No,13.72,1.82,6.23,South-East,12 Hours,17.438684,78.563703,153.37
Mehdipatnam,Apartment,947,2,1,1,5,12,20,Semi-Furnished,0,No,Yes,Yes,Yes,Yes,9.21,5.13,7.95,West,Limited,17.37771,78.480765,54.92
Raidurg,Apartment,870,2,2,2,15,16,6,Fully Furnished,2,Yes,Yes,No,No,Yes,12.95,5.62,5.74,South-West,24x7,17.43756,78.489315,76.06
Attapur,Apartment,1404,3,3,0,5,14,1,Fully Furnished,2,Yes,Yes,Yes,Yes,No,2.53,2.56,7.59,West,12 Hours,17.454471,78.388608,86.81
Masab Tank,Apartment,1486,3,4,2,7,16,16,Semi-Furnished,0,No,Yes,No,Yes,No,10.96,0.4,8.28,North-West,24x7,17.466449,78.534763,88.19
Mehdipatnam,Apartment,1293,2,1,0,2,7,7,Unfurnished,0,Yes,Yes,Yes,No,No,1.38,1.15,2.68,North-West,12 Hours,17.390929,78.456254,79.32
Nampally,Apartment,1294,3,4,3,2,3,5,Semi-Furnished,1,Yes,No,No,Yes,No,7.67,6.17,0.53,North-East,Limited,17.416077,78.470373,60.18
Manikonda,Apartment,641,1,2,1,3,20,6,Semi-Furnished,2,No,No,No,No,No,2.53,1.46,3.72,South,24x7,17.457246,78.417637,34.38
Balapur,Apartment,1652,3,3,2,5,14,12,Unfurnished,0,No,Yes,No,Yes,No,8.43,4.98,6.37,East,24x7,17.366604,78.524193,50.39
Hafeezpet,Apartment,1773,4,4,3,12,15,25,Unfurnished,1,No,Yes,No,No,No,8.39,2.58,1.56,North,Limited,17.41305,78.562198,80.96
Ameerpet,Apartment,1226,2,2,1,2,9,2,Fully Furnished,2,No,Yes,No,No,Yes,3.44,4.0,4.65,South-East,Limited,17.467203,78.585333,83.91
Rajendra Nagar,Independent House,1780,3,2,1,13,13,7,Fully Furnished,2,Yes,No,No,Yes,No,5.58,7.35,3.77,South-West,24x7,17.331611,78.576776,105.83
Pragathi Nagar,Apartment,1247,3,3,1,2,9,18,Fully Furnished,1,Yes,No,Yes,No,No,9.59,2.08,3.41,North-East,12 Hours,17.304541,78.3897,58.39
Ameenpur,Apartment,1782,3,4,2,3,19,7,Unfurnished,0,Yes,Yes,No,Yes,Yes,10.93,7.84,6.44,West,12 Hours,17.484203,78.4227,71.12
Nampally,Apartment,650,1,2,1,0,13,16,Fully Furnished,2,Yes,Yes,Yes,Yes,No,1.97,2.2,6.06,North,24x7,17.454684,78.39078,43.75
ECIL,Apartment,1080,2,1,0,3,3,12,Fully Furnished,2,Yes,Yes,Yes,Yes,Yes,4.53,0.71,5.07,East,Limited,17.340405,78.559167,59.57
Quthbullapur,Apartment,2149,4,4,3,5,9,21,Semi-Furnished,1,Yes,No,Yes,Yes,Yes,1.47,2.91,9.85,South-West,12 Hours,17.422351,78.521544,80.38
Vanasthalipuram,Builder Floor,1138,2,1,1,12,13,11,Semi-Furnished,2,Yes,No,Yes,No,No,2.74,6.22,4.62,West,12 Hours,17.29196,78.46855,48.22
Begumpet,Villa,938,2,2,2,5,10,6,Unfurnished,2,No,No,Yes,No,No,11.99,7.07,1.44,East,12 Hours,17.446796,78.546773,90.73
Jubilee Hills,Apartment,1730,3,2,2,0,6,24,Semi-Furnished,2,No,Yes,Yes,No,No,5.27,4.74,1.26,West,24x7,17.406302,78.507552,164.89
Ramanthapur,Builder Floor,1735,3,4,0,7,11,8,Fully Furnished,2,Yes,No,No,Yes,No,13.28,3.64,0.97,South-East,12 Hours,17.37,78.441789,78.42
Saroornagar,Apartment,1763,3,3,0,5,7,4,Fully Furnished,2,No,No,No,Yes,Yes,13.11,2.9,9.24,West,Limited,17.392238,78.47653,95.22
Film Nagar,Apartment,1548,3,2,0,17,18,20,Unfurnished,0,No,No,No,Yes,No,7.91,0.73,7.86,West,Limited,17.303227,78.530421,166.0
Shamshabad,Villa,1084,2,1,2,9,13,10,Semi-Furnished,0,Yes,Yes,Yes,Yes,No,14.48,5.58,5.82,South-East,Limited,17.324391,78.469252,50.7
Abids,Apartment,1175,2,2,1,0,1,3,Semi-Furnished,2,No,No,Yes,Yes,Yes,11.12,7.11,9.45,North,24x7,17.401772,78.460993,79.88
Neredmet,Apartment,1745,4,4,0,7,10,12,Unfurnished,1,Yes,No,Yes,No,Yes,13.61,7.7,1.93,North-West,24x7,17.392434,78.427407,88.9
Nacharam,Apartment,839,1,1,0,5,6,14,Unfurnished,1,Yes,Yes,No,No,No,5.84,2.41,6.03,East,12 Hours,17.461084,78.473445,33.54
Ramanthapur,Builder Floor,1015,2,2,1,5,9,25,Fully Furnished,0,Yes,Yes,No,Yes,No,7.99,6.89,9.27,East,12 Hours,17.292122,78.486295,42.71
Tarnaka,Apartment,1078,2,1,2,3,3,6,Semi-Furnished,2,Yes,Yes,No,No,Yes,0.52,5.63,5.54,North,24x7,17.396768,78.528106,72.67
Meerpet,Apartment,1650,3,4,0,2,3,21,Unfurnished,2,No,Yes,No,No,Yes,1.77,7.41,1.7,South,24x7,17.335445,78.548846,69.33
Nizampet,Apartment,1236,3,2,1,10,11,23,Semi-Furnished,0,No,Yes,Yes,Yes,Yes,14.19,0.77,7.88,South,24x7,17.312187,78.48623,66.13
Puppalaguda,Independent House,1857,3,3,0,11,11,9,Semi-Furnished,0,Yes,No,No,No,No,14.99,1.05,9.62,North-East,Limited,17.297015,78.451801,113.8
Begumpet,Apartment,1300,2,2,0,2,7,25,Fully Furnished,1,No,Yes,No,Yes,No,6.41,7.69,1.39,South-West,12 Hours,17.426987,78.493445,95.53
Attapur,Independent House,1505,3,2,3,12,14,2,Unfurnished,1,No,Yes,Yes,Yes,No,10.19,6.54,1.99,North-East,Limited,17.286848,78.548331,83.58
Karmanghat,Apartment,1083,2,3,0,0,4,18,Semi-Furnished,2,Yes,No,Yes,Yes,No,8.63,3.91,7.45,North,24x7,17.406243,78.454084,43.08
Miyapur,Independent House,567,1,1,1,3,9,5,Fully Furnished,1,No,Yes,No,No,No,4.64,7.61,8.18,West,Limited,17.348131,78.404088,28.89
Malkajgiri,Villa,1101,2,2,0,17,17,18,Semi-Furnished,0,No,Yes,No,No,No,2.56,1.92,3.18,North-East,Limited,17.322612,78.472304,55.81
Boduppal,Apartment,773,1,2,0,2,10,20,Unfurnished,1,Yes,Yes,Yes,No,Yes,7.22,4.6,1.24,South,12 Hours,17.337761,78.389114,27.04
Tolichowki,Apartment,1153,2,1,1,0,2,16,Unfurnished,2,No,Yes,No,Yes,Yes,11.04,1.4,5.15,South-East,Limited,17.406152,78.579274,66.46
Bollaram,Apartment,915,2,2,2,3,15,13,Fully Furnished,1,Yes,Yes,No,No,Yes,4.32,2.35,6.55,North-West,12 Hours,17.379235,78.50138,41.03
Habsiguda,Apartment,1712,3,2,0,5,5,1,Semi-Furnished,0,Yes,No,No,No,No,9.48,4.9,3.5,South-East,12 Hours,17.450676,78.451296,97.04
Tarnaka,Apartment,1043,2,3,1,9,9,22,Unfurnished,0,No,Yes,No,No,Yes,3.58,2.62,1.85,West,12 Hours,17.337527,78.487584,51.13
Nampally,Independent House,1990,4,4,1,2,4,12,Unfurnished,0,Yes,No,Yes,No,Yes,12.63,2.87,5.27,South,12 Hours,17.385644,78.400259,104.34
Raidurg,Apartment,593,1,1,1,5,14,6,Fully Furnished,1,Yes,Yes,No,No,Yes,11.6,1.0,5.66,South-West,12 Hours,17.446194,78.4446,56.1
Rajendra Nagar,Apartment,1916,4,4,2,1,12,6,Semi-Furnished,1,Yes,Yes,No,Yes,Yes,10.48,0.64,6.94,North-West,Limited,17.370318,78.564524,94.09
Banjara Hills,Builder Floor,1255,2,1,1,9,11,11,Fully Furnished,2,No,Yes,No,Yes,No,2.11,3.31,3.57,South,12 Hours,17.390086,78.525001,147.07
Neknampur,Apartment,1200,3,3,1,1,18,21,Unfurnished,0,No,Yes,Yes,No,Yes,13.21,2.36,8.35,West,12 Hours,17.384143,78.44935,69.31
Nallagandla,Apartment,887,2,2,2,0,4,3,Semi-Furnished,1,No,Yes,No,Yes,Yes,7.66,3.98,2.14,North-West,24x7,17.329013,78.464406,75.05
Sainikpuri,Apartment,1016,2,3,1,1,8,6,Fully Furnished,0,Yes,Yes,Yes,Yes,Yes,5.0,2.26,6.83,South-East,Limited,17.429884,78.467462,62.73
Tellapur,Apartment,2411,4,5,1,2,3,7,Fully Furnished,1,No,Yes,No,Yes,Yes,12.67,2.54,7.41,North,24x7,17.356194,78.443521,169.11
Karmanghat,Apartment,1081,2,2,0,6,20,13,Unfurnished,0,No,No,Yes,Yes,Yes,5.86,1.93,7.09,South-East,Limited,17.433667,78.437114,44.41
Kokapet,Apartment,1889,3,2,3,6,12,11,Fully Furnished,0,No,No,No,Yes,No,8.6,7.77,9.12,South-East,24x7,17.362172,78.583115,157.94
Himayat Nagar,Apartment,1546,3,2,3,0,7,22,Fully Furnished,2,Yes,No,Yes,No,No,6.1,6.42,4.17,South-East,12 Hours,17.300996,78.404665,117.04
Narsingi,Villa,1614,3,3,3,3,8,17,Fully Furnished,1,No,No,No,Yes,Yes,10.19,1.7,3.23,North-West,Limited,17.404873,78.470452,131.35
Suchitra,Apartment,1874,4,4,0,6,12,11,Fully Furnished,2,No,Yes,No,Yes,Yes,8.55,3.88,3.4,South-West,24x7,17.295787,78.490009,102.1
Malkajgiri,Apartment,1105,2,2,2,4,19,8,Fully Furnished,1,Yes,Yes,No,Yes,No,8.42,2.7,7.7,South,Limited,17.31491,78.407468,57.01
Bollaram,Apartment,924,2,3,0,4,18,7,Fully Furnished,0,Yes,No,No,No,No,5.65,2.27,3.92,East,24x7,17.305206,78.508642,39.77
Neknampur,Apartment,2121,4,5,2,5,19,15,Fully Furnished,2,No,Yes,Yes,No,No,5.17,7.3,5.44,North,12 Hours,17.335286,78.421414,129.41
Neknampur,Independent House,891,2,1,2,8,19,3,Fully Furnished,0,No,No,No,No,No,2.83,1.04,5.65,North-East,12 Hours,17.455923,78.432799,65.84
Khajaguda,Apartment,1201,3,3,1,3,3,3,Semi-Furnished,2,Yes,No,Yes,No,No,13.77,1.61,4.7,West,Limited,17.326979,78.485075,91.07
Hitech City,Apartment,1293,3,3,2,1,4,3,Fully Furnished,2,No,No,No,No,No,14.39,6.08,7.56,South-East,12 Hours,17.419274,78.491332,124.06
Nizampet,Apartment,1213,2,2,0,3,15,20,Fully Furnished,0,No,Yes,No,Yes,Yes,11.12,1.36,9.31,South,12 Hours,17.317879,78.547522,66.23
Neknampur,Builder Floor,2344,4,5,2,3,3,20,Unfurnished,2,No,No,Yes,No,Yes,5.81,4.2,4.93,South,12 Hours,17.310436,78.466412,126.19
Kokapet,Builder Floor,1729,3,3,2,6,6,5,Fully Furnished,0,No,No,Yes,Yes,No,9.65,6.41,3.19,North-West,12 Hours,17.335944,78.439349,157.94
Kothaguda,Apartment,1107,2,3,0,3,19,5,Fully Furnished,2,No,No,Yes,Yes,No,10.3,5.59,4.83,South-East,Limited,17.367282,78.576247,94.1
Kollur,Apartment,1651,3,2,2,7,12,25,Semi-Furnished,0,Yes,No,Yes,No,No,2.33,7.04,7.06,South-West,12 Hours,17.479738,78.432828,63.4
Tolichowki,Apartment,1252,3,3,0,6,7,12,Unfurnished,2,No,Yes,Yes,No,No,12.5,5.54,3.67,North-East,24x7,17.352794,78.415316,62.95
Kompally,Apartment,1539,3,3,1,4,6,16,Fully Furnished,1,No,Yes,No,Yes,No,4.45,3.51,0.6,North-East,24x7,17.346772,78.518471,75.2
Mehdipatnam,Apartment,1376,3,4,0,5,8,2,Semi-Furnished,0,No,No,No,No,Yes,12.75,7.91,6.24,East,12 Hours,17.379351,78.485864,97.38
Ameenpur,Apartment,2184,4,3,1,3,11,25,Semi-Furnished,1,Yes,Yes,No,No,No,3.14,7.07,6.48,North,12 Hours,17.302555,78.520336,80.41
Isnapur,Apartment,882,2,1,0,0,1,19,Semi-Furnished,0,Yes,Yes,No,No,Yes,5.61,1.28,8.91,South,12 Hours,17.296558,78.414831,27.39
Nanakramguda,Apartment,795,1,1,0,12,16,12,Semi-Furnished,0,Yes,No,Yes,No,Yes,13.98,5.82,1.07,South-East,12 Hours,17.372456,78.46741,74.77
Nampally,Apartment,1132,2,2,0,2,4,23,Semi-Furnished,0,No,Yes,No,Yes,Yes,5.16,1.08,2.31,North,12 Hours,17.386354,78.412009,46.86
Puppalaguda,Villa,929,2,2,2,0,3,7,Semi-Furnished,0,No,Yes,Yes,No,Yes,13.16,3.26,5.63,South,12 Hours,17.437723,78.438353,67.38
Chandanagar,Apartment,1221,2,3,2,10,18,13,Unfurnished,2,No,No,No,No,No,6.87,7.7,8.59,West,Limited,17.483403,78.52403,60.76
Ghatkesar,Apartment,1139,2,1,0,4,8,8,Fully Furnished,2,No,Yes,Yes,No,No,5.27,6.9,5.27,North-East,Limited,17.36797,78.540272,49.95
Nanakramguda,Independent House,1095,2,3,0,10,10,12,Semi-Furnished,2,Yes,Yes,No,Yes,Yes,14.98,4.21,4.72,West,24x7,17.309582,78.427314,89.79
Raidurg,Independent House,1863,3,3,3,1,17,3,Unfurnished,0,No,No,Yes,No,No,10.62,2.25,3.5,South,Limited,17.454149,78.455953,186.67
Abids,Apartment,1273,2,1,2,1,11,2,Unfurnished,2,No,No,Yes,No,No,13.53,4.35,9.39,West,12 Hours,17.426863,78.503936,83.3
Nampally,Apartment,1198,2,1,0,1,1,20,Semi-Furnished,1,Yes,No,Yes,No,No,2.9,1.68,4.0,South-East,Limited,17.400411,78.455153,50.58
Miyapur,Independent House,968,2,2,1,17,18,2,Fully Furnished,0,No,Yes,Yes,No,No,12.99,7.55,8.59,East,24x7,17.483561,78.412136,50.9
Safilguda,Apartment,637,1,1,0,10,15,18,Unfurnished,0,No,No,Yes,No,Yes,9.57,4.72,0.87,East,12 Hours,17.460706,78.447067,25.75
Mallapur,Apartment,1837,3,2,0,16,17,4,Unfurnished,2,Yes,No,No,Yes,No,10.16,6.2,9.25,North-West,Limited,17.350801,78.464991,91.25
Maheshwaram,Apartment,1457,3,3,2,7,8,14,Semi-Furnished,2,No,No,Yes,Yes,No,13.38,4.82,4.13,South-West,24x7,17.353609,78.46884,59.24
Karmanghat,Apartment,1707,3,3,1,0,18,11,Semi-Furnished,0,Yes,Yes,No,No,Yes,9.24,5.47,4.17,North,12 Hours,17.387307,78.575413,85.79
ECIL,Apartment,2369,4,4,1,8,13,10,Fully Furnished,2,No,No,No,Yes,No,14.96,4.36,3.65,South,24x7,17.385614,78.503545,101.89
Adibatla,Apartment,1434,3,3,0,4,9,4,Unfurnished,1,No,Yes,No,No,No,4.15,3.0,0.63,North-East,12 Hours,17.294832,78.5014,47.91
ECIL,Villa,1242,2,2,0,3,13,2,Semi-Furnished,2,No,No,Yes,No,Yes,1.27,2.0,4.69,East,12 Hours,17.333386,78.561958,65.34
Tellapur,Apartment,2135,4,5,0,10,12,24,Fully Furnished,0,No,No,Yes,Yes,Yes,9.6,0.7,8.86,East,12 Hours,17.431491,78.573323,102.58
Malkajgiri,Builder Floor,970,2,1,2,14,15,4,Unfurnished,1,No,No,No,Yes,No,9.48,7.15,5.46,South-East,24x7,17.372806,78.395676,44.39
Somajiguda,Apartment,1134,2,2,1,2,19,22,Semi-Furnished,2,No,No,Yes,No,No,11.92,4.8,9.61,North,12 Hours,17.379059,78.392499,77.02
Kismatpur,Apartment,912,2,3,1,2,2,18,Semi-Furnished,2,Yes,No,Yes,Yes,Yes,11.69,2.27,6.7,North-West,12 Hours,17.381367,78.411569,42.19
Kondapur,Apartment,1767,3,2,3,4,7,17,Unfurnished,0,Yes,Yes,No,Yes,No,13.24,7.83,6.6,South-East,Limited,17.297898,78.501559,115.68
Khairatabad,Builder Floor,1816,3,3,0,8,11,25,Unfurnished,2,No,No,Yes,No,Yes,4.57,3.6,1.38,West,24x7,17.386148,78.55012,113.29
Kokapet,Apartment,1269,3,4,0,6,17,22,Unfurnished,2,No,No,Yes,No,No,11.72,2.6,0.66,West,Limited,17.408125,78.389251,101.88
Peerzadiguda,Apartment,666,1,2,1,6,7,20,Unfurnished,0,No,Yes,No,Yes,No,13.19,7.72,9.24,West,24x7,17.3686,78.499811,28.88
Kokapet,Independent House,929,2,1,2,7,20,25,Unfurnished,2,No,Yes,Yes,Yes,No,1.06,2.11,2.02,South-West,Limited,17.355047,78.57012,70.57
Pocharam,Apartment,2461,4,4,0,1,1,11,Unfurnished,0,No,Yes,No,No,Yes,3.3,3.27,6.05,West,24x7,17.419302,78.387572,103.43
Film Nagar,Apartment,1960,4,4,2,5,5,4,Semi-Furnished,1,No,No,Yes,Yes,No,14.97,7.4,2.96,South,12 Hours,17.307501,78.405677,290.44
Kollur,Villa,1641,3,2,1,3,7,20,Unfurnished,0,No,No,Yes,Yes,Yes,1.63,5.47,7.15,South-West,24x7,17.359713,78.42956,83.42
Tarnaka,Independent House,1723,3,3,0,5,7,23,Fully Furnished,0,Yes,Yes,Yes,Yes,Yes,7.99,0.53,5.94,South,Limited,17.373583,78.393535,106.33
LB Nagar,Apartment,962,2,2,0,20,20,2,Unfurnished,2,Yes,No,Yes,Yes,Yes,12.95,6.63,5.35,South-East,Limited,17.447087,78.52464,50.34
LB Nagar,Apartment,970,2,2,1,13,17,5,Fully Furnished,0,No,Yes,No,No,No,10.06,6.62,4.64,East,12 Hours,17.424623,78.448895,56.7
Champapet,Apartment,995,2,3,1,2,9,6,Fully Furnished,1,No,No,No,Yes,Yes,10.45,3.93,8.87,East,12 Hours,17.339493,78.553057,48.9
Sainikpuri,Independent House,2355,4,4,0,2,3,14,Semi-Furnished,2,Yes,No,Yes,Yes,No,13.49,3.32,7.76,South-East,12 Hours,17.383769,78.38864,138.61
Vanasthalipuram,Builder Floor,1249,2,2,1,8,18,10,Semi-Furnished,1,Yes,No,No,Yes,Yes,13.65,1.76,2.98,South-West,24x7,17.349416,78.502417,69.78
Bollaram,Apartment,1276,2,3,1,2,3,9,Fully Furnished,1,No,No,No,Yes,No,7.32,0.68,0.91,West,24x7,17.473671,78.459717,40.9
Jubilee Hills,Apartment,1177,2,2,2,0,14,12,Semi-Furnished,2,No,No,Yes,Yes,No,0.83,5.47,3.24,South-East,24x7,17.441104,78.537787,147.89
Dilsukhnagar,Apartment,1895,3,4,0,3,18,15,Semi-Furnished,1,No,No,No,No,Yes,6.77,1.94,4.62,East,Limited,17.410357,78.514301,91.31
LB Nagar,Apartment,1939,4,3,1,5,14,19,Fully Furnished,0,No,No,No,No,No,12.24,2.23,2.35,East,Limited,17.395746,78.583983,96.46
Nagole,Apartment,865,2,1,2,3,7,6,Semi-Furnished,0,Yes,No,Yes,No,No,9.52,3.55,2.63,North-West,24x7,17.440389,78.561193,41.74
Film Nagar,Apartment,1197,2,1,0,11,11,16,Semi-Furnished,0,No,Yes,Yes,Yes,Yes,1.17,5.71,8.01,North-West,12 Hours,17.301761,78.483279,117.13
Karmanghat,Apartment,2080,4,4,1,0,1,2,Fully Furnished,1,No,Yes,No,Yes,No,3.79,2.64,1.26,West,12 Hours,17.450836,78.475457,102.89
Neredmet,Apartment,1131,2,1,2,3,5,2,Fully Furnished,1,Yes,Yes,Yes,No,Yes,11.23,4.61,1.83,South-East,Limited,17.390414,78.394341,67.17
Kapra,Independent House,969,2,2,1,4,4,25,Fully Furnished,2,No,Yes,No,No,No,14.5,6.75,3.21,South-West,24x7,17.450609,78.4182,43.97
Safilguda,Apartment,2461,4,5,1,4,4,17,Unfurnished,1,Yes,Yes,Yes,Yes,No,6.93,1.09,1.88,West,12 Hours,17.403722,78.419537,103.67
Kapra,Independent House,1151,2,3,1,1,1,21,Unfurnished,1,No,No,Yes,Yes,No,4.42,1.46,3.99,East,12 Hours,17.48101,78.465444,47.08
Tellapur,Apartment,1237,2,2,1,9,17,1,Unfurnished,1,Yes,Yes,Yes,No,No,7.16,5.77,1.16,South-East,Limited,17.319265,78.52022,83.18
Ameenpur,Apartment,1795,3,3,3,6,18,12,Fully Furnished,2,Yes,No,Yes,No,Yes,12.29,4.15,9.1,South,Limited,17.41371,78.404301,78.25
Kothapet,Villa,1237,2,2,1,2,5,0,Fully Furnished,2,Yes,Yes,No,Yes,No,4.28,3.34,3.22,North-East,12 Hours,17.362853,78.449374,76.52
Miyapur,Independent House,1179,2,2,0,4,12,20,Semi-Furnished,1,No,Yes,No,No,No,7.45,1.69,0.77,North,24x7,17.363013,78.559415,71.66
Ameenpur,Villa,1001,2,2,2,3,10,21,Fully Furnished,2,Yes,Yes,Yes,No,Yes,10.07,4.98,5.59,North-East,24x7,17.345691,78.559487,53.86
Uppal,Independent House,964,2,2,0,10,15,3,Unfurnished,0,Yes,No,Yes,Yes,No,12.05,5.53,6.52,East,12 Hours,17.471162,78.43585,59.53
Banjara Hills,Villa,1103,2,1,0,5,6,22,Unfurnished,0,Yes,No,Yes,Yes,No,8.29,0.38,7.03,North-East,24x7,17.339909,78.551519,125.55
Suchitra,Builder Floor,1037,2,1,1,6,19,5,Unfurnished,0,Yes,Yes,No,No,Yes,3.69,5.14,8.51,East,Limited,17.397964,78.454541,51.67
Punjagutta,Apartment,946,2,3,1,1,1,8,Unfurnished,1,Yes,Yes,Yes,Yes,Yes,4.67,2.03,7.26,North,Limited,17.413981,78.556997,78.1
Mehdipatnam,Apartment,941,2,2,2,5,6,24,Unfurnished,0,Yes,No,Yes,No,Yes,7.68,2.74,2.13,West,Limited,17.455635,78.439619,42.13
Adibatla,Apartment,1203,2,1,2,10,19,7,Fully Furnished,0,Yes,Yes,No,No,No,15.0,6.39,8.22,West,12 Hours,17.375107,78.389029,39.24
Bowenpally,Apartment,1184,2,2,2,4,4,18,Semi-Furnished,2,Yes,No,No,Yes,Yes,10.14,4.88,6.73,West,24x7,17.417305,78.505083,68.05
Malkajgiri,Independent House,1656,3,2,0,1,10,0,Semi-Furnished,2,Yes,Yes,No,No,No,6.02,1.42,6.44,East,Limited,17.399268,78.40005,84.29
Miyapur,Apartment,1643,3,3,1,6,19,19,Semi-Furnished,0,No,Yes,Yes,No,No,5.59,5.59,4.91,West,12 Hours,17.404295,78.441696,84.39
Kollur,Independent House,2331,4,4,2,0,1,7,Unfurnished,1,No,Yes,No,Yes,Yes,9.9,1.57,7.84,South-West,24x7,17.370921,78.497565,122.59
Bollaram,Apartment,1761,3,4,3,4,4,5,Unfurnished,2,Yes,Yes,No,No,Yes,4.39,1.39,7.63,South-East,12 Hours,17.429087,78.515454,60.65
Ameenpur,Apartment,713,1,2,0,2,6,25,Fully Furnished,1,Yes,Yes,No,Yes,No,5.32,5.27,6.29,North,Limited,17.435975,78.516439,25.41
Karmanghat,Apartment,868,2,2,2,4,14,19,Semi-Furnished,2,Yes,No,Yes,Yes,Yes,6.3,4.25,3.48,South,24x7,17.395686,78.388978,35.93
Nampally,Apartment,956,2,1,2,3,5,19,Semi-Furnished,2,Yes,Yes,Yes,Yes,Yes,13.69,7.56,5.28,North,24x7,17.360208,78.575222,48.26
Masab Tank,Apartment,1209,3,3,2,0,9,10,Fully Furnished,1,No,No,No,Yes,No,11.33,5.68,7.87,North-West,24x7,17.402539,78.437136,80.95
Quthbullapur,Apartment,1295,2,2,2,1,1,8,Semi-Furnished,1,No,Yes,Yes,Yes,Yes,12.6,6.51,8.94,North-East,Limited,17.353077,78.482014,65.59
Kapra,Apartment,1344,3,3,3,2,10,14,Fully Furnished,1,Yes,Yes,No,No,No,0.84,7.74,8.77,South-West,Limited,17.387986,78.419774,56.73
Tolichowki,Apartment,1901,4,4,0,1,1,23,Fully Furnished,0,No,Yes,Yes,Yes,Yes,13.13,4.18,7.41,North-East,12 Hours,17.306585,78.573089,113.93
